departure time,arrival time,date change,departure airport,arrival airport,price,airline,distinct airline count,stop airport,stop count,carry on bag,checked bag,day,date,class,scrape_date
07:55,10:20,0,YYZ,YVR,82,F8,1,,0,0,0,1,2026-02-02,Economy(Basic),2025-12-29
09:45,12:10,0,YYZ,YVR,115,F8,1,,0,0,0,1,2026-02-02,Economy(Basic),2025-12-29
07:15,09:42,0,YYZ,YVR,118,WS,1,,0,0,0,1,2026-02-02,Economy(Basic),2025-12-29
22:15,00:38,1,YYZ,YVR,118,WS,1,,0,0,0,1,2026-02-02,Economy(Basic),2025-12-29
09:10,11:30,0,YYZ,YVR,131,"PD, TS",2,,0,0,0,1,2026-02-02,Economy(Basic),2025-12-29
10:00,12:15,0,YYZ,YVR,131,AC,1,,0,0,0,1,2026-02-02,Economy(Basic),2025-12-29
07:00,09:15,0,YYZ,YVR,131,AC,1,,0,0,0,1,2026-02-02,Economy(Basic),2025-12-29
08:00,10:00,0,YYZ,YVR,131,AC,1,,0,0,0,1,2026-02-02,Economy(Basic),2025-12-29
17:55,20:02,0,YYZ,YVR,131,AC,1,,0,0,0,1,2026-02-02,Economy(Basic),2025-12-29
18:45,20:52,0,YYZ,YVR,131,AC,1,,0,0,0,1,2026-02-02,Economy(Basic),2025-12-29
18:45,21:07,0,YYZ,YVR,131,"PD, TS",2,,0,0,0,1,2026-02-02,Economy(Basic),2025-12-29
20:20,22:20,0,YYZ,YVR,131,AC,1,,0,0,0,1,2026-02-02,Economy(Basic),2025-12-29
22:35,00:50,1,YYZ,YVR,131,AC,1,,0,0,0,1,2026-02-02,Economy(Basic),2025-12-29
12:30,20:00,0,YTZ,YVR,204,AC(Jazz),1,YOW,1,0,0,1,2026-02-02,Economy(Basic),2025-12-29
09:00,11:07,0,YYZ,YVR,211,AC,1,,0,0,0,1,2026-02-02,Economy(Basic),2025-12-29
16:40,18:57,0,YYZ,YVR,211,AC,1,,0,0,0,1,2026-02-02,Economy(Basic),2025-12-29
12:50,15:10,0,YYZ,YVR,229,"PD, TS",2,,0,0,0,1,2026-02-02,Economy(Basic),2025-12-29
14:10,16:27,0,YYZ,YVR,258,AC,1,,0,0,0,1,2026-02-02,Economy(Basic),2025-12-29
18:45,21:08,0,YYZ,YVR,289,WS,1,,0,0,0,1,2026-02-02,Economy(Basic),2025-12-29
12:30,14:47,0,YYZ,YVR,439,AC,1,,0,1,0,1,2026-02-02,Economy(Basic),2025-12-29
12:30,14:53,0,YYZ,YVR,454,WS,1,,0,1,0,1,2026-02-02,Economy(Basic),2025-12-29
09:45,12:10,0,YYZ,YVR,82,F8,1,,0,0,0,2,2026-02-03,Economy(Basic),2025-12-29
07:55,10:20,0,YYZ,YVR,115,F8,1,,0,0,0,2,2026-02-03,Economy(Basic),2025-12-29
07:15,09:42,0,YYZ,YVR,118,WS,1,,0,0,0,2,2026-02-03,Economy(Basic),2025-12-29
18:45,21:08,0,YYZ,YVR,118,WS,1,,0,0,0,2,2026-02-03,Economy(Basic),2025-12-29
22:15,00:38,1,YYZ,YVR,118,WS,1,,0,0,0,2,2026-02-03,Economy(Basic),2025-12-29
09:10,11:30,0,YYZ,YVR,131,"PD, TS",2,,0,0,0,2,2026-02-03,Economy(Basic),2025-12-29
07:00,09:15,0,YYZ,YVR,131,AC,1,,0,0,0,2,2026-02-03,Economy(Basic),2025-12-29
09:00,11:07,0,YYZ,YVR,131,AC,1,,0,0,0,2,2026-02-03,Economy(Basic),2025-12-29
10:00,12:07,0,YYZ,YVR,131,AC,1,,0,0,0,2,2026-02-03,Economy(Basic),2025-12-29
12:50,15:10,0,YYZ,YVR,131,"PD, TS",2,,0,0,0,2,2026-02-03,Economy(Basic),2025-12-29
17:55,20:02,0,YYZ,YVR,131,AC,1,,0,0,0,2,2026-02-03,Economy(Basic),2025-12-29
18:45,20:52,0,YYZ,YVR,131,AC,1,,0,0,0,2,2026-02-03,Economy(Basic),2025-12-29
18:45,21:07,0,YYZ,YVR,131,"PD, TS",2,,0,0,0,2,2026-02-03,Economy(Basic),2025-12-29
20:20,22:20,0,YYZ,YVR,131,AC,1,,0,0,0,2,2026-02-03,Economy(Basic),2025-12-29
22:35,00:50,1,YYZ,YVR,131,AC,1,,0,0,0,2,2026-02-03,Economy(Basic),2025-12-29
12:30,20:00,0,YTZ,YVR,204,AC(Jazz),1,YOW,1,0,0,2,2026-02-03,Economy(Basic),2025-12-29
08:00,10:00,0,YYZ,YVR,211,AC,1,,0,0,0,2,2026-02-03,Economy(Basic),2025-12-29
12:30,14:47,0,YYZ,YVR,211,AC,1,,0,0,0,2,2026-02-03,Economy(Basic),2025-12-29
14:10,16:27,0,YYZ,YVR,211,AC,1,,0,0,0,2,2026-02-03,Economy(Basic),2025-12-29
16:40,18:57,0,YYZ,YVR,211,AC,1,,0,0,0,2,2026-02-03,Economy(Basic),2025-12-29
07:55,10:20,0,YYZ,YVR,82,F8,1,,0,0,0,3,2026-02-04,Economy(Basic),2025-12-29
09:45,12:10,0,YYZ,YVR,82,F8,1,,0,0,0,3,2026-02-04,Economy(Basic),2025-12-29
07:15,09:42,0,YYZ,YVR,118,WS,1,,0,0,0,3,2026-02-04,Economy(Basic),2025-12-29
18:45,21:08,0,YYZ,YVR,118,WS,1,,0,0,0,3,2026-02-04,Economy(Basic),2025-12-29
22:15,00:38,1,YYZ,YVR,118,WS,1,,0,0,0,3,2026-02-04,Economy(Basic),2025-12-29
09:10,11:30,0,YYZ,YVR,131,"PD, TS",2,,0,0,0,3,2026-02-04,Economy(Basic),2025-12-29
07:00,09:15,0,YYZ,YVR,131,AC,1,,0,0,0,3,2026-02-04,Economy(Basic),2025-12-29
10:00,12:15,0,YYZ,YVR,131,AC,1,,0,0,0,3,2026-02-04,Economy(Basic),2025-12-29
14:10,16:27,0,YYZ,YVR,131,AC,1,,0,0,0,3,2026-02-04,Economy(Basic),2025-12-29
18:45,21:07,0,YYZ,YVR,131,"PD, TS",2,,0,0,0,3,2026-02-04,Economy(Basic),2025-12-29
19:20,21:27,0,YYZ,YVR,131,AC,1,,0,0,0,3,2026-02-04,Economy(Basic),2025-12-29
20:20,22:20,0,YYZ,YVR,131,AC,1,,0,0,0,3,2026-02-04,Economy(Basic),2025-12-29
22:35,00:50,1,YYZ,YVR,131,AC,1,,0,0,0,3,2026-02-04,Economy(Basic),2025-12-29
12:50,15:10,0,YYZ,YVR,201,"PD, TS",2,,0,0,0,3,2026-02-04,Economy(Basic),2025-12-29
12:30,20:00,0,YTZ,YVR,204,AC(Jazz),1,YOW,1,0,0,3,2026-02-04,Economy(Basic),2025-12-29
08:00,10:00,0,YYZ,YVR,211,AC,1,,0,0,0,3,2026-02-04,Economy(Basic),2025-12-29
09:00,11:07,0,YYZ,YVR,211,AC,1,,0,0,0,3,2026-02-04,Economy(Basic),2025-12-29
18:45,20:52,0,YYZ,YVR,211,AC,1,,0,0,0,3,2026-02-04,Economy(Basic),2025-12-29
12:40,14:55,0,YYZ,YVR,258,AC,1,,0,0,0,3,2026-02-04,Economy(Basic),2025-12-29
16:40,18:57,0,YYZ,YVR,258,AC,1,,0,0,0,3,2026-02-04,Economy(Basic),2025-12-29
07:55,10:20,0,YYZ,YVR,82,F8,1,,0,0,0,4,2026-02-05,Economy(Basic),2025-12-29
21:00,23:25,0,YYZ,YVR,82,F8,1,,0,0,0,4,2026-02-05,Economy(Basic),2025-12-29
07:15,09:42,0,YYZ,YVR,118,WS,1,,0,0,0,4,2026-02-05,Economy(Basic),2025-12-29
22:15,00:38,1,YYZ,YVR,118,WS,1,,0,0,0,4,2026-02-05,Economy(Basic),2025-12-29
07:00,09:15,0,YYZ,YVR,131,AC,1,,0,0,0,4,2026-02-05,Economy(Basic),2025-12-29
09:10,11:30,0,YYZ,YVR,131,"PD, TS",2,,0,0,0,4,2026-02-05,Economy(Basic),2025-12-29
20:15,22:37,0,YYZ,YVR,131,"PD, TS",2,,0,0,0,4,2026-02-05,Economy(Basic),2025-12-29
22:35,00:50,1,YYZ,YVR,131,AC,1,,0,0,0,4,2026-02-05,Economy(Basic),2025-12-29
12:50,15:10,0,YYZ,YVR,175,"PD, TS",2,,0,0,0,4,2026-02-05,Economy(Basic),2025-12-29
09:00,11:07,0,YYZ,YVR,211,AC,1,,0,0,0,4,2026-02-05,Economy(Basic),2025-12-29
16:40,18:57,0,YYZ,YVR,211,AC,1,,0,0,0,4,2026-02-05,Economy(Basic),2025-12-29
17:55,20:02,0,YYZ,YVR,211,AC,1,,0,0,0,4,2026-02-05,Economy(Basic),2025-12-29
18:45,20:52,0,YYZ,YVR,211,AC,1,,0,0,0,4,2026-02-05,Economy(Basic),2025-12-29
20:20,22:20,0,YYZ,YVR,211,AC,1,,0,0,0,4,2026-02-05,Economy(Basic),2025-12-29
12:30,20:00,0,YTZ,YVR,252,AC(Jazz),1,YOW,1,0,0,4,2026-02-05,Economy(Basic),2025-12-29
08:00,10:00,0,YYZ,YVR,258,AC,1,,0,0,0,4,2026-02-05,Economy(Basic),2025-12-29
10:00,12:15,0,YYZ,YVR,258,AC,1,,0,0,0,4,2026-02-05,Economy(Basic),2025-12-29
12:30,14:47,0,YYZ,YVR,258,AC,1,,0,0,0,4,2026-02-05,Economy(Basic),2025-12-29
14:10,16:27,0,YYZ,YVR,258,AC,1,,0,0,0,4,2026-02-05,Economy(Basic),2025-12-29
18:45,21:08,0,YYZ,YVR,369,WS,1,,0,0,0,4,2026-02-05,Economy(Basic),2025-12-29
12:30,14:53,0,YYZ,YVR,454,WS,1,,0,1,0,4,2026-02-05,Economy(Basic),2025-12-29
09:45,12:10,0,YYZ,YVR,82,F8,1,,0,0,0,5,2026-02-06,Economy(Basic),2025-12-29
07:55,10:20,0,YYZ,YVR,82,F8,1,,0,0,0,5,2026-02-06,Economy(Basic),2025-12-29
21:00,23:25,0,YYZ,YVR,82,F8,1,,0,0,0,5,2026-02-06,Economy(Basic),2025-12-29
22:15,00:38,1,YYZ,YVR,118,WS,1,,0,0,0,5,2026-02-06,Economy(Basic),2025-12-29
07:15,09:42,0,YYZ,YVR,118,WS,1,,0,0,0,5,2026-02-06,Economy(Basic),2025-12-29
09:10,11:30,0,YYZ,YVR,131,"PD, TS",2,,0,0,0,5,2026-02-06,Economy(Basic),2025-12-29
07:00,09:15,0,YYZ,YVR,131,AC,1,,0,0,0,5,2026-02-06,Economy(Basic),2025-12-29
09:00,11:07,0,YYZ,YVR,131,AC,1,,0,0,0,5,2026-02-06,Economy(Basic),2025-12-29
10:00,12:15,0,YYZ,YVR,131,AC,1,,0,0,0,5,2026-02-06,Economy(Basic),2025-12-29
18:45,21:07,0,YYZ,YVR,131,"PD, TS",2,,0,0,0,5,2026-02-06,Economy(Basic),2025-12-29
20:20,22:20,0,YYZ,YVR,131,AC,1,,0,0,0,5,2026-02-06,Economy(Basic),2025-12-29
22:35,00:50,1,YYZ,YVR,131,AC,1,,0,0,0,5,2026-02-06,Economy(Basic),2025-12-29
12:50,15:10,0,YYZ,YVR,201,"PD, TS",2,,0,0,0,5,2026-02-06,Economy(Basic),2025-12-29
12:30,20:00,0,YTZ,YVR,204,AC(Jazz),1,YOW,1,0,0,5,2026-02-06,Economy(Basic),2025-12-29
08:00,10:00,0,YYZ,YVR,211,AC,1,,0,0,0,5,2026-02-06,Economy(Basic),2025-12-29
17:55,20:02,0,YYZ,YVR,211,AC,1,,0,0,0,5,2026-02-06,Economy(Basic),2025-12-29
18:45,20:52,0,YYZ,YVR,211,AC,1,,0,0,0,5,2026-02-06,Economy(Basic),2025-12-29
14:10,16:27,0,YYZ,YVR,258,AC,1,,0,0,0,5,2026-02-06,Economy(Basic),2025-12-29
16:40,18:57,0,YYZ,YVR,258,AC,1,,0,0,0,5,2026-02-06,Economy(Basic),2025-12-29
12:30,14:47,0,YYZ,YVR,262,AC,1,,0,0,0,5,2026-02-06,Economy(Basic),2025-12-29
12:30,14:53,0,YYZ,YVR,289,WS,1,,0,0,0,5,2026-02-06,Economy(Basic),2025-12-29
18:45,21:08,0,YYZ,YVR,289,WS,1,,0,0,0,5,2026-02-06,Economy(Basic),2025-12-29
07:55,10:20,0,YYZ,YVR,82,F8,1,,0,0,0,6,2026-02-07,Economy(Basic),2025-12-29
22:15,00:38,1,YYZ,YVR,118,WS,1,,0,0,0,6,2026-02-07,Economy(Basic),2025-12-29
18:45,21:08,0,YYZ,YVR,118,WS,1,,0,0,0,6,2026-02-07,Economy(Basic),2025-12-29
09:00,11:07,0,YYZ,YVR,131,AC,1,,0,0,0,6,2026-02-07,Economy(Basic),2025-12-29
09:10,11:30,0,YYZ,YVR,131,"PD, TS",2,,0,0,0,6,2026-02-07,Economy(Basic),2025-12-29
07:00,09:15,0,YYZ,YVR,131,AC,1,,0,0,0,6,2026-02-07,Economy(Basic),2025-12-29
12:30,14:47,0,YYZ,YVR,131,AC,1,,0,0,0,6,2026-02-07,Economy(Basic),2025-12-29
17:55,20:02,0,YYZ,YVR,131,AC,1,,0,0,0,6,2026-02-07,Economy(Basic),2025-12-29
18:45,20:52,0,YYZ,YVR,131,AC,1,,0,0,0,6,2026-02-07,Economy(Basic),2025-12-29
19:25,21:47,0,YYZ,YVR,131,"PD, TS",2,,0,0,0,6,2026-02-07,Economy(Basic),2025-12-29
20:20,22:20,0,YYZ,YVR,131,AC,1,,0,0,0,6,2026-02-07,Economy(Basic),2025-12-29
22:35,00:50,1,YYZ,YVR,131,AC,1,,0,0,0,6,2026-02-07,Economy(Basic),2025-12-29
12:50,15:10,0,YYZ,YVR,201,"PD, TS",2,,0,0,0,6,2026-02-07,Economy(Basic),2025-12-29
12:30,20:00,0,YTZ,YVR,204,AC(Jazz),1,YOW,1,0,0,6,2026-02-07,Economy(Basic),2025-12-29
08:00,10:00,0,YYZ,YVR,211,AC,1,,0,0,0,6,2026-02-07,Economy(Basic),2025-12-29
16:40,18:57,0,YYZ,YVR,211,AC,1,,0,0,0,6,2026-02-07,Economy(Basic),2025-12-29
10:00,12:15,0,YYZ,YVR,258,AC,1,,0,0,0,6,2026-02-07,Economy(Basic),2025-12-29
14:10,16:27,0,YYZ,YVR,258,AC,1,,0,0,0,6,2026-02-07,Economy(Basic),2025-12-29
12:30,14:53,0,YYZ,YVR,454,WS,1,,0,1,0,6,2026-02-07,Economy(Basic),2025-12-29
09:45,12:10,0,YYZ,YVR,82,F8,1,,0,0,0,7,2026-02-08,Economy(Basic),2025-12-29
07:55,10:20,0,YYZ,YVR,82,F8,1,,0,0,0,7,2026-02-08,Economy(Basic),2025-12-29
21:00,23:25,0,YYZ,YVR,82,F8,1,,0,0,0,7,2026-02-08,Economy(Basic),2025-12-29
18:45,21:08,0,YYZ,YVR,118,WS,1,,0,0,0,7,2026-02-08,Economy(Basic),2025-12-29
07:15,09:42,0,YYZ,YVR,118,WS,1,,0,0,0,7,2026-02-08,Economy(Basic),2025-12-29
22:15,00:38,1,YYZ,YVR,118,WS,1,,0,0,0,7,2026-02-08,Economy(Basic),2025-12-29
09:10,11:30,0,YYZ,YVR,131,"PD, TS",2,,0,0,0,7,2026-02-08,Economy(Basic),2025-12-29
07:00,09:15,0,YYZ,YVR,131,AC,1,,0,0,0,7,2026-02-08,Economy(Basic),2025-12-29
08:00,10:00,0,YYZ,YVR,131,AC,1,,0,0,0,7,2026-02-08,Economy(Basic),2025-12-29
20:15,22:37,0,YYZ,YVR,131,"PD, TS",2,,0,0,0,7,2026-02-08,Economy(Basic),2025-12-29
20:20,22:20,0,YYZ,YVR,131,AC,1,,0,0,0,7,2026-02-08,Economy(Basic),2025-12-29
09:00,11:07,0,YYZ,YVR,211,AC,1,,0,0,0,7,2026-02-08,Economy(Basic),2025-12-29
17:55,20:02,0,YYZ,YVR,211,AC,1,,0,0,0,7,2026-02-08,Economy(Basic),2025-12-29
22:35,00:50,1,YYZ,YVR,211,AC,1,,0,0,0,7,2026-02-08,Economy(Basic),2025-12-29
12:50,15:10,0,YYZ,YVR,229,"PD, TS",2,,0,0,0,7,2026-02-08,Economy(Basic),2025-12-29
12:30,20:00,0,YTZ,YVR,252,AC(Jazz),1,YOW,1,0,0,7,2026-02-08,Economy(Basic),2025-12-29
10:00,12:15,0,YYZ,YVR,262,AC,1,,0,0,0,7,2026-02-08,Economy(Basic),2025-12-29
12:30,14:47,0,YYZ,YVR,262,AC,1,,0,0,0,7,2026-02-08,Economy(Basic),2025-12-29
16:40,18:57,0,YYZ,YVR,262,AC,1,,0,0,0,7,2026-02-08,Economy(Basic),2025-12-29
18:45,20:52,0,YYZ,YVR,262,AC,1,,0,0,0,7,2026-02-08,Economy(Basic),2025-12-29
14:10,16:27,0,YYZ,YVR,439,AC,1,,0,1,0,7,2026-02-08,Economy(Basic),2025-12-29
07:15,09:42,0,YYZ,YVR,241,WS,1,,0,1,1,1,2026-02-02,Economy,2025-12-29
18:30,22:38,0,YYZ,YVR,241,WS,1,YEG,1,1,1,1,2026-02-02,Economy,2025-12-29
22:15,00:38,1,YYZ,YVR,241,WS,1,,0,1,1,1,2026-02-02,Economy,2025-12-29
09:10,11:30,0,YYZ,YVR,250,"PD, TS",2,,0,1,1,1,2026-02-02,Economy,2025-12-29
18:45,21:07,0,YYZ,YVR,250,"PD, TS",2,,0,1,1,1,2026-02-02,Economy,2025-12-29
10:00,12:15,0,YYZ,YVR,255,AC,1,,0,1,1,1,2026-02-02,Economy,2025-12-29
07:00,09:15,0,YYZ,YVR,255,AC,1,,0,1,1,1,2026-02-02,Economy,2025-12-29
08:00,10:00,0,YYZ,YVR,255,AC,1,,0,1,1,1,2026-02-02,Economy,2025-12-29
17:55,20:02,0,YYZ,YVR,255,AC,1,,0,1,1,1,2026-02-02,Economy,2025-12-29
18:45,20:52,0,YYZ,YVR,255,AC,1,,0,1,1,1,2026-02-02,Economy,2025-12-29
07:15,09:42,0,YYZ,YVR,241,WS,1,,0,1,1,2,2026-02-03,Economy,2025-12-29
07:45,12:40,0,YYZ,YVR,241,WS,1,YYC,1,1,1,2,2026-02-03,Economy,2025-12-29
08:00,13:23,0,YYZ,YVR,241,WS,1,YEG,1,1,1,2,2026-02-03,Economy,2025-12-29
10:00,14:40,0,YYZ,YVR,241,WS,1,YYC,1,1,1,2,2026-02-03,Economy,2025-12-29
13:30,19:40,0,YYZ,YVR,241,WS,1,YYC,1,1,1,2,2026-02-03,Economy,2025-12-29
18:45,21:08,0,YYZ,YVR,241,WS,1,,0,1,1,2,2026-02-03,Economy,2025-12-29
22:15,00:38,1,YYZ,YVR,241,WS,1,,0,1,1,2,2026-02-03,Economy,2025-12-29
09:10,11:30,0,YYZ,YVR,250,"PD, TS",2,,0,1,1,2,2026-02-03,Economy,2025-12-29
12:50,15:10,0,YYZ,YVR,250,"PD, TS",2,,0,1,1,2,2026-02-03,Economy,2025-12-29
18:45,21:07,0,YYZ,YVR,250,"PD, TS",2,,0,1,1,2,2026-02-03,Economy,2025-12-29
09:00,11:07,0,YYZ,YVR,255,AC,1,,0,1,1,2,2026-02-03,Economy,2025-12-29
07:15,09:42,0,YYZ,YVR,241,WS,1,,0,1,1,3,2026-02-04,Economy,2025-12-29
07:45,12:40,0,YYZ,YVR,241,WS,1,YYC,1,1,1,3,2026-02-04,Economy,2025-12-29
08:00,13:23,0,YYZ,YVR,241,WS,1,YEG,1,1,1,3,2026-02-04,Economy,2025-12-29
10:00,15:40,0,YYZ,YVR,241,WS,1,YYC,1,1,1,3,2026-02-04,Economy,2025-12-29
13:30,19:40,0,YYZ,YVR,241,WS,1,YYC,1,1,1,3,2026-02-04,Economy,2025-12-29
18:45,21:08,0,YYZ,YVR,241,WS,1,,0,1,1,3,2026-02-04,Economy,2025-12-29
22:15,00:38,1,YYZ,YVR,241,WS,1,,0,1,1,3,2026-02-04,Economy,2025-12-29
09:10,11:30,0,YYZ,YVR,250,"PD, TS",2,,0,1,1,3,2026-02-04,Economy,2025-12-29
18:45,21:07,0,YYZ,YVR,250,"PD, TS",2,,0,1,1,3,2026-02-04,Economy,2025-12-29
10:00,12:15,0,YYZ,YVR,255,AC,1,,0,1,1,3,2026-02-04,Economy,2025-12-29
07:00,09:15,0,YYZ,YVR,255,AC,1,,0,1,1,3,2026-02-04,Economy,2025-12-29
07:15,09:42,0,YYZ,YVR,241,WS,1,,0,1,1,4,2026-02-05,Economy,2025-12-29
07:45,12:40,0,YYZ,YVR,241,WS,1,YYC,1,1,1,4,2026-02-05,Economy,2025-12-29
08:00,13:23,0,YYZ,YVR,241,WS,1,YEG,1,1,1,4,2026-02-05,Economy,2025-12-29
10:00,16:40,0,YYZ,YVR,241,WS,1,YYC,1,1,1,4,2026-02-05,Economy,2025-12-29
17:00,20:55,0,YYZ,YVR,241,WS,1,YYC,1,1,1,4,2026-02-05,Economy,2025-12-29
18:30,22:38,0,YYZ,YVR,241,WS,1,YEG,1,1,1,4,2026-02-05,Economy,2025-12-29
22:15,00:38,1,YYZ,YVR,241,WS,1,,0,1,1,4,2026-02-05,Economy,2025-12-29
09:10,11:30,0,YYZ,YVR,250,"PD, TS",2,,0,1,1,4,2026-02-05,Economy,2025-12-29
20:15,22:37,0,YYZ,YVR,250,"PD, TS",2,,0,1,1,4,2026-02-05,Economy,2025-12-29
07:00,09:15,0,YYZ,YVR,255,AC,1,,0,1,1,4,2026-02-05,Economy,2025-12-29
22:35,00:50,1,YYZ,YVR,255,AC,1,,0,1,1,4,2026-02-05,Economy,2025-12-29
12:50,15:10,0,YYZ,YVR,294,"PD, TS",2,,0,1,1,4,2026-02-05,Economy,2025-12-29
07:15,09:42,0,YYZ,YVR,241,WS,1,,0,1,1,5,2026-02-06,Economy,2025-12-29
13:30,18:40,0,YYZ,YVR,241,WS,1,YYC,1,1,1,5,2026-02-06,Economy,2025-12-29
14:30,18:43,0,YYZ,YVR,241,WS,1,YEG,1,1,1,5,2026-02-06,Economy,2025-12-29
17:00,20:55,0,YYZ,YVR,241,WS,1,YYC,1,1,1,5,2026-02-06,Economy,2025-12-29
18:30,22:38,0,YYZ,YVR,241,WS,1,YEG,1,1,1,5,2026-02-06,Economy,2025-12-29
22:15,00:38,1,YYZ,YVR,241,WS,1,,0,1,1,5,2026-02-06,Economy,2025-12-29
09:10,11:30,0,YYZ,YVR,250,"PD, TS",2,,0,1,1,5,2026-02-06,Economy,2025-12-29
18:45,21:07,0,YYZ,YVR,250,"PD, TS",2,,0,1,1,5,2026-02-06,Economy,2025-12-29
09:00,11:07,0,YYZ,YVR,255,AC,1,,0,1,1,5,2026-02-06,Economy,2025-12-29
07:00,09:15,0,YYZ,YVR,255,AC,1,,0,1,1,5,2026-02-06,Economy,2025-12-29
10:00,12:15,0,YYZ,YVR,255,AC,1,,0,1,1,5,2026-02-06,Economy,2025-12-29
22:15,00:38,1,YYZ,YVR,241,WS,1,,0,1,1,6,2026-02-07,Economy,2025-12-29
06:30,12:40,0,YYZ,YVR,241,WS,1,YYC,1,1,1,6,2026-02-07,Economy,2025-12-29
08:00,13:23,0,YYZ,YVR,241,WS,1,YEG,1,1,1,6,2026-02-07,Economy,2025-12-29
18:45,21:08,0,YYZ,YVR,241,WS,1,,0,1,1,6,2026-02-07,Economy,2025-12-29
09:10,11:30,0,YYZ,YVR,250,"PD, TS",2,,0,1,1,6,2026-02-07,Economy,2025-12-29
19:25,21:47,0,YYZ,YVR,250,"PD, TS",2,,0,1,1,6,2026-02-07,Economy,2025-12-29
09:00,11:07,0,YYZ,YVR,255,AC,1,,0,1,1,6,2026-02-07,Economy,2025-12-29
07:00,09:15,0,YYZ,YVR,255,AC,1,,0,1,1,6,2026-02-07,Economy,2025-12-29
12:30,14:47,0,YYZ,YVR,255,AC,1,,0,1,1,6,2026-02-07,Economy,2025-12-29
17:55,20:02,0,YYZ,YVR,255,AC,1,,0,1,1,6,2026-02-07,Economy,2025-12-29
17:00,20:55,0,YYZ,YVR,241,WS,1,YYC,1,1,1,7,2026-02-08,Economy,2025-12-29
18:45,21:08,0,YYZ,YVR,241,WS,1,,0,1,1,7,2026-02-08,Economy,2025-12-29
07:15,09:42,0,YYZ,YVR,241,WS,1,,0,1,1,7,2026-02-08,Economy,2025-12-29
07:45,12:40,0,YYZ,YVR,241,WS,1,YYC,1,1,1,7,2026-02-08,Economy,2025-12-29
08:00,13:23,0,YYZ,YVR,241,WS,1,YEG,1,1,1,7,2026-02-08,Economy,2025-12-29
09:40,15:53,0,YYZ,YVR,241,WS,1,YWG,1,1,1,7,2026-02-08,Economy,2025-12-29
22:15,00:38,1,YYZ,YVR,241,WS,1,,0,1,1,7,2026-02-08,Economy,2025-12-29
09:10,11:30,0,YYZ,YVR,250,"PD, TS",2,,0,1,1,7,2026-02-08,Economy,2025-12-29
20:15,22:37,0,YYZ,YVR,250,"PD, TS",2,,0,1,1,7,2026-02-08,Economy,2025-12-29
20:20,22:20,0,YYZ,YVR,255,AC,1,,0,1,1,7,2026-02-08,Economy,2025-12-29
07:00,09:15,0,YYZ,YVR,255,AC,1,,0,1,1,7,2026-02-08,Economy,2025-12-29
09:10,11:30,0,YYZ,YVR,323,"PD, TS",2,,0,1,2,1,2026-02-02,Economy(Premium),2025-12-29
18:45,21:07,0,YYZ,YVR,323,"PD, TS",2,,0,1,2,1,2026-02-02,Economy(Premium),2025-12-29
07:15,09:42,0,YYZ,YVR,432,WS,1,,0,1,2,1,2026-02-02,Economy(Premium),2025-12-29
09:40,15:40,0,YYZ,YVR,432,WS,1,"YWG, YYC",2,1,2,1,2026-02-02,Economy(Premium),2025-12-29
22:15,00:38,1,YYZ,YVR,432,WS,1,,0,1,2,1,2026-02-02,Economy(Premium),2025-12-29
12:50,15:10,0,YYZ,YVR,467,"PD, TS",2,,0,1,2,1,2026-02-02,Economy(Premium),2025-12-29
18:45,21:08,0,YYZ,YVR,736,WS,1,,0,1,2,1,2026-02-02,Economy(Premium),2025-12-29
17:00,20:55,0,YYZ,YVR,743,WS,1,YYC,1,1,2,1,2026-02-02,Economy(Premium),2025-12-29
08:00,10:00,0,YYZ,YVR,906,AC,1,,0,1,2,1,2026-02-02,Economy(Premium),2025-12-29
18:45,20:52,0,YYZ,YVR,906,AC,1,,0,1,2,1,2026-02-02,Economy(Premium),2025-12-29
20:20,22:20,0,YYZ,YVR,906,AC,1,,0,1,2,1,2026-02-02,Economy(Premium),2025-12-29
12:30,20:00,0,YTZ,YVR,947,AC(Jazz),1,YOW,1,1,2,1,2026-02-02,Economy(Premium),2025-12-29
09:00,11:07,0,YYZ,YVR,1239,AC,1,,0,1,2,1,2026-02-02,Economy(Premium),2025-12-29
17:55,20:02,0,YYZ,YVR,1239,AC,1,,0,1,2,1,2026-02-02,Economy(Premium),2025-12-29
09:10,11:30,0,YYZ,YVR,323,"PD, TS",2,,0,1,2,2,2026-02-03,Economy(Premium),2025-12-29
12:50,15:10,0,YYZ,YVR,323,"PD, TS",2,,0,1,2,2,2026-02-03,Economy(Premium),2025-12-29
18:45,21:07,0,YYZ,YVR,323,"PD, TS",2,,0,1,2,2,2026-02-03,Economy(Premium),2025-12-29
07:15,09:42,0,YYZ,YVR,432,WS,1,,0,1,2,2,2026-02-03,Economy(Premium),2025-12-29
13:30,19:40,0,YYZ,YVR,432,WS,1,YYC,1,1,2,2,2026-02-03,Economy(Premium),2025-12-29
18:45,21:08,0,YYZ,YVR,432,WS,1,,0,1,2,2,2026-02-03,Economy(Premium),2025-12-29
22:15,00:38,1,YYZ,YVR,432,WS,1,,0,1,2,2,2026-02-03,Economy(Premium),2025-12-29
22:45,06:44,1,YYZ,YVR,470,WS,1,YXE,1,1,2,2,2026-02-03,Economy(Premium),2025-12-29
08:00,10:00,0,YYZ,YVR,906,AC,1,,0,1,2,2,2026-02-03,Economy(Premium),2025-12-29
09:00,11:07,0,YYZ,YVR,906,AC,1,,0,1,2,2,2026-02-03,Economy(Premium),2025-12-29
10:00,12:07,0,YYZ,YVR,906,AC,1,,0,1,2,2,2026-02-03,Economy(Premium),2025-12-29
18:45,20:52,0,YYZ,YVR,906,AC,1,,0,1,2,2,2026-02-03,Economy(Premium),2025-12-29
20:20,22:20,0,YYZ,YVR,906,AC,1,,0,1,2,2,2026-02-03,Economy(Premium),2025-12-29
12:30,20:00,0,YTZ,YVR,947,AC(Jazz),1,YOW,1,1,2,2,2026-02-03,Economy(Premium),2025-12-29
17:55,20:02,0,YYZ,YVR,1239,AC,1,,0,1,2,2,2026-02-03,Economy(Premium),2025-12-29
09:10,11:30,0,YYZ,YVR,323,"PD, TS",2,,0,1,2,3,2026-02-04,Economy(Premium),2025-12-29
18:45,21:07,0,YYZ,YVR,323,"PD, TS",2,,0,1,2,3,2026-02-04,Economy(Premium),2025-12-29
12:50,15:10,0,YYZ,YVR,410,"PD, TS",2,,0,1,2,3,2026-02-04,Economy(Premium),2025-12-29
18:45,21:08,0,YYZ,YVR,432,WS,1,,0,1,2,3,2026-02-04,Economy(Premium),2025-12-29
06:30,10:43,0,YYZ,YVR,432,WS,1,YYC,1,1,2,3,2026-02-04,Economy(Premium),2025-12-29
13:30,19:40,0,YYZ,YVR,432,WS,1,YYC,1,1,2,3,2026-02-04,Economy(Premium),2025-12-29
22:15,00:38,1,YYZ,YVR,432,WS,1,,0,1,2,3,2026-02-04,Economy(Premium),2025-12-29
13:30,18:49,0,YYZ,YVR,481,"WS(Encore)",1,"YYC, YLW",2,1,2,3,2026-02-04,Economy(Premium),2025-12-29
08:00,10:00,0,YYZ,YVR,906,AC,1,,0,1,2,3,2026-02-04,Economy(Premium),2025-12-29
20:20,22:20,0,YYZ,YVR,906,AC,1,,0,1,2,3,2026-02-04,Economy(Premium),2025-12-29
12:30,20:00,0,YTZ,YVR,947,AC(Jazz),1,YOW,1,1,2,3,2026-02-04,Economy(Premium),2025-12-29
09:00,11:07,0,YYZ,YVR,1239,AC,1,,0,1,2,3,2026-02-04,Economy(Premium),2025-12-29
18:45,20:52,0,YYZ,YVR,1239,AC,1,,0,1,2,3,2026-02-04,Economy(Premium),2025-12-29
19:20,21:27,0,YYZ,YVR,1239,AC,1,,0,1,2,3,2026-02-04,Economy(Premium),2025-12-29
07:15,09:42,0,YYZ,YVR,1364,WS,1,,0,1,2,3,2026-02-04,Economy(Premium),2025-12-29
09:10,11:30,0,YYZ,YVR,323,"PD, TS",2,,0,1,2,4,2026-02-05,Economy(Premium),2025-12-29
20:15,22:37,0,YYZ,YVR,323,"PD, TS",2,,0,1,2,4,2026-02-05,Economy(Premium),2025-12-29
12:50,15:10,0,YYZ,YVR,375,"PD, TS",2,,0,1,2,4,2026-02-05,Economy(Premium),2025-12-29
07:15,09:42,0,YYZ,YVR,432,WS,1,,0,1,2,4,2026-02-05,Economy(Premium),2025-12-29
17:00,20:55,0,YYZ,YVR,432,WS,1,YYC,1,1,2,4,2026-02-05,Economy(Premium),2025-12-29
22:15,00:38,1,YYZ,YVR,432,WS,1,,0,1,2,4,2026-02-05,Economy(Premium),2025-12-29
22:45,08:28,1,YYZ,YVR,470,WS,1,"YXE, YYC",2,1,2,4,2026-02-05,Economy(Premium),2025-12-29
08:00,10:00,0,YYZ,YVR,906,AC,1,,0,1,2,4,2026-02-05,Economy(Premium),2025-12-29
20:20,22:20,0,YYZ,YVR,906,AC,1,,0,1,2,4,2026-02-05,Economy(Premium),2025-12-29
20:30,10:15,1,YTZ,YVR,954,AC(Jazz),1,YUL,1,1,2,4,2026-02-05,Economy(Premium),2025-12-29
09:00,11:07,0,YYZ,YVR,1239,AC,1,,0,1,2,4,2026-02-05,Economy(Premium),2025-12-29
17:55,20:02,0,YYZ,YVR,1239,AC,1,,0,1,2,4,2026-02-05,Economy(Premium),2025-12-29
18:45,20:52,0,YYZ,YVR,1239,AC,1,,0,1,2,4,2026-02-05,Economy(Premium),2025-12-29
12:30,14:53,0,YYZ,YVR,1364,WS,1,,0,1,2,4,2026-02-05,Economy(Premium),2025-12-29
18:45,21:08,0,YYZ,YVR,1364,WS,1,,0,1,2,4,2026-02-05,Economy(Premium),2025-12-29
09:10,11:30,0,YYZ,YVR,323,"PD, TS",2,,0,1,2,5,2026-02-06,Economy(Premium),2025-12-29
18:45,21:07,0,YYZ,YVR,323,"PD, TS",2,,0,1,2,5,2026-02-06,Economy(Premium),2025-12-29
12:50,15:10,0,YYZ,YVR,410,"PD, TS",2,,0,1,2,5,2026-02-06,Economy(Premium),2025-12-29
22:45,06:44,1,YYZ,YVR,427,WS,1,YXE,1,1,0,5,2026-02-06,Economy(Premium),2025-12-29
07:15,09:42,0,YYZ,YVR,432,WS,1,,0,1,2,5,2026-02-06,Economy(Premium),2025-12-29
14:30,18:43,0,YYZ,YVR,432,WS,1,YEG,1,1,2,5,2026-02-06,Economy(Premium),2025-12-29
17:00,20:55,0,YYZ,YVR,432,WS,1,YYC,1,1,2,5,2026-02-06,Economy(Premium),2025-12-29
22:15,00:38,1,YYZ,YVR,432,WS,1,,0,1,2,5,2026-02-06,Economy(Premium),2025-12-29
18:45,21:08,0,YYZ,YVR,736,WS,1,,0,1,2,5,2026-02-06,Economy(Premium),2025-12-29
08:00,10:00,0,YYZ,YVR,906,AC,1,,0,1,2,5,2026-02-06,Economy(Premium),2025-12-29
18:45,20:52,0,YYZ,YVR,906,AC,1,,0,1,2,5,2026-02-06,Economy(Premium),2025-12-29
20:20,22:20,0,YYZ,YVR,906,AC,1,,0,1,2,5,2026-02-06,Economy(Premium),2025-12-29
12:30,20:00,0,YTZ,YVR,947,AC(Jazz),1,YOW,1,1,2,5,2026-02-06,Economy(Premium),2025-12-29
09:00,11:07,0,YYZ,YVR,1985,AC,1,,0,1,2,5,2026-02-06,Economy(Premium),2025-12-29
17:55,20:02,0,YYZ,YVR,1985,AC,1,,0,1,2,5,2026-02-06,Economy(Premium),2025-12-29
09:10,11:30,0,YYZ,YVR,323,"PD, TS",2,,0,1,2,6,2026-02-07,Economy(Premium),2025-12-29
19:25,21:47,0,YYZ,YVR,323,"PD, TS",2,,0,1,2,6,2026-02-07,Economy(Premium),2025-12-29
08:00,16:09,0,YYZ,YVR,401,"WS(Encore)",1,"YEG, YLW",2,1,0,6,2026-02-07,Economy(Premium),2025-12-29
12:50,15:10,0,YYZ,YVR,410,"PD, TS",2,,0,1,2,6,2026-02-07,Economy(Premium),2025-12-29
18:45,21:08,0,YYZ,YVR,432,WS,1,,0,1,2,6,2026-02-07,Economy(Premium),2025-12-29
22:15,00:38,1,YYZ,YVR,432,WS,1,,0,1,2,6,2026-02-07,Economy(Premium),2025-12-29
22:45,10:43,1,YYZ,YVR,474,WS,1,"YQR, YYC",2,1,2,6,2026-02-07,Economy(Premium),2025-12-29
08:00,10:00,0,YYZ,YVR,906,AC,1,,0,1,2,6,2026-02-07,Economy(Premium),2025-12-29
20:20,22:20,0,YYZ,YVR,906,AC,1,,0,1,2,6,2026-02-07,Economy(Premium),2025-12-29
12:30,20:00,0,YTZ,YVR,947,AC(Jazz),1,YOW,1,1,2,6,2026-02-07,Economy(Premium),2025-12-29
17:55,20:02,0,YYZ,YVR,1239,AC,1,,0,1,2,6,2026-02-07,Economy(Premium),2025-12-29
18:45,20:52,0,YYZ,YVR,1239,AC,1,,0,1,2,6,2026-02-07,Economy(Premium),2025-12-29
12:30,14:53,0,YYZ,YVR,1364,WS,1,,0,1,2,6,2026-02-07,Economy(Premium),2025-12-29
09:00,11:07,0,YYZ,YVR,1985,AC,1,,0,1,2,6,2026-02-07,Economy(Premium),2025-12-29
20:15,22:37,0,YYZ,YVR,323,"PD, TS",2,,0,1,2,7,2026-02-08,Economy(Premium),2025-12-29
08:00,13:23,0,YYZ,YVR,432,WS,1,YEG,1,1,2,7,2026-02-08,Economy(Premium),2025-12-29
18:45,21:08,0,YYZ,YVR,432,WS,1,,0,1,2,7,2026-02-08,Economy(Premium),2025-12-29
07:15,09:42,0,YYZ,YVR,432,WS,1,,0,1,2,7,2026-02-08,Economy(Premium),2025-12-29
07:45,12:40,0,YYZ,YVR,432,WS,1,YYC,1,1,2,7,2026-02-08,Economy(Premium),2025-12-29
22:15,00:38,1,YYZ,YVR,432,WS,1,,0,1,2,7,2026-02-08,Economy(Premium),2025-12-29
12:50,15:10,0,YYZ,YVR,467,"PD, TS",2,,0,1,2,7,2026-02-08,Economy(Premium),2025-12-29
09:10,11:30,0,YYZ,YVR,512,"PD, TS",2,,0,1,2,7,2026-02-08,Economy(Premium),2025-12-29
08:00,10:00,0,YYZ,YVR,906,AC,1,,0,1,2,7,2026-02-08,Economy(Premium),2025-12-29
09:00,11:07,0,YYZ,YVR,906,AC,1,,0,1,2,7,2026-02-08,Economy(Premium),2025-12-29
17:55,20:02,0,YYZ,YVR,906,AC,1,,0,1,2,7,2026-02-08,Economy(Premium),2025-12-29
18:45,20:52,0,YYZ,YVR,906,AC,1,,0,1,2,7,2026-02-08,Economy(Premium),2025-12-29
20:20,22:20,0,YYZ,YVR,906,AC,1,,0,1,2,7,2026-02-08,Economy(Premium),2025-12-29
12:30,20:00,0,YTZ,YVR,947,AC(Jazz),1,YOW,1,1,2,7,2026-02-08,Economy(Premium),2025-12-29
07:55,10:20,0,YYZ,YVR,82,F8,1,,0,0,0,1,2026-02-02,Economy(Basic),2025-12-30
09:45,12:10,0,YYZ,YVR,115,F8,1,,0,0,0,1,2026-02-02,Economy(Basic),2025-12-30
07:15,09:42,0,YYZ,YVR,118,WS,1,,0,0,0,1,2026-02-02,Economy(Basic),2025-12-30
22:15,00:38,1,YYZ,YVR,118,WS,1,,0,0,0,1,2026-02-02,Economy(Basic),2025-12-30
09:10,11:30,0,YYZ,YVR,131,"PD, TS",2,,0,0,0,1,2026-02-02,Economy(Basic),2025-12-30
10:00,12:15,0,YYZ,YVR,131,AC,1,,0,0,0,1,2026-02-02,Economy(Basic),2025-12-30
07:00,09:15,0,YYZ,YVR,131,AC,1,,0,0,0,1,2026-02-02,Economy(Basic),2025-12-30
08:00,10:00,0,YYZ,YVR,131,AC,1,,0,0,0,1,2026-02-02,Economy(Basic),2025-12-30
17:55,20:02,0,YYZ,YVR,131,AC,1,,0,0,0,1,2026-02-02,Economy(Basic),2025-12-30
18:45,20:52,0,YYZ,YVR,131,AC,1,,0,0,0,1,2026-02-02,Economy(Basic),2025-12-30
18:45,21:07,0,YYZ,YVR,131,"PD, TS",2,,0,0,0,1,2026-02-02,Economy(Basic),2025-12-30
20:20,22:20,0,YYZ,YVR,131,AC,1,,0,0,0,1,2026-02-02,Economy(Basic),2025-12-30
22:35,00:50,1,YYZ,YVR,131,AC,1,,0,0,0,1,2026-02-02,Economy(Basic),2025-12-30
12:30,20:00,0,YTZ,YVR,204,AC(Jazz),1,YOW,1,0,0,1,2026-02-02,Economy(Basic),2025-12-30
16:40,18:57,0,YYZ,YVR,211,AC,1,,0,0,0,1,2026-02-02,Economy(Basic),2025-12-30
12:50,15:10,0,YYZ,YVR,229,"PD, TS",2,,0,0,0,1,2026-02-02,Economy(Basic),2025-12-30
09:00,11:07,0,YYZ,YVR,258,AC,1,,0,0,0,1,2026-02-02,Economy(Basic),2025-12-30
18:45,21:08,0,YYZ,YVR,289,WS,1,,0,0,0,1,2026-02-02,Economy(Basic),2025-12-30
12:30,14:47,0,YYZ,YVR,439,AC,1,,0,1,0,1,2026-02-02,Economy(Basic),2025-12-30
14:10,16:27,0,YYZ,YVR,439,AC,1,,0,1,0,1,2026-02-02,Economy(Basic),2025-12-30
12:30,14:53,0,YYZ,YVR,454,WS,1,,0,1,0,1,2026-02-02,Economy(Basic),2025-12-30
09:45,12:10,0,YYZ,YVR,82,F8,1,,0,0,0,2,2026-02-03,Economy(Basic),2025-12-30
07:55,10:20,0,YYZ,YVR,115,F8,1,,0,0,0,2,2026-02-03,Economy(Basic),2025-12-30
07:15,09:42,0,YYZ,YVR,118,WS,1,,0,0,0,2,2026-02-03,Economy(Basic),2025-12-30
18:45,21:08,0,YYZ,YVR,118,WS,1,,0,0,0,2,2026-02-03,Economy(Basic),2025-12-30
22:15,00:38,1,YYZ,YVR,118,WS,1,,0,0,0,2,2026-02-03,Economy(Basic),2025-12-30
09:10,11:30,0,YYZ,YVR,131,"PD, TS",2,,0,0,0,2,2026-02-03,Economy(Basic),2025-12-30
07:00,09:15,0,YYZ,YVR,131,AC,1,,0,0,0,2,2026-02-03,Economy(Basic),2025-12-30
09:00,11:07,0,YYZ,YVR,131,AC,1,,0,0,0,2,2026-02-03,Economy(Basic),2025-12-30
10:00,12:07,0,YYZ,YVR,131,AC,1,,0,0,0,2,2026-02-03,Economy(Basic),2025-12-30
12:50,15:10,0,YYZ,YVR,131,"PD, TS",2,,0,0,0,2,2026-02-03,Economy(Basic),2025-12-30
17:55,20:02,0,YYZ,YVR,131,AC,1,,0,0,0,2,2026-02-03,Economy(Basic),2025-12-30
18:45,20:52,0,YYZ,YVR,131,AC,1,,0,0,0,2,2026-02-03,Economy(Basic),2025-12-30
18:45,21:07,0,YYZ,YVR,131,"PD, TS",2,,0,0,0,2,2026-02-03,Economy(Basic),2025-12-30
20:20,22:20,0,YYZ,YVR,131,AC,1,,0,0,0,2,2026-02-03,Economy(Basic),2025-12-30
22:35,00:50,1,YYZ,YVR,131,AC,1,,0,0,0,2,2026-02-03,Economy(Basic),2025-12-30
12:30,20:00,0,YTZ,YVR,204,AC(Jazz),1,YOW,1,0,0,2,2026-02-03,Economy(Basic),2025-12-30
08:00,10:00,0,YYZ,YVR,211,AC,1,,0,0,0,2,2026-02-03,Economy(Basic),2025-12-30
12:30,14:47,0,YYZ,YVR,211,AC,1,,0,0,0,2,2026-02-03,Economy(Basic),2025-12-30
14:10,16:27,0,YYZ,YVR,211,AC,1,,0,0,0,2,2026-02-03,Economy(Basic),2025-12-30
16:40,18:57,0,YYZ,YVR,211,AC,1,,0,0,0,2,2026-02-03,Economy(Basic),2025-12-30
07:55,10:20,0,YYZ,YVR,82,F8,1,,0,0,0,3,2026-02-04,Economy(Basic),2025-12-30
09:45,12:10,0,YYZ,YVR,82,F8,1,,0,0,0,3,2026-02-04,Economy(Basic),2025-12-30
07:15,09:42,0,YYZ,YVR,118,WS,1,,0,0,0,3,2026-02-04,Economy(Basic),2025-12-30
18:45,21:08,0,YYZ,YVR,118,WS,1,,0,0,0,3,2026-02-04,Economy(Basic),2025-12-30
22:15,00:38,1,YYZ,YVR,118,WS,1,,0,0,0,3,2026-02-04,Economy(Basic),2025-12-30
09:10,11:30,0,YYZ,YVR,131,"PD, TS",2,,0,0,0,3,2026-02-04,Economy(Basic),2025-12-30
10:00,12:15,0,YYZ,YVR,131,AC,1,,0,0,0,3,2026-02-04,Economy(Basic),2025-12-30
07:00,09:15,0,YYZ,YVR,131,AC,1,,0,0,0,3,2026-02-04,Economy(Basic),2025-12-30
18:45,21:07,0,YYZ,YVR,131,"PD, TS",2,,0,0,0,3,2026-02-04,Economy(Basic),2025-12-30
19:20,21:27,0,YYZ,YVR,131,AC,1,,0,0,0,3,2026-02-04,Economy(Basic),2025-12-30
20:20,22:20,0,YYZ,YVR,131,AC,1,,0,0,0,3,2026-02-04,Economy(Basic),2025-12-30
22:35,00:50,1,YYZ,YVR,131,AC,1,,0,0,0,3,2026-02-04,Economy(Basic),2025-12-30
12:50,15:10,0,YYZ,YVR,201,"PD, TS",2,,0,0,0,3,2026-02-04,Economy(Basic),2025-12-30
12:30,20:00,0,YTZ,YVR,204,AC(Jazz),1,YOW,1,0,0,3,2026-02-04,Economy(Basic),2025-12-30
08:00,10:00,0,YYZ,YVR,211,AC,1,,0,0,0,3,2026-02-04,Economy(Basic),2025-12-30
09:00,11:07,0,YYZ,YVR,211,AC,1,,0,0,0,3,2026-02-04,Economy(Basic),2025-12-30
18:45,20:52,0,YYZ,YVR,211,AC,1,,0,0,0,3,2026-02-04,Economy(Basic),2025-12-30
14:10,16:27,0,YYZ,YVR,258,AC,1,,0,0,0,3,2026-02-04,Economy(Basic),2025-12-30
12:40,14:55,0,YYZ,YVR,439,AC,1,,0,1,0,3,2026-02-04,Economy(Basic),2025-12-30
16:40,18:57,0,YYZ,YVR,439,AC,1,,0,1,0,3,2026-02-04,Economy(Basic),2025-12-30
07:55,10:20,0,YYZ,YVR,82,F8,1,,0,0,0,4,2026-02-05,Economy(Basic),2025-12-30
21:00,23:25,0,YYZ,YVR,82,F8,1,,0,0,0,4,2026-02-05,Economy(Basic),2025-12-30
07:15,09:42,0,YYZ,YVR,118,WS,1,,0,0,0,4,2026-02-05,Economy(Basic),2025-12-30
22:15,00:38,1,YYZ,YVR,118,WS,1,,0,0,0,4,2026-02-05,Economy(Basic),2025-12-30
07:00,09:15,0,YYZ,YVR,131,AC,1,,0,0,0,4,2026-02-05,Economy(Basic),2025-12-30
09:10,11:30,0,YYZ,YVR,131,"PD, TS",2,,0,0,0,4,2026-02-05,Economy(Basic),2025-12-30
20:15,22:37,0,YYZ,YVR,131,"PD, TS",2,,0,0,0,4,2026-02-05,Economy(Basic),2025-12-30
22:35,00:50,1,YYZ,YVR,131,AC,1,,0,0,0,4,2026-02-05,Economy(Basic),2025-12-30
12:50,15:10,0,YYZ,YVR,175,"PD, TS",2,,0,0,0,4,2026-02-05,Economy(Basic),2025-12-30
09:00,11:07,0,YYZ,YVR,211,AC,1,,0,0,0,4,2026-02-05,Economy(Basic),2025-12-30
16:40,18:57,0,YYZ,YVR,211,AC,1,,0,0,0,4,2026-02-05,Economy(Basic),2025-12-30
17:55,20:02,0,YYZ,YVR,211,AC,1,,0,0,0,4,2026-02-05,Economy(Basic),2025-12-30
20:20,22:20,0,YYZ,YVR,211,AC,1,,0,0,0,4,2026-02-05,Economy(Basic),2025-12-30
12:30,20:00,0,YTZ,YVR,252,AC(Jazz),1,YOW,1,0,0,4,2026-02-05,Economy(Basic),2025-12-30
08:00,10:00,0,YYZ,YVR,258,AC,1,,0,0,0,4,2026-02-05,Economy(Basic),2025-12-30
10:00,12:15,0,YYZ,YVR,258,AC,1,,0,0,0,4,2026-02-05,Economy(Basic),2025-12-30
14:10,16:27,0,YYZ,YVR,258,AC,1,,0,0,0,4,2026-02-05,Economy(Basic),2025-12-30
18:45,20:52,0,YYZ,YVR,258,AC,1,,0,0,0,4,2026-02-05,Economy(Basic),2025-12-30
18:45,21:08,0,YYZ,YVR,369,WS,1,,0,0,0,4,2026-02-05,Economy(Basic),2025-12-30
12:30,14:47,0,YYZ,YVR,439,AC,1,,0,1,0,4,2026-02-05,Economy(Basic),2025-12-30
12:30,14:53,0,YYZ,YVR,454,WS,1,,0,1,0,4,2026-02-05,Economy(Basic),2025-12-30
09:45,12:10,0,YYZ,YVR,82,F8,1,,0,0,0,5,2026-02-06,Economy(Basic),2025-12-30
07:55,10:20,0,YYZ,YVR,82,F8,1,,0,0,0,5,2026-02-06,Economy(Basic),2025-12-30
21:00,23:25,0,YYZ,YVR,82,F8,1,,0,0,0,5,2026-02-06,Economy(Basic),2025-12-30
22:15,00:38,1,YYZ,YVR,118,WS,1,,0,0,0,5,2026-02-06,Economy(Basic),2025-12-30
07:15,09:42,0,YYZ,YVR,118,WS,1,,0,0,0,5,2026-02-06,Economy(Basic),2025-12-30
09:10,11:30,0,YYZ,YVR,131,"PD, TS",2,,0,0,0,5,2026-02-06,Economy(Basic),2025-12-30
07:00,09:15,0,YYZ,YVR,131,AC,1,,0,0,0,5,2026-02-06,Economy(Basic),2025-12-30
09:00,11:07,0,YYZ,YVR,131,AC,1,,0,0,0,5,2026-02-06,Economy(Basic),2025-12-30
10:00,12:15,0,YYZ,YVR,131,AC,1,,0,0,0,5,2026-02-06,Economy(Basic),2025-12-30
18:45,21:07,0,YYZ,YVR,131,"PD, TS",2,,0,0,0,5,2026-02-06,Economy(Basic),2025-12-30
20:20,22:20,0,YYZ,YVR,131,AC,1,,0,0,0,5,2026-02-06,Economy(Basic),2025-12-30
22:35,00:50,1,YYZ,YVR,131,AC,1,,0,0,0,5,2026-02-06,Economy(Basic),2025-12-30
12:50,15:10,0,YYZ,YVR,201,"PD, TS",2,,0,0,0,5,2026-02-06,Economy(Basic),2025-12-30
12:30,20:00,0,YTZ,YVR,204,AC(Jazz),1,YOW,1,0,0,5,2026-02-06,Economy(Basic),2025-12-30
08:00,10:00,0,YYZ,YVR,211,AC,1,,0,0,0,5,2026-02-06,Economy(Basic),2025-12-30
17:55,20:02,0,YYZ,YVR,211,AC,1,,0,0,0,5,2026-02-06,Economy(Basic),2025-12-30
18:45,20:52,0,YYZ,YVR,211,AC,1,,0,0,0,5,2026-02-06,Economy(Basic),2025-12-30
14:10,16:27,0,YYZ,YVR,258,AC,1,,0,0,0,5,2026-02-06,Economy(Basic),2025-12-30
12:30,14:53,0,YYZ,YVR,289,WS,1,,0,0,0,5,2026-02-06,Economy(Basic),2025-12-30
18:45,21:08,0,YYZ,YVR,289,WS,1,,0,0,0,5,2026-02-06,Economy(Basic),2025-12-30
12:30,14:47,0,YYZ,YVR,439,AC,1,,0,1,0,5,2026-02-06,Economy(Basic),2025-12-30
16:40,18:57,0,YYZ,YVR,439,AC,1,,0,1,0,5,2026-02-06,Economy(Basic),2025-12-30
07:55,10:20,0,YYZ,YVR,82,F8,1,,0,0,0,6,2026-02-07,Economy(Basic),2025-12-30
22:15,00:38,1,YYZ,YVR,118,WS,1,,0,0,0,6,2026-02-07,Economy(Basic),2025-12-30
18:45,21:08,0,YYZ,YVR,118,WS,1,,0,0,0,6,2026-02-07,Economy(Basic),2025-12-30
09:00,11:07,0,YYZ,YVR,131,AC,1,,0,0,0,6,2026-02-07,Economy(Basic),2025-12-30
09:10,11:30,0,YYZ,YVR,131,"PD, TS",2,,0,0,0,6,2026-02-07,Economy(Basic),2025-12-30
07:00,09:15,0,YYZ,YVR,131,AC,1,,0,0,0,6,2026-02-07,Economy(Basic),2025-12-30
17:55,20:02,0,YYZ,YVR,131,AC,1,,0,0,0,6,2026-02-07,Economy(Basic),2025-12-30
18:45,20:52,0,YYZ,YVR,131,AC,1,,0,0,0,6,2026-02-07,Economy(Basic),2025-12-30
19:25,21:47,0,YYZ,YVR,131,"PD, TS",2,,0,0,0,6,2026-02-07,Economy(Basic),2025-12-30
20:20,22:20,0,YYZ,YVR,131,AC,1,,0,0,0,6,2026-02-07,Economy(Basic),2025-12-30
22:35,00:50,1,YYZ,YVR,131,AC,1,,0,0,0,6,2026-02-07,Economy(Basic),2025-12-30
12:50,15:10,0,YYZ,YVR,201,"PD, TS",2,,0,0,0,6,2026-02-07,Economy(Basic),2025-12-30
12:30,20:00,0,YTZ,YVR,204,AC(Jazz),1,YOW,1,0,0,6,2026-02-07,Economy(Basic),2025-12-30
08:00,10:00,0,YYZ,YVR,211,AC,1,,0,0,0,6,2026-02-07,Economy(Basic),2025-12-30
16:40,18:57,0,YYZ,YVR,211,AC,1,,0,0,0,6,2026-02-07,Economy(Basic),2025-12-30
10:00,12:15,0,YYZ,YVR,258,AC,1,,0,0,0,6,2026-02-07,Economy(Basic),2025-12-30
14:10,16:27,0,YYZ,YVR,258,AC,1,,0,0,0,6,2026-02-07,Economy(Basic),2025-12-30
12:30,14:47,0,YYZ,YVR,439,AC,1,,0,1,0,6,2026-02-07,Economy(Basic),2025-12-30
12:30,14:53,0,YYZ,YVR,454,WS,1,,0,1,0,6,2026-02-07,Economy(Basic),2025-12-30
09:45,12:10,0,YYZ,YVR,82,F8,1,,0,0,0,7,2026-02-08,Economy(Basic),2025-12-30
07:55,10:20,0,YYZ,YVR,82,F8,1,,0,0,0,7,2026-02-08,Economy(Basic),2025-12-30
21:00,23:25,0,YYZ,YVR,82,F8,1,,0,0,0,7,2026-02-08,Economy(Basic),2025-12-30
18:45,21:08,0,YYZ,YVR,118,WS,1,,0,0,0,7,2026-02-08,Economy(Basic),2025-12-30
07:15,09:42,0,YYZ,YVR,118,WS,1,,0,0,0,7,2026-02-08,Economy(Basic),2025-12-30
22:15,00:38,1,YYZ,YVR,118,WS,1,,0,0,0,7,2026-02-08,Economy(Basic),2025-12-30
09:10,11:30,0,YYZ,YVR,131,"PD, TS",2,,0,0,0,7,2026-02-08,Economy(Basic),2025-12-30
07:00,09:15,0,YYZ,YVR,131,AC,1,,0,0,0,7,2026-02-08,Economy(Basic),2025-12-30
08:00,10:00,0,YYZ,YVR,131,AC,1,,0,0,0,7,2026-02-08,Economy(Basic),2025-12-30
20:15,22:37,0,YYZ,YVR,131,"PD, TS",2,,0,0,0,7,2026-02-08,Economy(Basic),2025-12-30
20:20,22:20,0,YYZ,YVR,131,AC,1,,0,0,0,7,2026-02-08,Economy(Basic),2025-12-30
09:00,11:07,0,YYZ,YVR,211,AC,1,,0,0,0,7,2026-02-08,Economy(Basic),2025-12-30
17:55,20:02,0,YYZ,YVR,211,AC,1,,0,0,0,7,2026-02-08,Economy(Basic),2025-12-30
22:35,00:50,1,YYZ,YVR,211,AC,1,,0,0,0,7,2026-02-08,Economy(Basic),2025-12-30
12:50,15:10,0,YYZ,YVR,229,"PD, TS",2,,0,0,0,7,2026-02-08,Economy(Basic),2025-12-30
12:30,20:00,0,YTZ,YVR,252,AC(Jazz),1,YOW,1,0,0,7,2026-02-08,Economy(Basic),2025-12-30
10:00,12:15,0,YYZ,YVR,439,AC,1,,0,1,0,7,2026-02-08,Economy(Basic),2025-12-30
12:30,14:47,0,YYZ,YVR,439,AC,1,,0,1,0,7,2026-02-08,Economy(Basic),2025-12-30
14:10,16:27,0,YYZ,YVR,439,AC,1,,0,1,0,7,2026-02-08,Economy(Basic),2025-12-30
16:40,18:57,0,YYZ,YVR,439,AC,1,,0,1,0,7,2026-02-08,Economy(Basic),2025-12-30
18:45,20:52,0,YYZ,YVR,439,AC,1,,0,1,0,7,2026-02-08,Economy(Basic),2025-12-30
07:15,09:42,0,YYZ,YVR,241,WS,1,,0,1,1,1,2026-02-02,Economy,2025-12-30
18:30,22:38,0,YYZ,YVR,241,WS,1,YEG,1,1,1,1,2026-02-02,Economy,2025-12-30
22:15,00:38,1,YYZ,YVR,241,WS,1,,0,1,1,1,2026-02-02,Economy,2025-12-30
09:10,11:30,0,YYZ,YVR,250,"PD, TS",2,,0,1,1,1,2026-02-02,Economy,2025-12-30
18:45,21:07,0,YYZ,YVR,250,"PD, TS",2,,0,1,1,1,2026-02-02,Economy,2025-12-30
10:00,12:15,0,YYZ,YVR,255,AC,1,,0,1,1,1,2026-02-02,Economy,2025-12-30
07:00,09:15,0,YYZ,YVR,255,AC,1,,0,1,1,1,2026-02-02,Economy,2025-12-30
08:00,10:00,0,YYZ,YVR,255,AC,1,,0,1,1,1,2026-02-02,Economy,2025-12-30
17:55,20:02,0,YYZ,YVR,255,AC,1,,0,1,1,1,2026-02-02,Economy,2025-12-30
18:45,20:52,0,YYZ,YVR,255,AC,1,,0,1,1,1,2026-02-02,Economy,2025-12-30
07:15,09:42,0,YYZ,YVR,241,WS,1,,0,1,1,2,2026-02-03,Economy,2025-12-30
07:45,12:40,0,YYZ,YVR,241,WS,1,YYC,1,1,1,2,2026-02-03,Economy,2025-12-30
08:00,13:23,0,YYZ,YVR,241,WS,1,YEG,1,1,1,2,2026-02-03,Economy,2025-12-30
10:00,14:40,0,YYZ,YVR,241,WS,1,YYC,1,1,1,2,2026-02-03,Economy,2025-12-30
13:30,19:40,0,YYZ,YVR,241,WS,1,YYC,1,1,1,2,2026-02-03,Economy,2025-12-30
18:45,21:08,0,YYZ,YVR,241,WS,1,,0,1,1,2,2026-02-03,Economy,2025-12-30
22:15,00:38,1,YYZ,YVR,241,WS,1,,0,1,1,2,2026-02-03,Economy,2025-12-30
09:10,11:30,0,YYZ,YVR,250,"PD, TS",2,,0,1,1,2,2026-02-03,Economy,2025-12-30
12:50,15:10,0,YYZ,YVR,250,"PD, TS",2,,0,1,1,2,2026-02-03,Economy,2025-12-30
18:45,21:07,0,YYZ,YVR,250,"PD, TS",2,,0,1,1,2,2026-02-03,Economy,2025-12-30
22:35,00:50,1,YYZ,YVR,255,AC,1,,0,1,1,2,2026-02-03,Economy,2025-12-30
07:15,09:42,0,YYZ,YVR,241,WS,1,,0,1,1,3,2026-02-04,Economy,2025-12-30
07:45,12:40,0,YYZ,YVR,241,WS,1,YYC,1,1,1,3,2026-02-04,Economy,2025-12-30
08:00,13:23,0,YYZ,YVR,241,WS,1,YEG,1,1,1,3,2026-02-04,Economy,2025-12-30
10:00,15:40,0,YYZ,YVR,241,WS,1,YYC,1,1,1,3,2026-02-04,Economy,2025-12-30
13:30,19:40,0,YYZ,YVR,241,WS,1,YYC,1,1,1,3,2026-02-04,Economy,2025-12-30
18:45,21:08,0,YYZ,YVR,241,WS,1,,0,1,1,3,2026-02-04,Economy,2025-12-30
22:15,00:38,1,YYZ,YVR,241,WS,1,,0,1,1,3,2026-02-04,Economy,2025-12-30
09:10,11:30,0,YYZ,YVR,250,"PD, TS",2,,0,1,1,3,2026-02-04,Economy,2025-12-30
18:45,21:07,0,YYZ,YVR,250,"PD, TS",2,,0,1,1,3,2026-02-04,Economy,2025-12-30
10:00,12:15,0,YYZ,YVR,255,AC,1,,0,1,1,3,2026-02-04,Economy,2025-12-30
07:00,09:15,0,YYZ,YVR,255,AC,1,,0,1,1,3,2026-02-04,Economy,2025-12-30
07:15,09:42,0,YYZ,YVR,241,WS,1,,0,1,1,4,2026-02-05,Economy,2025-12-30
07:45,12:40,0,YYZ,YVR,241,WS,1,YYC,1,1,1,4,2026-02-05,Economy,2025-12-30
08:00,13:23,0,YYZ,YVR,241,WS,1,YEG,1,1,1,4,2026-02-05,Economy,2025-12-30
10:00,16:40,0,YYZ,YVR,241,WS,1,YYC,1,1,1,4,2026-02-05,Economy,2025-12-30
17:00,20:55,0,YYZ,YVR,241,WS,1,YYC,1,1,1,4,2026-02-05,Economy,2025-12-30
18:30,22:38,0,YYZ,YVR,241,WS,1,YEG,1,1,1,4,2026-02-05,Economy,2025-12-30
22:15,00:38,1,YYZ,YVR,241,WS,1,,0,1,1,4,2026-02-05,Economy,2025-12-30
09:10,11:30,0,YYZ,YVR,250,"PD, TS",2,,0,1,1,4,2026-02-05,Economy,2025-12-30
20:15,22:37,0,YYZ,YVR,250,"PD, TS",2,,0,1,1,4,2026-02-05,Economy,2025-12-30
07:00,09:15,0,YYZ,YVR,255,AC,1,,0,1,1,4,2026-02-05,Economy,2025-12-30
22:35,00:50,1,YYZ,YVR,255,AC,1,,0,1,1,4,2026-02-05,Economy,2025-12-30
12:50,15:10,0,YYZ,YVR,294,"PD, TS",2,,0,1,1,4,2026-02-05,Economy,2025-12-30
07:15,09:42,0,YYZ,YVR,241,WS,1,,0,1,1,5,2026-02-06,Economy,2025-12-30
13:30,18:40,0,YYZ,YVR,241,WS,1,YYC,1,1,1,5,2026-02-06,Economy,2025-12-30
14:30,18:43,0,YYZ,YVR,241,WS,1,YEG,1,1,1,5,2026-02-06,Economy,2025-12-30
17:00,20:55,0,YYZ,YVR,241,WS,1,YYC,1,1,1,5,2026-02-06,Economy,2025-12-30
18:30,22:38,0,YYZ,YVR,241,WS,1,YEG,1,1,1,5,2026-02-06,Economy,2025-12-30
22:15,00:38,1,YYZ,YVR,241,WS,1,,0,1,1,5,2026-02-06,Economy,2025-12-30
09:10,11:30,0,YYZ,YVR,250,"PD, TS",2,,0,1,1,5,2026-02-06,Economy,2025-12-30
18:45,21:07,0,YYZ,YVR,250,"PD, TS",2,,0,1,1,5,2026-02-06,Economy,2025-12-30
09:00,11:07,0,YYZ,YVR,255,AC,1,,0,1,1,5,2026-02-06,Economy,2025-12-30
07:00,09:15,0,YYZ,YVR,255,AC,1,,0,1,1,5,2026-02-06,Economy,2025-12-30
10:00,12:15,0,YYZ,YVR,255,AC,1,,0,1,1,5,2026-02-06,Economy,2025-12-30
22:15,00:38,1,YYZ,YVR,241,WS,1,,0,1,1,6,2026-02-07,Economy,2025-12-30
06:30,12:40,0,YYZ,YVR,241,WS,1,YYC,1,1,1,6,2026-02-07,Economy,2025-12-30
08:00,13:23,0,YYZ,YVR,241,WS,1,YEG,1,1,1,6,2026-02-07,Economy,2025-12-30
18:45,21:08,0,YYZ,YVR,241,WS,1,,0,1,1,6,2026-02-07,Economy,2025-12-30
09:10,11:30,0,YYZ,YVR,250,"PD, TS",2,,0,1,1,6,2026-02-07,Economy,2025-12-30
19:25,21:47,0,YYZ,YVR,250,"PD, TS",2,,0,1,1,6,2026-02-07,Economy,2025-12-30
09:00,11:07,0,YYZ,YVR,255,AC,1,,0,1,1,6,2026-02-07,Economy,2025-12-30
07:00,09:15,0,YYZ,YVR,255,AC,1,,0,1,1,6,2026-02-07,Economy,2025-12-30
17:55,20:02,0,YYZ,YVR,255,AC,1,,0,1,1,6,2026-02-07,Economy,2025-12-30
18:45,20:52,0,YYZ,YVR,255,AC,1,,0,1,1,6,2026-02-07,Economy,2025-12-30
17:00,20:55,0,YYZ,YVR,241,WS,1,YYC,1,1,1,7,2026-02-08,Economy,2025-12-30
18:45,21:08,0,YYZ,YVR,241,WS,1,,0,1,1,7,2026-02-08,Economy,2025-12-30
07:15,09:42,0,YYZ,YVR,241,WS,1,,0,1,1,7,2026-02-08,Economy,2025-12-30
07:45,12:40,0,YYZ,YVR,241,WS,1,YYC,1,1,1,7,2026-02-08,Economy,2025-12-30
08:00,13:23,0,YYZ,YVR,241,WS,1,YEG,1,1,1,7,2026-02-08,Economy,2025-12-30
09:40,15:53,0,YYZ,YVR,241,WS,1,YWG,1,1,1,7,2026-02-08,Economy,2025-12-30
22:15,00:38,1,YYZ,YVR,241,WS,1,,0,1,1,7,2026-02-08,Economy,2025-12-30
09:10,11:30,0,YYZ,YVR,250,"PD, TS",2,,0,1,1,7,2026-02-08,Economy,2025-12-30
20:15,22:37,0,YYZ,YVR,250,"PD, TS",2,,0,1,1,7,2026-02-08,Economy,2025-12-30
20:20,22:20,0,YYZ,YVR,255,AC,1,,0,1,1,7,2026-02-08,Economy,2025-12-30
07:00,09:15,0,YYZ,YVR,255,AC,1,,0,1,1,7,2026-02-08,Economy,2025-12-30
09:10,11:30,0,YYZ,YVR,323,"PD, TS",2,,0,1,2,1,2026-02-02,Economy(Premium),2025-12-30
18:45,21:07,0,YYZ,YVR,323,"PD, TS",2,,0,1,2,1,2026-02-02,Economy(Premium),2025-12-30
07:15,09:42,0,YYZ,YVR,432,WS,1,,0,1,2,1,2026-02-02,Economy(Premium),2025-12-30
09:40,15:40,0,YYZ,YVR,432,WS,1,"YWG, YYC",2,1,2,1,2026-02-02,Economy(Premium),2025-12-30
22:15,00:38,1,YYZ,YVR,432,WS,1,,0,1,2,1,2026-02-02,Economy(Premium),2025-12-30
12:50,15:10,0,YYZ,YVR,467,"PD, TS",2,,0,1,2,1,2026-02-02,Economy(Premium),2025-12-30
18:45,21:08,0,YYZ,YVR,736,WS,1,,0,1,2,1,2026-02-02,Economy(Premium),2025-12-30
17:00,20:55,0,YYZ,YVR,743,WS,1,YYC,1,1,2,1,2026-02-02,Economy(Premium),2025-12-30
08:00,10:00,0,YYZ,YVR,906,AC,1,,0,1,2,1,2026-02-02,Economy(Premium),2025-12-30
18:45,20:52,0,YYZ,YVR,906,AC,1,,0,1,2,1,2026-02-02,Economy(Premium),2025-12-30
20:20,22:20,0,YYZ,YVR,906,AC,1,,0,1,2,1,2026-02-02,Economy(Premium),2025-12-30
12:30,20:00,0,YTZ,YVR,947,AC(Jazz),1,YOW,1,1,2,1,2026-02-02,Economy(Premium),2025-12-30
09:00,11:07,0,YYZ,YVR,1239,AC,1,,0,1,2,1,2026-02-02,Economy(Premium),2025-12-30
17:55,20:02,0,YYZ,YVR,1239,AC,1,,0,1,2,1,2026-02-02,Economy(Premium),2025-12-30
09:10,11:30,0,YYZ,YVR,323,"PD, TS",2,,0,1,2,2,2026-02-03,Economy(Premium),2025-12-30
18:45,21:07,0,YYZ,YVR,323,"PD, TS",2,,0,1,2,2,2026-02-03,Economy(Premium),2025-12-30
07:15,09:42,0,YYZ,YVR,432,WS,1,,0,1,2,2,2026-02-03,Economy(Premium),2025-12-30
10:00,15:40,0,YYZ,YVR,432,WS,1,YYC,1,1,2,2,2026-02-03,Economy(Premium),2025-12-30
13:30,19:40,0,YYZ,YVR,432,WS,1,YYC,1,1,2,2,2026-02-03,Economy(Premium),2025-12-30
18:45,21:08,0,YYZ,YVR,432,WS,1,,0,1,2,2,2026-02-03,Economy(Premium),2025-12-30
22:15,00:38,1,YYZ,YVR,432,WS,1,,0,1,2,2,2026-02-03,Economy(Premium),2025-12-30
12:50,15:10,0,YYZ,YVR,512,"PD, TS",2,,0,1,2,2,2026-02-03,Economy(Premium),2025-12-30
08:00,10:00,0,YYZ,YVR,906,AC,1,,0,1,2,2,2026-02-03,Economy(Premium),2025-12-30
09:00,11:07,0,YYZ,YVR,906,AC,1,,0,1,2,2,2026-02-03,Economy(Premium),2025-12-30
10:00,12:07,0,YYZ,YVR,906,AC,1,,0,1,2,2,2026-02-03,Economy(Premium),2025-12-30
18:45,20:52,0,YYZ,YVR,906,AC,1,,0,1,2,2,2026-02-03,Economy(Premium),2025-12-30
20:20,22:20,0,YYZ,YVR,906,AC,1,,0,1,2,2,2026-02-03,Economy(Premium),2025-12-30
12:30,20:00,0,YTZ,YVR,947,AC(Jazz),1,YOW,1,1,2,2,2026-02-03,Economy(Premium),2025-12-30
17:55,20:02,0,YYZ,YVR,1239,AC,1,,0,1,2,2,2026-02-03,Economy(Premium),2025-12-30
09:10,11:30,0,YYZ,YVR,323,"PD, TS",2,,0,1,2,3,2026-02-04,Economy(Premium),2025-12-30
18:45,21:07,0,YYZ,YVR,323,"PD, TS",2,,0,1,2,3,2026-02-04,Economy(Premium),2025-12-30
12:50,15:10,0,YYZ,YVR,410,"PD, TS",2,,0,1,2,3,2026-02-04,Economy(Premium),2025-12-30
18:45,21:08,0,YYZ,YVR,432,WS,1,,0,1,2,3,2026-02-04,Economy(Premium),2025-12-30
06:30,10:43,0,YYZ,YVR,432,WS,1,YYC,1,1,2,3,2026-02-04,Economy(Premium),2025-12-30
13:30,19:40,0,YYZ,YVR,432,WS,1,YYC,1,1,2,3,2026-02-04,Economy(Premium),2025-12-30
22:15,00:38,1,YYZ,YVR,432,WS,1,,0,1,2,3,2026-02-04,Economy(Premium),2025-12-30
13:30,18:49,0,YYZ,YVR,481,WS(Encore),1,"YYC, YLW",2,1,2,3,2026-02-04,Economy(Premium),2025-12-30
08:00,10:00,0,YYZ,YVR,906,AC,1,,0,1,2,3,2026-02-04,Economy(Premium),2025-12-30
20:20,22:20,0,YYZ,YVR,906,AC,1,,0,1,2,3,2026-02-04,Economy(Premium),2025-12-30
12:30,20:00,0,YTZ,YVR,947,AC(Jazz),1,YOW,1,1,2,3,2026-02-04,Economy(Premium),2025-12-30
09:00,11:07,0,YYZ,YVR,1239,AC,1,,0,1,2,3,2026-02-04,Economy(Premium),2025-12-30
18:45,20:52,0,YYZ,YVR,1239,AC,1,,0,1,2,3,2026-02-04,Economy(Premium),2025-12-30
19:20,21:27,0,YYZ,YVR,1239,AC,1,,0,1,2,3,2026-02-04,Economy(Premium),2025-12-30
07:15,09:42,0,YYZ,YVR,1364,WS,1,,0,1,2,3,2026-02-04,Economy(Premium),2025-12-30
09:10,11:30,0,YYZ,YVR,323,"PD, TS",2,,0,1,2,4,2026-02-05,Economy(Premium),2025-12-30
20:15,22:37,0,YYZ,YVR,323,"PD, TS",2,,0,1,2,4,2026-02-05,Economy(Premium),2025-12-30
12:50,15:10,0,YYZ,YVR,375,"PD, TS",2,,0,1,2,4,2026-02-05,Economy(Premium),2025-12-30
07:15,09:42,0,YYZ,YVR,432,WS,1,,0,1,2,4,2026-02-05,Economy(Premium),2025-12-30
17:00,20:55,0,YYZ,YVR,432,WS,1,YYC,1,1,2,4,2026-02-05,Economy(Premium),2025-12-30
22:15,00:38,1,YYZ,YVR,432,WS,1,,0,1,2,4,2026-02-05,Economy(Premium),2025-12-30
22:45,08:28,1,YYZ,YVR,470,WS,1,"YXE, YYC",2,1,2,4,2026-02-05,Economy(Premium),2025-12-30
08:00,10:00,0,YYZ,YVR,906,AC,1,,0,1,2,4,2026-02-05,Economy(Premium),2025-12-30
20:20,22:20,0,YYZ,YVR,906,AC,1,,0,1,2,4,2026-02-05,Economy(Premium),2025-12-30
20:30,10:15,1,YTZ,YVR,954,AC(Jazz),1,YUL,1,1,2,4,2026-02-05,Economy(Premium),2025-12-30
09:00,11:07,0,YYZ,YVR,1239,AC,1,,0,1,2,4,2026-02-05,Economy(Premium),2025-12-30
17:55,20:02,0,YYZ,YVR,1239,AC,1,,0,1,2,4,2026-02-05,Economy(Premium),2025-12-30
18:45,20:52,0,YYZ,YVR,1239,AC,1,,0,1,2,4,2026-02-05,Economy(Premium),2025-12-30
12:30,14:53,0,YYZ,YVR,1364,WS,1,,0,1,2,4,2026-02-05,Economy(Premium),2025-12-30
18:45,21:08,0,YYZ,YVR,1364,WS,1,,0,1,2,4,2026-02-05,Economy(Premium),2025-12-30
09:10,11:30,0,YYZ,YVR,323,"PD, TS",2,,0,1,2,5,2026-02-06,Economy(Premium),2025-12-30
18:45,21:07,0,YYZ,YVR,323,"PD, TS",2,,0,1,2,5,2026-02-06,Economy(Premium),2025-12-30
12:50,15:10,0,YYZ,YVR,410,"PD, TS",2,,0,1,2,5,2026-02-06,Economy(Premium),2025-12-30
22:45,06:44,1,YYZ,YVR,427,WS,1,YXE,1,1,0,5,2026-02-06,Economy(Premium),2025-12-30
07:15,09:42,0,YYZ,YVR,432,WS,1,,0,1,2,5,2026-02-06,Economy(Premium),2025-12-30
14:30,18:43,0,YYZ,YVR,432,WS,1,YEG,1,1,2,5,2026-02-06,Economy(Premium),2025-12-30
17:00,20:55,0,YYZ,YVR,432,WS,1,YYC,1,1,2,5,2026-02-06,Economy(Premium),2025-12-30
22:15,00:38,1,YYZ,YVR,432,WS,1,,0,1,2,5,2026-02-06,Economy(Premium),2025-12-30
18:45,21:08,0,YYZ,YVR,736,WS,1,,0,1,2,5,2026-02-06,Economy(Premium),2025-12-30
08:00,10:00,0,YYZ,YVR,906,AC,1,,0,1,2,5,2026-02-06,Economy(Premium),2025-12-30
18:45,20:52,0,YYZ,YVR,906,AC,1,,0,1,2,5,2026-02-06,Economy(Premium),2025-12-30
20:20,22:20,0,YYZ,YVR,906,AC,1,,0,1,2,5,2026-02-06,Economy(Premium),2025-12-30
12:30,20:00,0,YTZ,YVR,947,AC(Jazz),1,YOW,1,1,2,5,2026-02-06,Economy(Premium),2025-12-30
09:00,11:07,0,YYZ,YVR,1985,AC,1,,0,1,2,5,2026-02-06,Economy(Premium),2025-12-30
17:55,20:02,0,YYZ,YVR,1985,AC,1,,0,1,2,5,2026-02-06,Economy(Premium),2025-12-30
09:10,11:30,0,YYZ,YVR,323,"PD, TS",2,,0,1,2,6,2026-02-07,Economy(Premium),2025-12-30
19:25,21:47,0,YYZ,YVR,323,"PD, TS",2,,0,1,2,6,2026-02-07,Economy(Premium),2025-12-30
08:00,16:09,0,YYZ,YVR,401,WS(Encore),1,"YEG, YLW",2,1,0,6,2026-02-07,Economy(Premium),2025-12-30
12:50,15:10,0,YYZ,YVR,410,"PD, TS",2,,0,1,2,6,2026-02-07,Economy(Premium),2025-12-30
18:45,21:08,0,YYZ,YVR,432,WS,1,,0,1,2,6,2026-02-07,Economy(Premium),2025-12-30
22:15,00:38,1,YYZ,YVR,432,WS,1,,0,1,2,6,2026-02-07,Economy(Premium),2025-12-30
22:45,10:43,1,YYZ,YVR,474,WS,1,"YQR, YYC",2,1,2,6,2026-02-07,Economy(Premium),2025-12-30
08:00,10:00,0,YYZ,YVR,906,AC,1,,0,1,2,6,2026-02-07,Economy(Premium),2025-12-30
20:20,22:20,0,YYZ,YVR,906,AC,1,,0,1,2,6,2026-02-07,Economy(Premium),2025-12-30
12:30,20:00,0,YTZ,YVR,947,AC(Jazz),1,YOW,1,1,2,6,2026-02-07,Economy(Premium),2025-12-30
17:55,20:02,0,YYZ,YVR,1239,AC,1,,0,1,2,6,2026-02-07,Economy(Premium),2025-12-30
18:45,20:52,0,YYZ,YVR,1239,AC,1,,0,1,2,6,2026-02-07,Economy(Premium),2025-12-30
12:30,14:53,0,YYZ,YVR,1364,WS,1,,0,1,2,6,2026-02-07,Economy(Premium),2025-12-30
09:00,11:07,0,YYZ,YVR,1985,AC,1,,0,1,2,6,2026-02-07,Economy(Premium),2025-12-30
20:15,22:37,0,YYZ,YVR,323,"PD, TS",2,,0,1,2,7,2026-02-08,Economy(Premium),2025-12-30
08:00,13:23,0,YYZ,YVR,432,WS,1,YEG,1,1,2,7,2026-02-08,Economy(Premium),2025-12-30
18:45,21:08,0,YYZ,YVR,432,WS,1,,0,1,2,7,2026-02-08,Economy(Premium),2025-12-30
07:15,09:42,0,YYZ,YVR,432,WS,1,,0,1,2,7,2026-02-08,Economy(Premium),2025-12-30
07:45,12:40,0,YYZ,YVR,432,WS,1,YYC,1,1,2,7,2026-02-08,Economy(Premium),2025-12-30
22:15,00:38,1,YYZ,YVR,432,WS,1,,0,1,2,7,2026-02-08,Economy(Premium),2025-12-30
12:50,15:10,0,YYZ,YVR,467,"PD, TS",2,,0,1,2,7,2026-02-08,Economy(Premium),2025-12-30
09:10,11:30,0,YYZ,YVR,512,"PD, TS",2,,0,1,2,7,2026-02-08,Economy(Premium),2025-12-30
08:00,10:00,0,YYZ,YVR,906,AC,1,,0,1,2,7,2026-02-08,Economy(Premium),2025-12-30
09:00,11:07,0,YYZ,YVR,906,AC,1,,0,1,2,7,2026-02-08,Economy(Premium),2025-12-30
17:55,20:02,0,YYZ,YVR,906,AC,1,,0,1,2,7,2026-02-08,Economy(Premium),2025-12-30
18:45,20:52,0,YYZ,YVR,906,AC,1,,0,1,2,7,2026-02-08,Economy(Premium),2025-12-30
20:20,22:20,0,YYZ,YVR,906,AC,1,,0,1,2,7,2026-02-08,Economy(Premium),2025-12-30
07:55,10:20,0,YYZ,YVR,85,F8,1,,0,0,0,1,2026-02-02,Economy(Basic),2026-01-02
09:45,12:10,0,YYZ,YVR,85,F8,1,,0,0,0,1,2026-02-02,Economy(Basic),2026-01-02
07:15,09:42,0,YYZ,YVR,134,WS,1,,0,0,0,1,2026-02-02,Economy(Basic),2026-01-02
09:00,11:07,0,YYZ,YVR,134,AC,1,,0,0,0,1,2026-02-02,Economy(Basic),2026-01-02
18:45,21:07,0,YYZ,YVR,134,"PD, TS",2,,0,0,0,1,2026-02-02,Economy(Basic),2026-01-02
07:00,09:15,0,YYZ,YVR,134,AC,1,,0,0,0,1,2026-02-02,Economy(Basic),2026-01-02
16:40,18:57,0,YYZ,YVR,134,AC,1,,0,0,0,1,2026-02-02,Economy(Basic),2026-01-02
17:55,20:02,0,YYZ,YVR,134,AC,1,,0,0,0,1,2026-02-02,Economy(Basic),2026-01-02
18:45,20:52,0,YYZ,YVR,134,AC,1,,0,0,0,1,2026-02-02,Economy(Basic),2026-01-02
20:20,22:20,0,YYZ,YVR,134,AC,1,,0,0,0,1,2026-02-02,Economy(Basic),2026-01-02
22:15,00:38,1,YYZ,YVR,134,WS,1,,0,0,0,1,2026-02-02,Economy(Basic),2026-01-02
22:35,00:50,1,YYZ,YVR,134,AC,1,,0,0,0,1,2026-02-02,Economy(Basic),2026-01-02
09:10,11:30,0,YYZ,YVR,154,"PD, TS",2,,0,0,0,1,2026-02-02,Economy(Basic),2026-01-02
18:45,21:08,0,YYZ,YVR,159,WS,1,,0,0,0,1,2026-02-02,Economy(Basic),2026-01-02
12:50,15:10,0,YYZ,YVR,191,"PD, TS",2,,0,0,0,1,2026-02-02,Economy(Basic),2026-01-02
12:30,20:00,0,YTZ,YVR,197,AC(Jazz),1,YOW,1,0,0,1,2026-02-02,Economy(Basic),2026-01-02
08:00,10:00,0,YYZ,YVR,267,AC,1,,0,0,0,1,2026-02-02,Economy(Basic),2026-01-02
14:10,16:27,0,YYZ,YVR,302,AC,1,,0,0,0,1,2026-02-02,Economy(Basic),2026-01-02
10:00,12:15,0,YYZ,YVR,443,AC,1,,0,1,0,1,2026-02-02,Economy(Basic),2026-01-02
12:30,14:47,0,YYZ,YVR,443,AC,1,,0,1,0,1,2026-02-02,Economy(Basic),2026-01-02
12:30,14:53,0,YYZ,YVR,621,WS,1,,0,1,0,1,2026-02-02,Economy(Basic),2026-01-02
09:45,12:10,0,YYZ,YVR,85,F8,1,,0,0,0,2,2026-02-03,Economy(Basic),2026-01-02
07:55,10:20,0,YYZ,YVR,119,F8,1,,0,0,0,2,2026-02-03,Economy(Basic),2026-01-02
07:15,09:42,0,YYZ,YVR,134,WS,1,,0,0,0,2,2026-02-03,Economy(Basic),2026-01-02
09:00,11:07,0,YYZ,YVR,134,AC,1,,0,0,0,2,2026-02-03,Economy(Basic),2026-01-02
09:10,11:30,0,YYZ,YVR,134,"PD, TS",2,,0,0,0,2,2026-02-03,Economy(Basic),2026-01-02
07:00,09:15,0,YYZ,YVR,134,AC,1,,0,0,0,2,2026-02-03,Economy(Basic),2026-01-02
10:00,12:07,0,YYZ,YVR,134,AC,1,,0,0,0,2,2026-02-03,Economy(Basic),2026-01-02
17:55,20:02,0,YYZ,YVR,134,AC,1,,0,0,0,2,2026-02-03,Economy(Basic),2026-01-02
18:45,20:52,0,YYZ,YVR,134,AC,1,,0,0,0,2,2026-02-03,Economy(Basic),2026-01-02
18:45,21:07,0,YYZ,YVR,134,"PD, TS",2,,0,0,0,2,2026-02-03,Economy(Basic),2026-01-02
18:45,21:08,0,YYZ,YVR,134,WS,1,,0,0,0,2,2026-02-03,Economy(Basic),2026-01-02
20:20,22:20,0,YYZ,YVR,134,AC,1,,0,0,0,2,2026-02-03,Economy(Basic),2026-01-02
22:15,00:38,1,YYZ,YVR,134,WS,1,,0,0,0,2,2026-02-03,Economy(Basic),2026-01-02
22:35,00:50,1,YYZ,YVR,134,AC,1,,0,0,0,2,2026-02-03,Economy(Basic),2026-01-02
12:50,15:10,0,YYZ,YVR,154,"PD, TS",2,,0,0,0,2,2026-02-03,Economy(Basic),2026-01-02
12:30,20:00,0,YTZ,YVR,197,AC(Jazz),1,YOW,1,0,0,2,2026-02-03,Economy(Basic),2026-01-02
08:00,10:00,0,YYZ,YVR,267,AC,1,,0,0,0,2,2026-02-03,Economy(Basic),2026-01-02
12:30,14:47,0,YYZ,YVR,267,AC,1,,0,0,0,2,2026-02-03,Economy(Basic),2026-01-02
14:10,16:27,0,YYZ,YVR,267,AC,1,,0,0,0,2,2026-02-03,Economy(Basic),2026-01-02
16:40,18:57,0,YYZ,YVR,267,AC,1,,0,0,0,2,2026-02-03,Economy(Basic),2026-01-02
07:55,10:20,0,YYZ,YVR,85,F8,1,,0,0,0,3,2026-02-04,Economy(Basic),2026-01-02
09:45,12:10,0,YYZ,YVR,85,F8,1,,0,0,0,3,2026-02-04,Economy(Basic),2026-01-02
07:15,09:42,0,YYZ,YVR,134,WS,1,,0,0,0,3,2026-02-04,Economy(Basic),2026-01-02
09:10,11:30,0,YYZ,YVR,134,"PD, TS",2,,0,0,0,3,2026-02-04,Economy(Basic),2026-01-02
10:00,12:15,0,YYZ,YVR,134,AC,1,,0,0,0,3,2026-02-04,Economy(Basic),2026-01-02
07:00,09:15,0,YYZ,YVR,134,AC,1,,0,0,0,3,2026-02-04,Economy(Basic),2026-01-02
08:00,10:00,0,YYZ,YVR,134,AC,1,,0,0,0,3,2026-02-04,Economy(Basic),2026-01-02
18:45,21:07,0,YYZ,YVR,134,"PD, TS",2,,0,0,0,3,2026-02-04,Economy(Basic),2026-01-02
18:45,21:08,0,YYZ,YVR,134,WS,1,,0,0,0,3,2026-02-04,Economy(Basic),2026-01-02
19:20,21:27,0,YYZ,YVR,134,AC,1,,0,0,0,3,2026-02-04,Economy(Basic),2026-01-02
20:20,22:20,0,YYZ,YVR,134,AC,1,,0,0,0,3,2026-02-04,Economy(Basic),2026-01-02
22:15,00:38,1,YYZ,YVR,134,WS,1,,0,0,0,3,2026-02-04,Economy(Basic),2026-01-02
22:35,00:50,1,YYZ,YVR,134,AC,1,,0,0,0,3,2026-02-04,Economy(Basic),2026-01-02
12:50,15:10,0,YYZ,YVR,154,"PD, TS",2,,0,0,0,3,2026-02-04,Economy(Basic),2026-01-02
12:30,20:00,0,YTZ,YVR,197,AC(Jazz),1,YOW,1,0,0,3,2026-02-04,Economy(Basic),2026-01-02
09:00,11:07,0,YYZ,YVR,267,AC,1,,0,0,0,3,2026-02-04,Economy(Basic),2026-01-02
12:40,14:55,0,YYZ,YVR,267,AC,1,,0,0,0,3,2026-02-04,Economy(Basic),2026-01-02
14:10,16:27,0,YYZ,YVR,267,AC,1,,0,0,0,3,2026-02-04,Economy(Basic),2026-01-02
18:45,20:52,0,YYZ,YVR,267,AC,1,,0,0,0,3,2026-02-04,Economy(Basic),2026-01-02
16:40,18:57,0,YYZ,YVR,302,AC,1,,0,0,0,3,2026-02-04,Economy(Basic),2026-01-02
07:55,10:20,0,YYZ,YVR,85,F8,1,,0,0,0,4,2026-02-05,Economy(Basic),2026-01-02
21:00,23:25,0,YYZ,YVR,85,F8,1,,0,0,0,4,2026-02-05,Economy(Basic),2026-01-02
07:15,09:42,0,YYZ,YVR,134,WS,1,,0,0,0,4,2026-02-05,Economy(Basic),2026-01-02
12:30,14:47,0,YYZ,YVR,134,AC,1,,0,0,0,4,2026-02-05,Economy(Basic),2026-01-02
20:15,22:37,0,YYZ,YVR,134,"PD, TS",2,,0,0,0,4,2026-02-05,Economy(Basic),2026-01-02
07:00,09:15,0,YYZ,YVR,134,AC,1,,0,0,0,4,2026-02-05,Economy(Basic),2026-01-02
20:20,22:20,0,YYZ,YVR,134,AC,1,,0,0,0,4,2026-02-05,Economy(Basic),2026-01-02
22:15,00:38,1,YYZ,YVR,134,WS,1,,0,0,0,4,2026-02-05,Economy(Basic),2026-01-02
22:35,00:50,1,YYZ,YVR,134,AC,1,,0,0,0,4,2026-02-05,Economy(Basic),2026-01-02
09:10,11:30,0,YYZ,YVR,154,"PD, TS",2,,0,0,0,4,2026-02-05,Economy(Basic),2026-01-02
12:50,15:10,0,YYZ,YVR,154,"PD, TS",2,,0,0,0,4,2026-02-05,Economy(Basic),2026-01-02
12:30,20:00,0,YTZ,YVR,197,AC(Jazz),1,YOW,1,0,0,4,2026-02-05,Economy(Basic),2026-01-02
08:00,10:00,0,YYZ,YVR,267,AC,1,,0,0,0,4,2026-02-05,Economy(Basic),2026-01-02
09:00,11:07,0,YYZ,YVR,267,AC,1,,0,0,0,4,2026-02-05,Economy(Basic),2026-01-02
10:00,12:15,0,YYZ,YVR,267,AC,1,,0,0,0,4,2026-02-05,Economy(Basic),2026-01-02
14:10,16:27,0,YYZ,YVR,267,AC,1,,0,0,0,4,2026-02-05,Economy(Basic),2026-01-02
16:40,18:57,0,YYZ,YVR,267,AC,1,,0,0,0,4,2026-02-05,Economy(Basic),2026-01-02
17:55,20:02,0,YYZ,YVR,267,AC,1,,0,0,0,4,2026-02-05,Economy(Basic),2026-01-02
18:45,20:52,0,YYZ,YVR,267,AC,1,,0,0,0,4,2026-02-05,Economy(Basic),2026-01-02
18:45,21:08,0,YYZ,YVR,442,WS,1,,0,0,0,4,2026-02-05,Economy(Basic),2026-01-02
12:30,14:53,0,YYZ,YVR,557,WS,1,,0,0,0,4,2026-02-05,Economy(Basic),2026-01-02
07:55,10:20,0,YYZ,YVR,85,F8,1,,0,0,0,5,2026-02-06,Economy(Basic),2026-01-02
09:45,12:10,0,YYZ,YVR,85,F8,1,,0,0,0,5,2026-02-06,Economy(Basic),2026-01-02
21:00,23:25,0,YYZ,YVR,85,F8,1,,0,0,0,5,2026-02-06,Economy(Basic),2026-01-02
07:15,09:42,0,YYZ,YVR,134,WS,1,,0,0,0,5,2026-02-06,Economy(Basic),2026-01-02
09:10,11:30,0,YYZ,YVR,134,"PD, TS",2,,0,0,0,5,2026-02-06,Economy(Basic),2026-01-02
07:00,09:15,0,YYZ,YVR,134,AC,1,,0,0,0,5,2026-02-06,Economy(Basic),2026-01-02
10:00,12:15,0,YYZ,YVR,134,AC,1,,0,0,0,5,2026-02-06,Economy(Basic),2026-01-02
14:10,16:27,0,YYZ,YVR,134,AC,1,,0,0,0,5,2026-02-06,Economy(Basic),2026-01-02
22:15,00:38,1,YYZ,YVR,134,WS,1,,0,0,0,5,2026-02-06,Economy(Basic),2026-01-02
22:35,00:50,1,YYZ,YVR,134,AC,1,,0,0,0,5,2026-02-06,Economy(Basic),2026-01-02
18:45,21:07,0,YYZ,YVR,154,"PD, TS",2,,0,0,0,5,2026-02-06,Economy(Basic),2026-01-02
12:50,15:10,0,YYZ,YVR,191,"PD, TS",2,,0,0,0,5,2026-02-06,Economy(Basic),2026-01-02
12:30,20:00,0,YTZ,YVR,197,AC(Jazz),1,YOW,1,0,0,5,2026-02-06,Economy(Basic),2026-01-02
08:00,10:00,0,YYZ,YVR,267,AC,1,,0,0,0,5,2026-02-06,Economy(Basic),2026-01-02
09:00,11:07,0,YYZ,YVR,267,AC,1,,0,0,0,5,2026-02-06,Economy(Basic),2026-01-02
17:55,20:02,0,YYZ,YVR,267,AC,1,,0,1,0,5,2026-02-06,Economy(Basic),2026-01-02
18:45,20:52,0,YYZ,YVR,267,AC,1,,0,0,0,5,2026-02-06,Economy(Basic),2026-01-02
20:20,22:20,0,YYZ,YVR,267,AC,1,,0,0,0,5,2026-02-06,Economy(Basic),2026-01-02
12:30,14:47,0,YYZ,YVR,302,AC,1,,0,0,0,5,2026-02-06,Economy(Basic),2026-01-02
16:40,18:57,0,YYZ,YVR,302,AC,1,,0,0,0,5,2026-02-06,Economy(Basic),2026-01-02
12:30,14:53,0,YYZ,YVR,343,WS,1,,0,0,0,5,2026-02-06,Economy(Basic),2026-01-02
18:45,21:08,0,YYZ,YVR,343,WS,1,,0,0,0,5,2026-02-06,Economy(Basic),2026-01-02
07:55,10:20,0,YYZ,YVR,85,F8,1,,0,0,0,6,2026-02-07,Economy(Basic),2026-01-02
09:10,11:30,0,YYZ,YVR,134,"PD, TS",2,,0,0,0,6,2026-02-07,Economy(Basic),2026-01-02
12:30,14:47,0,YYZ,YVR,134,AC,1,,0,0,0,6,2026-02-07,Economy(Basic),2026-01-02
22:15,00:38,1,YYZ,YVR,134,WS,1,,0,0,0,6,2026-02-07,Economy(Basic),2026-01-02
07:00,09:15,0,YYZ,YVR,134,AC,1,,0,0,0,6,2026-02-07,Economy(Basic),2026-01-02
08:00,10:00,0,YYZ,YVR,134,AC,1,,0,0,0,6,2026-02-07,Economy(Basic),2026-01-02
17:55,20:02,0,YYZ,YVR,134,AC,1,,0,0,0,6,2026-02-07,Economy(Basic),2026-01-02
18:45,20:52,0,YYZ,YVR,134,AC,1,,0,0,0,6,2026-02-07,Economy(Basic),2026-01-02
18:45,21:08,0,YYZ,YVR,134,WS,1,,0,0,0,6,2026-02-07,Economy(Basic),2026-01-02
19:25,21:47,0,YYZ,YVR,134,"PD, TS",2,,0,0,0,6,2026-02-07,Economy(Basic),2026-01-02
20:20,22:20,0,YYZ,YVR,134,AC,1,,0,0,0,6,2026-02-07,Economy(Basic),2026-01-02
22:35,00:50,1,YYZ,YVR,134,AC,1,,0,0,0,6,2026-02-07,Economy(Basic),2026-01-02
12:50,15:10,0,YYZ,YVR,191,"PD, TS",2,,0,0,0,6,2026-02-07,Economy(Basic),2026-01-02
20:30,10:15,1,YTZ,YVR,203,AC(Jazz),1,YUL,1,0,0,6,2026-02-07,Economy(Basic),2026-01-02
09:00,11:07,0,YYZ,YVR,267,AC,1,,0,0,0,6,2026-02-07,Economy(Basic),2026-01-02
10:00,12:15,0,YYZ,YVR,267,AC,1,,0,0,0,6,2026-02-07,Economy(Basic),2026-01-02
14:10,16:27,0,YYZ,YVR,267,AC,1,,0,0,0,6,2026-02-07,Economy(Basic),2026-01-02
16:40,18:57,0,YYZ,YVR,267,AC,1,,0,0,0,6,2026-02-07,Economy(Basic),2026-01-02
12:30,14:53,0,YYZ,YVR,557,WS,1,,0,0,0,6,2026-02-07,Economy(Basic),2026-01-02
09:45,12:10,0,YYZ,YVR,85,F8,1,,0,0,0,7,2026-02-08,Economy(Basic),2026-01-02
07:55,10:20,0,YYZ,YVR,85,F8,1,,0,0,0,7,2026-02-08,Economy(Basic),2026-01-02
21:00,23:25,0,YYZ,YVR,119,F8,1,,0,0,0,7,2026-02-08,Economy(Basic),2026-01-02
09:10,11:30,0,YYZ,YVR,134,"PD, TS",2,,0,0,0,7,2026-02-08,Economy(Basic),2026-01-02
14:10,16:27,0,YYZ,YVR,134,AC,1,,0,0,0,7,2026-02-08,Economy(Basic),2026-01-02
18:45,21:08,0,YYZ,YVR,134,WS,1,,0,0,0,7,2026-02-08,Economy(Basic),2026-01-02
07:00,09:15,0,YYZ,YVR,134,AC,1,,0,0,0,7,2026-02-08,Economy(Basic),2026-01-02
07:15,09:42,0,YYZ,YVR,134,WS,1,,0,0,0,7,2026-02-08,Economy(Basic),2026-01-02
08:00,10:00,0,YYZ,YVR,134,AC,1,,0,0,0,7,2026-02-08,Economy(Basic),2026-01-02
22:15,00:38,1,YYZ,YVR,134,WS,1,,0,0,0,7,2026-02-08,Economy(Basic),2026-01-02
22:35,00:50,1,YYZ,YVR,134,AC,1,,0,0,0,7,2026-02-08,Economy(Basic),2026-01-02
20:15,22:37,0,YYZ,YVR,154,"PD, TS",2,,0,0,0,7,2026-02-08,Economy(Basic),2026-01-02
12:50,15:10,0,YYZ,YVR,191,"PD, TS",2,,0,0,0,7,2026-02-08,Economy(Basic),2026-01-02
09:00,11:07,0,YYZ,YVR,267,AC,1,,0,0,0,7,2026-02-08,Economy(Basic),2026-01-02
17:55,20:02,0,YYZ,YVR,267,AC,1,,0,0,0,7,2026-02-08,Economy(Basic),2026-01-02
20:20,22:20,0,YYZ,YVR,267,AC,1,,0,0,0,7,2026-02-08,Economy(Basic),2026-01-02
12:30,20:00,0,YTZ,YVR,304,AC(Jazz),1,YOW,1,0,0,7,2026-02-08,Economy(Basic),2026-01-02
10:00,12:15,0,YYZ,YVR,339,AC,1,,0,0,0,7,2026-02-08,Economy(Basic),2026-01-02
18:45,20:52,0,YYZ,YVR,339,AC,1,,0,0,0,7,2026-02-08,Economy(Basic),2026-01-02
12:30,14:47,0,YYZ,YVR,443,AC,1,,0,1,0,7,2026-02-08,Economy(Basic),2026-01-02
16:40,18:57,0,YYZ,YVR,443,AC,1,,0,1,0,7,2026-02-08,Economy(Basic),2026-01-02
18:45,21:07,0,YYZ,YVR,253,"PD, TS",2,,0,1,1,1,2026-02-02,Economy,2026-01-02
09:00,11:07,0,YYZ,YVR,259,AC,1,,0,1,1,1,2026-02-02,Economy,2026-01-02
07:00,09:15,0,YYZ,YVR,259,AC,1,,0,1,1,1,2026-02-02,Economy,2026-01-02
16:40,18:57,0,YYZ,YVR,259,AC,1,,0,1,1,1,2026-02-02,Economy,2026-01-02
17:55,20:02,0,YYZ,YVR,259,AC,1,,0,1,1,1,2026-02-02,Economy,2026-01-02
18:45,20:52,0,YYZ,YVR,259,AC,1,,0,1,1,1,2026-02-02,Economy,2026-01-02
20:20,22:20,0,YYZ,YVR,259,AC,1,,0,1,1,1,2026-02-02,Economy,2026-01-02
09:10,11:30,0,YYZ,YVR,272,"PD, TS",2,,0,1,1,1,2026-02-02,Economy,2026-01-02
07:15,09:42,0,YYZ,YVR,274,WS,1,,0,1,1,1,2026-02-02,Economy,2026-01-02
09:10,11:30,0,YYZ,YVR,253,"PD, TS",2,,0,1,1,2,2026-02-03,Economy,2026-01-02
18:45,21:07,0,YYZ,YVR,253,"PD, TS",2,,0,1,1,2,2026-02-03,Economy,2026-01-02
09:00,11:07,0,YYZ,YVR,259,AC,1,,0,1,1,2,2026-02-03,Economy,2026-01-02
07:00,09:15,0,YYZ,YVR,259,AC,1,,0,1,1,2,2026-02-03,Economy,2026-01-02
10:00,12:07,0,YYZ,YVR,259,AC,1,,0,1,1,2,2026-02-03,Economy,2026-01-02
17:55,20:02,0,YYZ,YVR,259,AC,1,,0,1,1,2,2026-02-03,Economy,2026-01-02
18:45,20:52,0,YYZ,YVR,259,AC,1,,0,1,1,2,2026-02-03,Economy,2026-01-02
20:20,22:20,0,YYZ,YVR,259,AC,1,,0,1,1,2,2026-02-03,Economy,2026-01-02
07:15,09:42,0,YYZ,YVR,274,WS,1,,0,1,1,2,2026-02-03,Economy,2026-01-02
09:10,11:30,0,YYZ,YVR,253,"PD, TS",2,,0,1,1,3,2026-02-04,Economy,2026-01-02
18:45,21:07,0,YYZ,YVR,253,"PD, TS",2,,0,1,1,3,2026-02-04,Economy,2026-01-02
10:00,12:15,0,YYZ,YVR,259,AC,1,,0,1,1,3,2026-02-04,Economy,2026-01-02
07:00,09:15,0,YYZ,YVR,259,AC,1,,0,1,1,3,2026-02-04,Economy,2026-01-02
08:00,10:00,0,YYZ,YVR,259,AC,1,,0,1,1,3,2026-02-04,Economy,2026-01-02
19:20,21:27,0,YYZ,YVR,259,AC,1,,0,1,1,3,2026-02-04,Economy,2026-01-02
20:20,22:20,0,YYZ,YVR,259,AC,1,,0,1,1,3,2026-02-04,Economy,2026-01-02
22:35,00:50,1,YYZ,YVR,259,AC,1,,0,1,1,3,2026-02-04,Economy,2026-01-02
07:15,09:42,0,YYZ,YVR,274,WS,1,,0,1,1,3,2026-02-04,Economy,2026-01-02
20:15,22:37,0,YYZ,YVR,253,"PD, TS",2,,0,1,1,4,2026-02-05,Economy,2026-01-02
12:30,14:47,0,YYZ,YVR,259,AC,1,,0,1,1,4,2026-02-05,Economy,2026-01-02
07:00,09:15,0,YYZ,YVR,259,AC,1,,0,1,1,4,2026-02-05,Economy,2026-01-02
20:20,22:20,0,YYZ,YVR,259,AC,1,,0,1,1,4,2026-02-05,Economy,2026-01-02
22:35,00:50,1,YYZ,YVR,259,AC,1,,0,1,1,4,2026-02-05,Economy,2026-01-02
09:10,11:30,0,YYZ,YVR,272,"PD, TS",2,,0,1,1,4,2026-02-05,Economy,2026-01-02
12:50,15:10,0,YYZ,YVR,272,"PD, TS",2,,0,1,1,4,2026-02-05,Economy,2026-01-02
07:15,09:42,0,YYZ,YVR,274,WS,1,,0,1,1,4,2026-02-05,Economy,2026-01-02
17:00,20:55,0,YYZ,YVR,274,WS,1,YYC,1,1,1,4,2026-02-05,Economy,2026-01-02
22:15,00:38,1,YYZ,YVR,274,WS,1,,0,1,1,4,2026-02-05,Economy,2026-01-02
09:10,11:30,0,YYZ,YVR,253,"PD, TS",2,,0,1,1,5,2026-02-06,Economy,2026-01-02
10:00,12:15,0,YYZ,YVR,259,AC,1,,0,1,1,5,2026-02-06,Economy,2026-01-02
07:00,09:15,0,YYZ,YVR,259,AC,1,,0,1,1,5,2026-02-06,Economy,2026-01-02
14:10,16:27,0,YYZ,YVR,259,AC,1,,0,1,1,5,2026-02-06,Economy,2026-01-02
22:35,00:50,1,YYZ,YVR,259,AC,1,,0,1,1,5,2026-02-06,Economy,2026-01-02
18:45,21:07,0,YYZ,YVR,272,"PD, TS",2,,0,1,1,5,2026-02-06,Economy,2026-01-02
07:15,09:42,0,YYZ,YVR,274,WS,1,,0,1,1,5,2026-02-06,Economy,2026-01-02
17:00,20:55,0,YYZ,YVR,274,WS,1,YYC,1,1,1,5,2026-02-06,Economy,2026-01-02
22:15,00:38,1,YYZ,YVR,274,WS,1,,0,1,1,5,2026-02-06,Economy,2026-01-02
12:50,15:10,0,YYZ,YVR,310,"PD, TS",2,,0,1,1,5,2026-02-06,Economy,2026-01-02
09:10,11:30,0,YYZ,YVR,253,"PD, TS",2,,0,1,1,6,2026-02-07,Economy,2026-01-02
19:25,21:47,0,YYZ,YVR,253,"PD, TS",2,,0,1,1,6,2026-02-07,Economy,2026-01-02
12:30,14:47,0,YYZ,YVR,259,AC,1,,0,1,1,6,2026-02-07,Economy,2026-01-02
07:00,09:15,0,YYZ,YVR,259,AC,1,,0,1,1,6,2026-02-07,Economy,2026-01-02
08:00,10:00,0,YYZ,YVR,259,AC,1,,0,1,1,6,2026-02-07,Economy,2026-01-02
17:55,20:02,0,YYZ,YVR,259,AC,1,,0,1,1,6,2026-02-07,Economy,2026-01-02
18:45,20:52,0,YYZ,YVR,259,AC,1,,0,1,1,6,2026-02-07,Economy,2026-01-02
20:20,22:20,0,YYZ,YVR,259,AC,1,,0,1,1,6,2026-02-07,Economy,2026-01-02
22:15,00:38,1,YYZ,YVR,274,WS,1,,0,1,1,6,2026-02-07,Economy,2026-01-02
09:10,11:30,0,YYZ,YVR,253,"PD, TS",2,,0,1,1,7,2026-02-08,Economy,2026-01-02
14:10,16:27,0,YYZ,YVR,259,AC,1,,0,1,1,7,2026-02-08,Economy,2026-01-02
07:00,09:15,0,YYZ,YVR,259,AC,1,,0,1,1,7,2026-02-08,Economy,2026-01-02
08:00,10:00,0,YYZ,YVR,259,AC,1,,0,1,1,7,2026-02-08,Economy,2026-01-02
22:35,00:50,1,YYZ,YVR,259,AC,1,,0,1,1,7,2026-02-08,Economy,2026-01-02
20:15,22:37,0,YYZ,YVR,272,"PD, TS",2,,0,1,1,7,2026-02-08,Economy,2026-01-02
18:45,21:08,0,YYZ,YVR,274,WS,1,,0,1,1,7,2026-02-08,Economy,2026-01-02
07:15,09:42,0,YYZ,YVR,274,WS,1,,0,1,1,7,2026-02-08,Economy,2026-01-02
09:40,15:53,0,YYZ,YVR,274,WS,1,YWG,1,1,1,7,2026-02-08,Economy,2026-01-02
17:00,20:55,0,YYZ,YVR,274,WS,1,YYC,1,1,1,7,2026-02-08,Economy,2026-01-02
18:45,21:07,0,YYZ,YVR,326,"PD, TS",2,,0,1,2,1,2026-02-02,Economy(Premium),2026-01-02
09:10,11:30,0,YYZ,YVR,346,"PD, TS",2,,0,1,2,1,2026-02-02,Economy(Premium),2026-01-02
12:50,15:10,0,YYZ,YVR,470,"PD, TS",2,,0,1,2,1,2026-02-02,Economy(Premium),2026-01-02
07:15,09:42,0,YYZ,YVR,520,WS,1,,0,1,2,1,2026-02-02,Economy(Premium),2026-01-02
18:45,21:08,0,YYZ,YVR,520,WS,1,,0,1,2,1,2026-02-02,Economy(Premium),2026-01-02
22:15,00:38,1,YYZ,YVR,520,WS,1,,0,1,2,1,2026-02-02,Economy(Premium),2026-01-02
08:00,10:00,0,YYZ,YVR,910,AC,1,,0,1,2,1,2026-02-02,Economy(Premium),2026-01-02
18:45,20:52,0,YYZ,YVR,910,AC,1,,0,1,2,1,2026-02-02,Economy(Premium),2026-01-02
20:20,22:20,0,YYZ,YVR,910,AC,1,,0,1,2,1,2026-02-02,Economy(Premium),2026-01-02
12:30,20:00,0,YTZ,YVR,947,AC(Jazz),1,YOW,1,1,2,1,2026-02-02,Economy(Premium),2026-01-02
09:00,11:07,0,YYZ,YVR,1339,AC,1,,0,1,2,1,2026-02-02,Economy(Premium),2026-01-02
17:55,20:02,0,YYZ,YVR,1339,AC,1,,0,1,2,1,2026-02-02,Economy(Premium),2026-01-02
09:10,11:30,0,YYZ,YVR,326,"PD, TS",2,,0,1,2,2,2026-02-03,Economy(Premium),2026-01-02
18:45,21:07,0,YYZ,YVR,326,"PD, TS",2,,0,1,2,2,2026-02-03,Economy(Premium),2026-01-02
12:50,15:10,0,YYZ,YVR,346,"PD, TS",2,,0,1,2,2,2026-02-03,Economy(Premium),2026-01-02
07:15,09:42,0,YYZ,YVR,520,WS,1,,0,1,2,2,2026-02-03,Economy(Premium),2026-01-02
17:00,20:55,0,YYZ,YVR,520,WS,1,YYC,1,1,2,2,2026-02-03,Economy(Premium),2026-01-02
18:45,21:08,0,YYZ,YVR,520,WS,1,,0,1,2,2,2026-02-03,Economy(Premium),2026-01-02
22:15,00:38,1,YYZ,YVR,520,WS,1,,0,1,2,2,2026-02-03,Economy(Premium),2026-01-02
22:45,06:44,1,YYZ,YVR,558,WS,1,YXE,1,1,2,2,2026-02-03,Economy(Premium),2026-01-02
08:00,10:00,0,YYZ,YVR,910,AC,1,,0,1,2,2,2026-02-03,Economy(Premium),2026-01-02
09:00,11:07,0,YYZ,YVR,910,AC,1,,0,1,2,2,2026-02-03,Economy(Premium),2026-01-02
18:45,20:52,0,YYZ,YVR,910,AC,1,,0,1,2,2,2026-02-03,Economy(Premium),2026-01-02
20:20,22:20,0,YYZ,YVR,910,AC,1,,0,1,2,2,2026-02-03,Economy(Premium),2026-01-02
12:30,20:00,0,YTZ,YVR,947,AC(Jazz),1,YOW,1,1,2,2,2026-02-03,Economy(Premium),2026-01-02
10:00,12:07,0,YYZ,YVR,1339,AC,1,,0,1,2,2,2026-02-03,Economy(Premium),2026-01-02
17:55,20:02,0,YYZ,YVR,1339,AC,1,,0,1,2,2,2026-02-03,Economy(Premium),2026-01-02
09:10,11:30,0,YYZ,YVR,326,"PD, TS",2,,0,1,2,3,2026-02-04,Economy(Premium),2026-01-02
18:45,21:07,0,YYZ,YVR,326,"PD, TS",2,,0,1,2,3,2026-02-04,Economy(Premium),2026-01-02
12:50,15:10,0,YYZ,YVR,346,"PD, TS",2,,0,1,2,3,2026-02-04,Economy(Premium),2026-01-02
07:15,09:42,0,YYZ,YVR,520,WS,1,,0,1,2,3,2026-02-04,Economy(Premium),2026-01-02
18:45,21:08,0,YYZ,YVR,520,WS,1,,0,1,2,3,2026-02-04,Economy(Premium),2026-01-02
22:15,00:38,1,YYZ,YVR,520,WS,1,,0,1,2,3,2026-02-04,Economy(Premium),2026-01-02
13:30,18:49,0,YYZ,YVR,564,WS(Encore),1,"YYC, YLW",2,1,2,3,2026-02-04,Economy(Premium),2026-01-02
14:30,20:39,0,YYZ,YVR,564,WS(Encore),1,"YEG, YLW",2,1,2,3,2026-02-04,Economy(Premium),2026-01-02
08:00,10:00,0,YYZ,YVR,910,AC,1,,0,1,2,3,2026-02-04,Economy(Premium),2026-01-02
20:20,22:20,0,YYZ,YVR,910,AC,1,,0,1,2,3,2026-02-04,Economy(Premium),2026-01-02
12:30,20:00,0,YTZ,YVR,947,AC(Jazz),1,YOW,1,1,2,3,2026-02-04,Economy(Premium),2026-01-02
09:00,11:07,0,YYZ,YVR,1339,AC,1,,0,1,2,3,2026-02-04,Economy(Premium),2026-01-02
18:45,20:52,0,YYZ,YVR,1339,AC,1,,0,1,2,3,2026-02-04,Economy(Premium),2026-01-02
19:20,21:27,0,YYZ,YVR,1339,AC,1,,0,1,2,3,2026-02-04,Economy(Premium),2026-01-02
20:15,22:37,0,YYZ,YVR,326,"PD, TS",2,,0,1,2,4,2026-02-05,Economy(Premium),2026-01-02
09:10,11:30,0,YYZ,YVR,346,"PD, TS",2,,0,1,2,4,2026-02-05,Economy(Premium),2026-01-02
12:50,15:10,0,YYZ,YVR,346,"PD, TS",2,,0,1,2,4,2026-02-05,Economy(Premium),2026-01-02
07:15,09:42,0,YYZ,YVR,520,WS,1,,0,1,2,4,2026-02-05,Economy(Premium),2026-01-02
17:00,20:55,0,YYZ,YVR,520,WS,1,YYC,1,1,2,4,2026-02-05,Economy(Premium),2026-01-02
22:15,00:38,1,YYZ,YVR,520,WS,1,,0,1,2,4,2026-02-05,Economy(Premium),2026-01-02
08:00,10:00,0,YYZ,YVR,910,AC,1,,0,1,2,4,2026-02-05,Economy(Premium),2026-01-02
20:20,22:20,0,YYZ,YVR,910,AC,1,,0,1,2,4,2026-02-05,Economy(Premium),2026-01-02
20:30,10:15,1,YTZ,YVR,954,AC(Jazz),1,YUL,1,1,2,4,2026-02-05,Economy(Premium),2026-01-02
09:00,11:07,0,YYZ,YVR,1339,AC,1,,0,1,2,4,2026-02-05,Economy(Premium),2026-01-02
17:55,20:02,0,YYZ,YVR,1339,AC,1,,0,1,2,4,2026-02-05,Economy(Premium),2026-01-02
18:45,20:52,0,YYZ,YVR,1339,AC,1,,0,1,2,4,2026-02-05,Economy(Premium),2026-01-02
12:30,14:53,0,YYZ,YVR,1723,WS,1,,0,1,2,4,2026-02-05,Economy(Premium),2026-01-02
18:45,21:08,0,YYZ,YVR,1723,WS,1,,0,1,2,4,2026-02-05,Economy(Premium),2026-01-02
09:10,11:30,0,YYZ,YVR,326,"PD, TS",2,,0,1,2,5,2026-02-06,Economy(Premium),2026-01-02
18:45,21:07,0,YYZ,YVR,346,"PD, TS",2,,0,1,2,5,2026-02-06,Economy(Premium),2026-01-02
12:50,15:10,0,YYZ,YVR,470,"PD, TS",2,,0,1,2,5,2026-02-06,Economy(Premium),2026-01-02
07:15,09:42,0,YYZ,YVR,520,WS,1,,0,1,2,5,2026-02-06,Economy(Premium),2026-01-02
10:00,14:40,0,YYZ,YVR,520,WS,1,YYC,1,1,2,5,2026-02-06,Economy(Premium),2026-01-02
17:00,20:55,0,YYZ,YVR,520,WS,1,YYC,1,1,2,5,2026-02-06,Economy(Premium),2026-01-02
22:15,00:38,1,YYZ,YVR,520,WS,1,,0,1,2,5,2026-02-06,Economy(Premium),2026-01-02
18:45,21:08,0,YYZ,YVR,907,WS,1,,0,1,2,5,2026-02-06,Economy(Premium),2026-01-02
08:00,10:00,0,YYZ,YVR,910,AC,1,,0,1,2,5,2026-02-06,Economy(Premium),2026-01-02
18:45,20:52,0,YYZ,YVR,910,AC,1,,0,1,2,5,2026-02-06,Economy(Premium),2026-01-02
20:20,22:20,0,YYZ,YVR,910,AC,1,,0,1,2,5,2026-02-06,Economy(Premium),2026-01-02
12:30,20:00,0,YTZ,YVR,947,AC(Jazz),1,YOW,1,1,2,5,2026-02-06,Economy(Premium),2026-01-02
09:00,11:07,0,YYZ,YVR,1989,AC,1,,0,1,2,5,2026-02-06,Economy(Premium),2026-01-02
17:55,20:02,0,YYZ,YVR,1989,AC,1,,0,1,2,5,2026-02-06,Economy(Premium),2026-01-02
19:25,21:47,0,YYZ,YVR,326,"PD, TS",2,,0,1,2,6,2026-02-07,Economy(Premium),2026-01-02
12:50,15:10,0,YYZ,YVR,470,"PD, TS",2,,0,1,2,6,2026-02-07,Economy(Premium),2026-01-02
08:00,16:09,0,YYZ,YVR,497,WS(Encore),1,"YEG, YLW",2,1,0,6,2026-02-07,Economy(Premium),2026-01-02
18:45,21:08,0,YYZ,YVR,520,WS,1,,0,1,2,6,2026-02-07,Economy(Premium),2026-01-02
22:15,00:38,1,YYZ,YVR,520,WS,1,,0,1,2,6,2026-02-07,Economy(Premium),2026-01-02
09:10,11:30,0,YYZ,YVR,524,"PD, TS",2,,0,1,2,6,2026-02-07,Economy(Premium),2026-01-02
08:00,10:00,0,YYZ,YVR,910,AC,1,,0,1,2,6,2026-02-07,Economy(Premium),2026-01-02
20:20,22:20,0,YYZ,YVR,910,AC,1,,0,1,2,6,2026-02-07,Economy(Premium),2026-01-02
12:30,20:00,0,YTZ,YVR,947,AC(Jazz),1,YOW,1,1,2,6,2026-02-07,Economy(Premium),2026-01-02
17:55,20:02,0,YYZ,YVR,1339,AC,1,,0,1,2,6,2026-02-07,Economy(Premium),2026-01-02
18:45,20:52,0,YYZ,YVR,1339,AC,1,,0,1,2,6,2026-02-07,Economy(Premium),2026-01-02
12:30,14:53,0,YYZ,YVR,1723,WS,1,,0,1,2,6,2026-02-07,Economy(Premium),2026-01-02
09:00,11:07,0,YYZ,YVR,1989,AC,1,,0,1,2,6,2026-02-07,Economy(Premium),2026-01-02
20:15,22:37,0,YYZ,YVR,346,"PD, TS",2,,0,1,2,7,2026-02-08,Economy(Premium),2026-01-02
12:50,15:10,0,YYZ,YVR,470,"PD, TS",2,,0,1,2,7,2026-02-08,Economy(Premium),2026-01-02
17:35,07:13,1,YYZ,YVR,509,WS,1,YWG,1,1,0,7,2026-02-08,Economy(Premium),2026-01-02
22:15,00:38,1,YYZ,YVR,520,WS,1,,0,1,2,7,2026-02-08,Economy(Premium),2026-01-02
07:15,09:42,0,YYZ,YVR,520,WS,1,,0,1,2,7,2026-02-08,Economy(Premium),2026-01-02
07:45,12:40,0,YYZ,YVR,520,WS,1,YYC,1,1,2,7,2026-02-08,Economy(Premium),2026-01-02
08:00,13:23,0,YYZ,YVR,520,WS,1,YEG,1,1,2,7,2026-02-08,Economy(Premium),2026-01-02
09:10,11:30,0,YYZ,YVR,524,"PD, TS",2,,0,1,2,7,2026-02-08,Economy(Premium),2026-01-02
17:00,20:55,0,YYZ,YVR,684,WS,1,YYC,1,1,0,7,2026-02-08,Economy(Premium),2026-01-02
08:00,10:00,0,YYZ,YVR,910,AC,1,,0,1,2,7,2026-02-08,Economy(Premium),2026-01-02
09:00,11:07,0,YYZ,YVR,910,AC,1,,0,1,2,7,2026-02-08,Economy(Premium),2026-01-02
18:45,20:52,0,YYZ,YVR,910,AC,1,,0,1,2,7,2026-02-08,Economy(Premium),2026-01-02
20:20,22:20,0,YYZ,YVR,910,AC,1,,0,1,2,7,2026-02-08,Economy(Premium),2026-01-02
12:30,20:00,0,YTZ,YVR,947,AC(Jazz),1,YOW,1,1,2,7,2026-02-08,Economy(Premium),2026-01-02
17:55,20:02,0,YYZ,YVR,1339,AC,1,,0,1,2,7,2026-02-08,Economy(Premium),2026-01-02
18:45,21:08,0,YYZ,YVR,1723,WS,1,,0,1,2,7,2026-02-08,Economy(Premium),2026-01-02
07:55,10:20,0,YYZ,YVR,85,F8,1,,0,0,0,1,2026-02-02,Economy(Basic),2026-01-05
09:45,12:10,0,YYZ,YVR,85,F8,1,,0,0,0,1,2026-02-02,Economy(Basic),2026-01-05
07:15,09:42,0,YYZ,YVR,124,WS,1,,0,0,0,1,2026-02-02,Economy(Basic),2026-01-05
09:10,11:30,0,YYZ,YVR,124,"PD, TS",2,,0,0,0,1,2026-02-02,Economy(Basic),2026-01-05
10:00,12:15,0,YYZ,YVR,124,AC,1,,0,0,0,1,2026-02-02,Economy(Basic),2026-01-05
07:00,09:15,0,YYZ,YVR,124,AC,1,,0,0,0,1,2026-02-02,Economy(Basic),2026-01-05
08:00,10:00,0,YYZ,YVR,124,AC,1,,0,0,0,1,2026-02-02,Economy(Basic),2026-01-05
16:40,18:57,0,YYZ,YVR,124,AC,1,,0,0,0,1,2026-02-02,Economy(Basic),2026-01-05
17:55,20:02,0,YYZ,YVR,124,AC,1,,0,0,0,1,2026-02-02,Economy(Basic),2026-01-05
18:45,20:52,0,YYZ,YVR,124,AC,1,,0,0,0,1,2026-02-02,Economy(Basic),2026-01-05
18:45,21:07,0,YYZ,YVR,124,"PD, TS",2,,0,0,0,1,2026-02-02,Economy(Basic),2026-01-05
20:20,22:20,0,YYZ,YVR,124,AC,1,,0,0,0,1,2026-02-02,Economy(Basic),2026-01-05
22:15,00:38,1,YYZ,YVR,124,WS,1,,0,0,0,1,2026-02-02,Economy(Basic),2026-01-05
22:35,00:50,1,YYZ,YVR,124,AC,1,,0,0,0,1,2026-02-02,Economy(Basic),2026-01-05
12:50,15:10,0,YYZ,YVR,191,"PD, TS",2,,0,0,0,1,2026-02-02,Economy(Basic),2026-01-05
20:30,10:15,1,YTZ,YVR,200,AC(Jazz),1,YUL,1,0,0,1,2026-02-02,Economy(Basic),2026-01-05
09:00,11:07,0,YYZ,YVR,222,AC,1,,0,0,0,1,2026-02-02,Economy(Basic),2026-01-05
14:10,16:27,0,YYZ,YVR,261,AC,1,,0,0,0,1,2026-02-02,Economy(Basic),2026-01-05
18:45,21:08,0,YYZ,YVR,346,WS,1,,0,0,0,1,2026-02-02,Economy(Basic),2026-01-05
12:30,14:47,0,YYZ,YVR,443,AC,1,,0,1,0,1,2026-02-02,Economy(Basic),2026-01-05
12:30,14:53,0,YYZ,YVR,446,WS,1,,0,0,0,1,2026-02-02,Economy(Basic),2026-01-05
07:55,10:20,0,YYZ,YVR,85,F8,1,,0,0,0,2,2026-02-03,Economy(Basic),2026-01-05
09:45,12:10,0,YYZ,YVR,85,F8,1,,0,0,0,2,2026-02-03,Economy(Basic),2026-01-05
07:15,09:42,0,YYZ,YVR,124,WS,1,,0,0,0,2,2026-02-03,Economy(Basic),2026-01-05
09:00,11:07,0,YYZ,YVR,124,AC,1,,0,0,0,2,2026-02-03,Economy(Basic),2026-01-05
09:10,11:30,0,YYZ,YVR,124,"PD, TS",2,,0,0,0,2,2026-02-03,Economy(Basic),2026-01-05
07:00,09:15,0,YYZ,YVR,124,AC,1,,0,0,0,2,2026-02-03,Economy(Basic),2026-01-05
08:00,10:00,0,YYZ,YVR,124,AC,1,,0,0,0,2,2026-02-03,Economy(Basic),2026-01-05
10:00,12:07,0,YYZ,YVR,124,AC,1,,0,0,0,2,2026-02-03,Economy(Basic),2026-01-05
12:30,14:47,0,YYZ,YVR,124,AC,1,,0,0,0,2,2026-02-03,Economy(Basic),2026-01-05
14:10,16:27,0,YYZ,YVR,124,AC,1,,0,0,0,2,2026-02-03,Economy(Basic),2026-01-05
16:40,18:57,0,YYZ,YVR,124,AC,1,,0,0,0,2,2026-02-03,Economy(Basic),2026-01-05
17:55,20:02,0,YYZ,YVR,124,AC,1,,0,0,0,2,2026-02-03,Economy(Basic),2026-01-05
18:45,20:52,0,YYZ,YVR,124,AC,1,,0,0,0,2,2026-02-03,Economy(Basic),2026-01-05
18:45,21:07,0,YYZ,YVR,124,"PD, TS",2,,0,0,0,2,2026-02-03,Economy(Basic),2026-01-05
18:45,21:08,0,YYZ,YVR,124,WS,1,,0,0,0,2,2026-02-03,Economy(Basic),2026-01-05
20:20,22:20,0,YYZ,YVR,124,AC,1,,0,0,0,2,2026-02-03,Economy(Basic),2026-01-05
22:15,00:38,1,YYZ,YVR,124,WS,1,,0,0,0,2,2026-02-03,Economy(Basic),2026-01-05
22:35,00:50,1,YYZ,YVR,124,AC,1,,0,0,0,2,2026-02-03,Economy(Basic),2026-01-05
12:50,15:10,0,YYZ,YVR,154,"PD, TS",2,,0,0,0,2,2026-02-03,Economy(Basic),2026-01-05
12:30,20:00,0,YTZ,YVR,194,AC(Jazz),1,YOW,1,0,0,2,2026-02-03,Economy(Basic),2026-01-05
07:55,10:20,0,YYZ,YVR,85,F8,1,,0,0,0,3,2026-02-04,Economy(Basic),2026-01-05
09:45,12:10,0,YYZ,YVR,85,F8,1,,0,0,0,3,2026-02-04,Economy(Basic),2026-01-05
07:15,09:42,0,YYZ,YVR,124,WS,1,,0,0,0,3,2026-02-04,Economy(Basic),2026-01-05
09:00,11:07,0,YYZ,YVR,124,AC,1,,0,0,0,3,2026-02-04,Economy(Basic),2026-01-05
09:10,11:30,0,YYZ,YVR,124,"PD, TS",2,,0,0,0,3,2026-02-04,Economy(Basic),2026-01-05
07:00,09:15,0,YYZ,YVR,124,AC,1,,0,0,0,3,2026-02-04,Economy(Basic),2026-01-05
08:00,10:00,0,YYZ,YVR,124,AC,1,,0,0,0,3,2026-02-04,Economy(Basic),2026-01-05
10:00,12:15,0,YYZ,YVR,124,AC,1,,0,0,0,3,2026-02-04,Economy(Basic),2026-01-05
14:10,16:27,0,YYZ,YVR,124,AC,1,,0,0,0,3,2026-02-04,Economy(Basic),2026-01-05
18:45,21:07,0,YYZ,YVR,124,"PD, TS",2,,0,0,0,3,2026-02-04,Economy(Basic),2026-01-05
18:45,21:08,0,YYZ,YVR,124,WS,1,,0,0,0,3,2026-02-04,Economy(Basic),2026-01-05
19:20,21:27,0,YYZ,YVR,124,AC,1,,0,0,0,3,2026-02-04,Economy(Basic),2026-01-05
20:20,22:20,0,YYZ,YVR,124,AC,1,,0,0,0,3,2026-02-04,Economy(Basic),2026-01-05
22:15,00:38,1,YYZ,YVR,124,WS,1,,0,0,0,3,2026-02-04,Economy(Basic),2026-01-05
22:35,00:50,1,YYZ,YVR,124,AC,1,,0,0,0,3,2026-02-04,Economy(Basic),2026-01-05
12:50,15:10,0,YYZ,YVR,154,"PD, TS",2,,0,0,0,3,2026-02-04,Economy(Basic),2026-01-05
12:30,20:00,0,YTZ,YVR,194,AC(Jazz),1,YOW,1,0,0,3,2026-02-04,Economy(Basic),2026-01-05
12:40,14:55,0,YYZ,YVR,222,AC,1,,0,0,0,3,2026-02-04,Economy(Basic),2026-01-05
18:45,20:52,0,YYZ,YVR,222,AC,1,,0,0,0,3,2026-02-04,Economy(Basic),2026-01-05
16:40,18:57,0,YYZ,YVR,261,AC,1,,0,0,0,3,2026-02-04,Economy(Basic),2026-01-05
21:00,23:25,0,YYZ,YVR,85,F8,1,,0,0,0,4,2026-02-05,Economy(Basic),2026-01-05
07:55,10:20,0,YYZ,YVR,119,F8,1,,0,0,0,4,2026-02-05,Economy(Basic),2026-01-05
07:15,09:42,0,YYZ,YVR,124,WS,1,,0,0,0,4,2026-02-05,Economy(Basic),2026-01-05
12:30,14:47,0,YYZ,YVR,124,AC,1,,0,0,0,4,2026-02-05,Economy(Basic),2026-01-05
12:50,15:10,0,YYZ,YVR,124,"PD, TS",2,,0,0,0,4,2026-02-05,Economy(Basic),2026-01-05
07:00,09:15,0,YYZ,YVR,124,AC,1,,0,0,0,4,2026-02-05,Economy(Basic),2026-01-05
08:00,10:00,0,YYZ,YVR,124,AC,1,,0,0,0,4,2026-02-05,Economy(Basic),2026-01-05
09:00,11:07,0,YYZ,YVR,124,AC,1,,0,0,0,4,2026-02-05,Economy(Basic),2026-01-05
09:10,11:30,0,YYZ,YVR,124,"PD, TS",2,,0,0,0,4,2026-02-05,Economy(Basic),2026-01-05
16:40,18:57,0,YYZ,YVR,124,AC,1,,0,0,0,4,2026-02-05,Economy(Basic),2026-01-05
17:55,20:02,0,YYZ,YVR,124,AC,1,,0,0,0,4,2026-02-05,Economy(Basic),2026-01-05
20:15,22:37,0,YYZ,YVR,124,"PD, TS",2,,0,0,0,4,2026-02-05,Economy(Basic),2026-01-05
20:20,22:20,0,YYZ,YVR,124,AC,1,,0,0,0,4,2026-02-05,Economy(Basic),2026-01-05
22:15,00:38,1,YYZ,YVR,124,WS,1,,0,0,0,4,2026-02-05,Economy(Basic),2026-01-05
22:35,00:50,1,YYZ,YVR,124,AC,1,,0,0,0,4,2026-02-05,Economy(Basic),2026-01-05
12:30,20:00,0,YTZ,YVR,194,AC(Jazz),1,YOW,1,0,0,4,2026-02-05,Economy(Basic),2026-01-05
10:00,12:15,0,YYZ,YVR,222,AC,1,,0,0,0,4,2026-02-05,Economy(Basic),2026-01-05
14:10,16:27,0,YYZ,YVR,222,AC,1,,0,0,0,4,2026-02-05,Economy(Basic),2026-01-05
18:45,20:52,0,YYZ,YVR,222,AC,1,,0,0,0,4,2026-02-05,Economy(Basic),2026-01-05
18:45,21:08,0,YYZ,YVR,346,WS,1,,0,0,0,4,2026-02-05,Economy(Basic),2026-01-05
12:30,14:53,0,YYZ,YVR,561,WS,1,,0,0,0,4,2026-02-05,Economy(Basic),2026-01-05
09:45,12:10,0,YYZ,YVR,85,F8,1,,0,0,0,5,2026-02-06,Economy(Basic),2026-01-05
07:55,10:20,0,YYZ,YVR,85,F8,1,,0,0,0,5,2026-02-06,Economy(Basic),2026-01-05
21:00,23:25,0,YYZ,YVR,85,F8,1,,0,0,0,5,2026-02-06,Economy(Basic),2026-01-05
12:30,14:53,0,YYZ,YVR,124,WS,1,,0,0,0,5,2026-02-06,Economy(Basic),2026-01-05
12:50,15:10,0,YYZ,YVR,124,"PD, TS",2,,0,0,0,5,2026-02-06,Economy(Basic),2026-01-05
07:00,09:15,0,YYZ,YVR,124,AC,1,,0,0,0,5,2026-02-06,Economy(Basic),2026-01-05
07:15,09:42,0,YYZ,YVR,124,WS,1,,0,0,0,5,2026-02-06,Economy(Basic),2026-01-05
08:00,10:00,0,YYZ,YVR,124,AC,1,,0,0,0,5,2026-02-06,Economy(Basic),2026-01-05
09:00,11:07,0,YYZ,YVR,124,AC,1,,0,0,0,5,2026-02-06,Economy(Basic),2026-01-05
10:00,12:15,0,YYZ,YVR,124,AC,1,,0,0,0,5,2026-02-06,Economy(Basic),2026-01-05
16:40,18:57,0,YYZ,YVR,124,AC,1,,0,0,0,5,2026-02-06,Economy(Basic),2026-01-05
17:55,20:02,0,YYZ,YVR,124,AC,1,,0,0,0,5,2026-02-06,Economy(Basic),2026-01-05
18:45,20:52,0,YYZ,YVR,124,AC,1,,0,0,0,5,2026-02-06,Economy(Basic),2026-01-05
18:45,21:07,0,YYZ,YVR,124,"PD, TS",2,,0,0,0,5,2026-02-06,Economy(Basic),2026-01-05
20:20,22:20,0,YYZ,YVR,124,AC,1,,0,0,0,5,2026-02-06,Economy(Basic),2026-01-05
22:15,00:38,1,YYZ,YVR,124,WS,1,,0,0,0,5,2026-02-06,Economy(Basic),2026-01-05
22:35,00:50,1,YYZ,YVR,124,AC,1,,0,0,0,5,2026-02-06,Economy(Basic),2026-01-05
09:10,11:30,0,YYZ,YVR,134,"PD, TS",2,,0,0,0,5,2026-02-06,Economy(Basic),2026-01-05
12:30,20:00,0,YTZ,YVR,194,AC(Jazz),1,YOW,1,0,0,5,2026-02-06,Economy(Basic),2026-01-05
14:10,16:27,0,YYZ,YVR,222,AC,1,,0,0,0,5,2026-02-06,Economy(Basic),2026-01-05
12:30,14:47,0,YYZ,YVR,339,AC,1,,0,0,0,5,2026-02-06,Economy(Basic),2026-01-05
18:45,21:08,0,YYZ,YVR,346,WS,1,,0,0,0,5,2026-02-06,Economy(Basic),2026-01-05
07:55,10:20,0,YYZ,YVR,85,F8,1,,0,0,0,6,2026-02-07,Economy(Basic),2026-01-05
09:00,11:07,0,YYZ,YVR,124,AC,1,,0,0,0,6,2026-02-07,Economy(Basic),2026-01-05
09:10,11:30,0,YYZ,YVR,124,"PD, TS",2,,0,0,0,6,2026-02-07,Economy(Basic),2026-01-05
22:15,00:38,1,YYZ,YVR,124,WS,1,,0,0,0,6,2026-02-07,Economy(Basic),2026-01-05
07:00,09:15,0,YYZ,YVR,124,AC,1,,0,0,0,6,2026-02-07,Economy(Basic),2026-01-05
08:00,10:00,0,YYZ,YVR,124,AC,1,,0,0,0,6,2026-02-07,Economy(Basic),2026-01-05
12:30,14:47,0,YYZ,YVR,124,AC,1,,0,0,0,6,2026-02-07,Economy(Basic),2026-01-05
16:40,18:57,0,YYZ,YVR,124,AC,1,,0,0,0,6,2026-02-07,Economy(Basic),2026-01-05
17:55,20:02,0,YYZ,YVR,124,AC,1,,0,0,0,6,2026-02-07,Economy(Basic),2026-01-05
18:45,20:52,0,YYZ,YVR,124,AC,1,,0,0,0,6,2026-02-07,Economy(Basic),2026-01-05
18:45,21:08,0,YYZ,YVR,124,WS,1,,0,0,0,6,2026-02-07,Economy(Basic),2026-01-05
19:25,21:47,0,YYZ,YVR,124,"PD, TS",2,,0,0,0,6,2026-02-07,Economy(Basic),2026-01-05
20:20,22:20,0,YYZ,YVR,124,AC,1,,0,0,0,6,2026-02-07,Economy(Basic),2026-01-05
22:35,00:50,1,YYZ,YVR,124,AC,1,,0,0,0,6,2026-02-07,Economy(Basic),2026-01-05
12:50,15:10,0,YYZ,YVR,154,"PD, TS",2,,0,0,0,6,2026-02-07,Economy(Basic),2026-01-05
12:30,20:00,0,YTZ,YVR,194,AC(Jazz),1,YOW,1,0,0,6,2026-02-07,Economy(Basic),2026-01-05
10:00,12:15,0,YYZ,YVR,222,AC,1,,0,0,0,6,2026-02-07,Economy(Basic),2026-01-05
14:10,16:27,0,YYZ,YVR,222,AC,1,,0,0,0,6,2026-02-07,Economy(Basic),2026-01-05
09:45,12:10,0,YYZ,YVR,85,F8,1,,0,0,0,7,2026-02-08,Economy(Basic),2026-01-05
07:55,10:20,0,YYZ,YVR,85,F8,1,,0,0,0,7,2026-02-08,Economy(Basic),2026-01-05
21:00,23:25,0,YYZ,YVR,119,F8,1,,0,0,0,7,2026-02-08,Economy(Basic),2026-01-05
17:55,20:02,0,YYZ,YVR,124,AC,1,,0,0,0,7,2026-02-08,Economy(Basic),2026-01-05
18:45,21:08,0,YYZ,YVR,124,WS,1,,0,0,0,7,2026-02-08,Economy(Basic),2026-01-05
20:15,22:37,0,YYZ,YVR,124,"PD, TS",2,,0,0,0,7,2026-02-08,Economy(Basic),2026-01-05
07:00,09:15,0,YYZ,YVR,124,AC,1,,0,0,0,7,2026-02-08,Economy(Basic),2026-01-05
07:15,09:42,0,YYZ,YVR,124,WS,1,,0,0,0,7,2026-02-08,Economy(Basic),2026-01-05
09:00,11:07,0,YYZ,YVR,124,AC,1,,0,0,0,7,2026-02-08,Economy(Basic),2026-01-05
12:30,14:47,0,YYZ,YVR,124,AC,1,,0,0,0,7,2026-02-08,Economy(Basic),2026-01-05
14:10,16:27,0,YYZ,YVR,124,AC,1,,0,0,0,7,2026-02-08,Economy(Basic),2026-01-05
20:20,22:20,0,YYZ,YVR,124,AC,1,,0,0,0,7,2026-02-08,Economy(Basic),2026-01-05
22:15,00:38,1,YYZ,YVR,124,WS,1,,0,0,0,7,2026-02-08,Economy(Basic),2026-01-05
22:35,00:50,1,YYZ,YVR,124,AC,1,,0,0,0,7,2026-02-08,Economy(Basic),2026-01-05
09:10,11:30,0,YYZ,YVR,134,"PD, TS",2,,0,0,0,7,2026-02-08,Economy(Basic),2026-01-05
12:50,15:10,0,YYZ,YVR,191,"PD, TS",2,,0,0,0,7,2026-02-08,Economy(Basic),2026-01-05
12:30,20:00,0,YTZ,YVR,194,AC(Jazz),1,YOW,1,0,0,7,2026-02-08,Economy(Basic),2026-01-05
08:00,10:00,0,YYZ,YVR,222,AC,1,,0,0,0,7,2026-02-08,Economy(Basic),2026-01-05
18:45,20:52,0,YYZ,YVR,261,AC,1,,0,0,0,7,2026-02-08,Economy(Basic),2026-01-05
10:00,12:15,0,YYZ,YVR,339,AC,1,,0,0,0,7,2026-02-08,Economy(Basic),2026-01-05
16:40,18:57,0,YYZ,YVR,339,AC,1,,0,0,0,7,2026-02-08,Economy(Basic),2026-01-05
09:10,11:30,0,YYZ,YVR,243,"PD, TS",2,,0,1,1,1,2026-02-02,Economy,2026-01-05
18:45,21:07,0,YYZ,YVR,243,"PD, TS",2,,0,1,1,1,2026-02-02,Economy,2026-01-05
10:00,12:15,0,YYZ,YVR,256,AC,1,,0,1,1,1,2026-02-02,Economy,2026-01-05
07:00,09:15,0,YYZ,YVR,256,AC,1,,0,1,1,1,2026-02-02,Economy,2026-01-05
08:00,10:00,0,YYZ,YVR,256,AC,1,,0,1,1,1,2026-02-02,Economy,2026-01-05
16:40,18:57,0,YYZ,YVR,256,AC,1,,0,1,1,1,2026-02-02,Economy,2026-01-05
17:55,20:02,0,YYZ,YVR,256,AC,1,,0,1,1,1,2026-02-02,Economy,2026-01-05
18:45,20:52,0,YYZ,YVR,256,AC,1,,0,1,1,1,2026-02-02,Economy,2026-01-05
07:15,09:42,0,YYZ,YVR,271,WS,1,,0,1,1,1,2026-02-02,Economy,2026-01-05
09:10,11:30,0,YYZ,YVR,243,"PD, TS",2,,0,1,1,2,2026-02-03,Economy,2026-01-05
18:45,21:07,0,YYZ,YVR,243,"PD, TS",2,,0,1,1,2,2026-02-03,Economy,2026-01-05
09:00,11:07,0,YYZ,YVR,256,AC,1,,0,1,1,2,2026-02-03,Economy,2026-01-05
07:00,09:15,0,YYZ,YVR,256,AC,1,,0,1,1,2,2026-02-03,Economy,2026-01-05
08:00,10:00,0,YYZ,YVR,256,AC,1,,0,1,1,2,2026-02-03,Economy,2026-01-05
10:00,12:07,0,YYZ,YVR,256,AC,1,,0,1,1,2,2026-02-03,Economy,2026-01-05
12:30,14:47,0,YYZ,YVR,256,AC,1,,0,1,1,2,2026-02-03,Economy,2026-01-05
14:10,16:27,0,YYZ,YVR,256,AC,1,,0,1,1,2,2026-02-03,Economy,2026-01-05
07:15,09:42,0,YYZ,YVR,271,WS,1,,0,1,1,2,2026-02-03,Economy,2026-01-05
09:10,11:30,0,YYZ,YVR,243,"PD, TS",2,,0,1,1,3,2026-02-04,Economy,2026-01-05
18:45,21:07,0,YYZ,YVR,243,"PD, TS",2,,0,1,1,3,2026-02-04,Economy,2026-01-05
09:00,11:07,0,YYZ,YVR,256,AC,1,,0,1,1,3,2026-02-04,Economy,2026-01-05
07:00,09:15,0,YYZ,YVR,256,AC,1,,0,1,1,3,2026-02-04,Economy,2026-01-05
08:00,10:00,0,YYZ,YVR,256,AC,1,,0,1,1,3,2026-02-04,Economy,2026-01-05
10:00,12:15,0,YYZ,YVR,256,AC,1,,0,1,1,3,2026-02-04,Economy,2026-01-05
14:10,16:27,0,YYZ,YVR,256,AC,1,,0,1,1,3,2026-02-04,Economy,2026-01-05
19:20,21:27,0,YYZ,YVR,256,AC,1,,0,1,1,3,2026-02-04,Economy,2026-01-05
07:15,09:42,0,YYZ,YVR,271,WS,1,,0,1,1,3,2026-02-04,Economy,2026-01-05
09:10,11:30,0,YYZ,YVR,243,"PD, TS",2,,0,1,1,4,2026-02-05,Economy,2026-01-05
12:50,15:10,0,YYZ,YVR,243,"PD, TS",2,,0,1,1,4,2026-02-05,Economy,2026-01-05
20:15,22:37,0,YYZ,YVR,243,"PD, TS",2,,0,1,1,4,2026-02-05,Economy,2026-01-05
09:00,11:07,0,YYZ,YVR,256,AC,1,,0,1,1,4,2026-02-05,Economy,2026-01-05
07:00,09:15,0,YYZ,YVR,256,AC,1,,0,1,1,4,2026-02-05,Economy,2026-01-05
08:00,10:00,0,YYZ,YVR,256,AC,1,,0,1,1,4,2026-02-05,Economy,2026-01-05
12:30,14:47,0,YYZ,YVR,256,AC,1,,0,1,1,4,2026-02-05,Economy,2026-01-05
16:40,18:57,0,YYZ,YVR,256,AC,1,,0,1,1,4,2026-02-05,Economy,2026-01-05
07:15,09:42,0,YYZ,YVR,271,WS,1,,0,1,1,4,2026-02-05,Economy,2026-01-05
12:50,15:10,0,YYZ,YVR,243,"PD, TS",2,,0,1,1,5,2026-02-06,Economy,2026-01-05
18:45,21:07,0,YYZ,YVR,243,"PD, TS",2,,0,1,1,5,2026-02-06,Economy,2026-01-05
09:10,11:30,0,YYZ,YVR,253,"PD, TS",2,,0,1,1,5,2026-02-06,Economy,2026-01-05
09:00,11:07,0,YYZ,YVR,256,AC,1,,0,1,1,5,2026-02-06,Economy,2026-01-05
07:00,09:15,0,YYZ,YVR,256,AC,1,,0,1,1,5,2026-02-06,Economy,2026-01-05
08:00,10:00,0,YYZ,YVR,256,AC,1,,0,1,1,5,2026-02-06,Economy,2026-01-05
10:00,12:15,0,YYZ,YVR,256,AC,1,,0,1,1,5,2026-02-06,Economy,2026-01-05
16:40,18:57,0,YYZ,YVR,256,AC,1,,0,1,1,5,2026-02-06,Economy,2026-01-05
12:30,14:53,0,YYZ,YVR,271,WS,1,,0,1,1,5,2026-02-06,Economy,2026-01-05
09:10,11:30,0,YYZ,YVR,243,"PD, TS",2,,0,1,1,6,2026-02-07,Economy,2026-01-05
19:25,21:47,0,YYZ,YVR,243,"PD, TS",2,,0,1,1,6,2026-02-07,Economy,2026-01-05
09:00,11:07,0,YYZ,YVR,256,AC,1,,0,1,1,6,2026-02-07,Economy,2026-01-05
07:00,09:15,0,YYZ,YVR,256,AC,1,,0,1,1,6,2026-02-07,Economy,2026-01-05
08:00,10:00,0,YYZ,YVR,256,AC,1,,0,1,1,6,2026-02-07,Economy,2026-01-05
12:30,14:47,0,YYZ,YVR,256,AC,1,,0,1,1,6,2026-02-07,Economy,2026-01-05
16:40,18:57,0,YYZ,YVR,256,AC,1,,0,1,1,6,2026-02-07,Economy,2026-01-05
17:55,20:02,0,YYZ,YVR,256,AC,1,,0,1,1,6,2026-02-07,Economy,2026-01-05
22:15,00:38,1,YYZ,YVR,271,WS,1,,0,1,1,6,2026-02-07,Economy,2026-01-05
20:15,22:37,0,YYZ,YVR,243,"PD, TS",2,,0,1,1,7,2026-02-08,Economy,2026-01-05
09:10,11:30,0,YYZ,YVR,253,"PD, TS",2,,0,1,1,7,2026-02-08,Economy,2026-01-05
14:10,16:27,0,YYZ,YVR,256,AC,1,,0,1,1,7,2026-02-08,Economy,2026-01-05
07:00,09:15,0,YYZ,YVR,256,AC,1,,0,1,1,7,2026-02-08,Economy,2026-01-05
09:00,11:07,0,YYZ,YVR,256,AC,1,,0,1,1,7,2026-02-08,Economy,2026-01-05
12:30,14:47,0,YYZ,YVR,256,AC,1,,0,1,1,7,2026-02-08,Economy,2026-01-05
17:55,20:02,0,YYZ,YVR,256,AC,1,,0,1,1,7,2026-02-08,Economy,2026-01-05
20:20,22:20,0,YYZ,YVR,256,AC,1,,0,1,1,7,2026-02-08,Economy,2026-01-05
18:45,21:08,0,YYZ,YVR,271,WS,1,,0,1,1,7,2026-02-08,Economy,2026-01-05
09:10,11:30,0,YYZ,YVR,346,"PD, TS",2,,0,1,2,1,2026-02-02,Economy(Premium),2026-01-05
18:45,21:07,0,YYZ,YVR,346,"PD, TS",2,,0,1,2,1,2026-02-02,Economy(Premium),2026-01-05
07:15,09:42,0,YYZ,YVR,420,WS,1,,0,1,2,1,2026-02-02,Economy(Premium),2026-01-05
09:40,15:40,0,YYZ,YVR,420,WS,1,"YWG, YYC",2,1,2,1,2026-02-02,Economy(Premium),2026-01-05
22:15,00:38,1,YYZ,YVR,420,WS,1,,0,1,2,1,2026-02-02,Economy(Premium),2026-01-05
12:50,15:10,0,YYZ,YVR,459,"PD, TS",2,,0,1,2,1,2026-02-02,Economy(Premium),2026-01-05
18:45,21:08,0,YYZ,YVR,598,WS,1,,0,1,2,1,2026-02-02,Economy(Premium),2026-01-05
17:00,20:55,0,YYZ,YVR,695,WS,1,YYC,1,1,2,1,2026-02-02,Economy(Premium),2026-01-05
18:45,20:52,0,YYZ,YVR,910,AC,1,,0,1,2,1,2026-02-02,Economy(Premium),2026-01-05
20:20,22:20,0,YYZ,YVR,910,AC,1,,0,1,2,1,2026-02-02,Economy(Premium),2026-01-05
12:30,20:00,0,YTZ,YVR,947,AC(Jazz),1,YOW,1,1,2,1,2026-02-02,Economy(Premium),2026-01-05
08:00,10:00,0,YYZ,YVR,1243,AC,1,,0,1,2,1,2026-02-02,Economy(Premium),2026-01-05
09:00,11:07,0,YYZ,YVR,1243,AC,1,,0,1,2,1,2026-02-02,Economy(Premium),2026-01-05
17:55,20:02,0,YYZ,YVR,1243,AC,1,,0,1,2,1,2026-02-02,Economy(Premium),2026-01-05
09:10,11:30,0,YYZ,YVR,346,"PD, TS",2,,0,1,2,2,2026-02-03,Economy(Premium),2026-01-05
18:45,21:07,0,YYZ,YVR,346,"PD, TS",2,,0,1,2,2,2026-02-03,Economy(Premium),2026-01-05
13:30,18:49,0,YYZ,YVR,416,WS(Encore),1,"YYC, YLW",2,1,2,2,2026-02-03,Economy(Premium),2026-01-05
07:15,09:42,0,YYZ,YVR,420,WS,1,,0,1,2,2,2026-02-03,Economy(Premium),2026-01-05
17:00,20:55,0,YYZ,YVR,420,WS,1,YYC,1,1,2,2,2026-02-03,Economy(Premium),2026-01-05
10:00,15:40,0,YYZ,YVR,420,WS,1,YYC,1,1,2,2,2026-02-03,Economy(Premium),2026-01-05
18:45,21:08,0,YYZ,YVR,420,WS,1,,0,1,2,2,2026-02-03,Economy(Premium),2026-01-05
22:15,00:38,1,YYZ,YVR,420,WS,1,,0,1,2,2,2026-02-03,Economy(Premium),2026-01-05
12:50,15:10,0,YYZ,YVR,524,"PD, TS",2,,0,1,2,2,2026-02-03,Economy(Premium),2026-01-05
08:00,10:00,0,YYZ,YVR,910,AC,1,,0,1,2,2,2026-02-03,Economy(Premium),2026-01-05
09:00,11:07,0,YYZ,YVR,910,AC,1,,0,1,2,2,2026-02-03,Economy(Premium),2026-01-05
18:45,20:52,0,YYZ,YVR,910,AC,1,,0,1,2,2,2026-02-03,Economy(Premium),2026-01-05
20:20,22:20,0,YYZ,YVR,910,AC,1,,0,1,2,2,2026-02-03,Economy(Premium),2026-01-05
12:30,20:00,0,YTZ,YVR,947,AC(Jazz),1,YOW,1,1,2,2,2026-02-03,Economy(Premium),2026-01-05
10:00,12:07,0,YYZ,YVR,1243,AC,1,,0,1,2,2,2026-02-03,Economy(Premium),2026-01-05
17:55,20:02,0,YYZ,YVR,1989,AC,1,,0,1,2,2,2026-02-03,Economy(Premium),2026-01-05
09:10,11:30,0,YYZ,YVR,346,"PD, TS",2,,0,1,2,3,2026-02-04,Economy(Premium),2026-01-05
12:50,15:10,0,YYZ,YVR,346,"PD, TS",2,,0,1,2,3,2026-02-04,Economy(Premium),2026-01-05
18:45,21:07,0,YYZ,YVR,346,"PD, TS",2,,0,1,2,3,2026-02-04,Economy(Premium),2026-01-05
13:30,18:49,0,YYZ,YVR,416,WS(Encore),1,"YYC, YLW",2,1,2,3,2026-02-04,Economy(Premium),2026-01-05
07:15,09:42,0,YYZ,YVR,420,WS,1,,0,1,2,3,2026-02-04,Economy(Premium),2026-01-05
18:45,21:08,0,YYZ,YVR,420,WS,1,,0,1,2,3,2026-02-04,Economy(Premium),2026-01-05
22:15,00:38,1,YYZ,YVR,420,WS,1,,0,1,2,3,2026-02-04,Economy(Premium),2026-01-05
17:00,20:55,0,YYZ,YVR,598,WS,1,YYC,1,1,2,3,2026-02-04,Economy(Premium),2026-01-05
08:00,10:00,0,YYZ,YVR,910,AC,1,,0,1,2,3,2026-02-04,Economy(Premium),2026-01-05
20:20,22:20,0,YYZ,YVR,910,AC,1,,0,1,2,3,2026-02-04,Economy(Premium),2026-01-05
12:30,20:00,0,YTZ,YVR,947,AC(Jazz),1,YOW,1,1,2,3,2026-02-04,Economy(Premium),2026-01-05
09:00,11:07,0,YYZ,YVR,1243,AC,1,,0,1,2,3,2026-02-04,Economy(Premium),2026-01-05
18:45,20:52,0,YYZ,YVR,1243,AC,1,,0,1,2,3,2026-02-04,Economy(Premium),2026-01-05
19:20,21:27,0,YYZ,YVR,1243,AC,1,,0,1,2,3,2026-02-04,Economy(Premium),2026-01-05
09:10,11:30,0,YYZ,YVR,346,"PD, TS",2,,0,1,2,4,2026-02-05,Economy(Premium),2026-01-05
12:50,15:10,0,YYZ,YVR,346,"PD, TS",2,,0,1,2,4,2026-02-05,Economy(Premium),2026-01-05
20:15,22:37,0,YYZ,YVR,346,"PD, TS",2,,0,1,2,4,2026-02-05,Economy(Premium),2026-01-05
07:45,18:49,0,YYZ,YVR,416,WS(Encore),1,"YYC, YLW",2,1,2,4,2026-02-05,Economy(Premium),2026-01-05
17:00,20:55,0,YYZ,YVR,420,WS,1,YYC,1,1,2,4,2026-02-05,Economy(Premium),2026-01-05
22:15,00:38,1,YYZ,YVR,420,WS,1,,0,1,2,4,2026-02-05,Economy(Premium),2026-01-05
07:15,09:42,0,YYZ,YVR,420,WS,1,,0,1,2,4,2026-02-05,Economy(Premium),2026-01-05
22:45,08:28,1,YYZ,YVR,458,WS,1,"YXE, YYC",2,1,2,4,2026-02-05,Economy(Premium),2026-01-05
08:00,10:00,0,YYZ,YVR,910,AC,1,,0,1,2,4,2026-02-05,Economy(Premium),2026-01-05
20:20,22:20,0,YYZ,YVR,910,AC,1,,0,1,2,4,2026-02-05,Economy(Premium),2026-01-05
20:30,10:15,1,YTZ,YVR,954,AC(Jazz),1,YUL,1,1,2,4,2026-02-05,Economy(Premium),2026-01-05
09:00,11:07,0,YYZ,YVR,1243,AC,1,,0,1,2,4,2026-02-05,Economy(Premium),2026-01-05
18:45,20:52,0,YYZ,YVR,1243,AC,1,,0,1,2,4,2026-02-05,Economy(Premium),2026-01-05
12:30,14:53,0,YYZ,YVR,1723,WS,1,,0,1,2,4,2026-02-05,Economy(Premium),2026-01-05
18:45,21:08,0,YYZ,YVR,1723,WS,1,,0,1,2,4,2026-02-05,Economy(Premium),2026-01-05
17:55,20:02,0,YYZ,YVR,1989,AC,1,,0,1,2,4,2026-02-05,Economy(Premium),2026-01-05
09:10,11:30,0,YYZ,YVR,346,"PD, TS",2,,0,1,2,5,2026-02-06,Economy(Premium),2026-01-05
12:50,15:10,0,YYZ,YVR,346,"PD, TS",2,,0,1,2,5,2026-02-06,Economy(Premium),2026-01-05
18:45,21:07,0,YYZ,YVR,346,"PD, TS",2,,0,1,2,5,2026-02-06,Economy(Premium),2026-01-05
10:00,18:49,0,YYZ,YVR,416,WS(Encore),1,"YYC, YLW",2,1,2,5,2026-02-06,Economy(Premium),2026-01-05
07:15,09:42,0,YYZ,YVR,420,WS,1,,0,1,2,5,2026-02-06,Economy(Premium),2026-01-05
17:00,20:55,0,YYZ,YVR,420,WS,1,YYC,1,1,2,5,2026-02-06,Economy(Premium),2026-01-05
22:15,00:38,1,YYZ,YVR,420,WS,1,,0,1,2,5,2026-02-06,Economy(Premium),2026-01-05
10:00,14:40,0,YYZ,YVR,598,WS,1,YYC,1,1,2,5,2026-02-06,Economy(Premium),2026-01-05
14:30,18:43,0,YYZ,YVR,695,WS,1,YEG,1,1,2,5,2026-02-06,Economy(Premium),2026-01-05
08:00,10:00,0,YYZ,YVR,910,AC,1,,0,1,2,5,2026-02-06,Economy(Premium),2026-01-05
18:45,20:52,0,YYZ,YVR,910,AC,1,,0,1,2,5,2026-02-06,Economy(Premium),2026-01-05
20:20,22:20,0,YYZ,YVR,910,AC,1,,0,1,2,5,2026-02-06,Economy(Premium),2026-01-05
12:30,20:00,0,YTZ,YVR,947,AC(Jazz),1,YOW,1,1,2,5,2026-02-06,Economy(Premium),2026-01-05
18:45,21:08,0,YYZ,YVR,1723,WS,1,,0,1,2,5,2026-02-06,Economy(Premium),2026-01-05
09:00,11:07,0,YYZ,YVR,1989,AC,1,,0,1,2,5,2026-02-06,Economy(Premium),2026-01-05
17:55,20:02,0,YYZ,YVR,1989,AC,1,,0,1,2,5,2026-02-06,Economy(Premium),2026-01-05
09:10,11:30,0,YYZ,YVR,346,"PD, TS",2,,0,1,2,6,2026-02-07,Economy(Premium),2026-01-05
12:50,15:10,0,YYZ,YVR,346,"PD, TS",2,,0,1,2,6,2026-02-07,Economy(Premium),2026-01-05
19:25,21:47,0,YYZ,YVR,346,"PD, TS",2,,0,1,2,6,2026-02-07,Economy(Premium),2026-01-05
22:50,15:53,1,YYZ,YVR,399,WS,1,YWG,1,1,0,6,2026-02-07,Economy(Premium),2026-01-05
18:45,21:08,0,YYZ,YVR,420,WS,1,,0,1,2,6,2026-02-07,Economy(Premium),2026-01-05
22:15,00:38,1,YYZ,YVR,420,WS,1,,0,1,2,6,2026-02-07,Economy(Premium),2026-01-05
08:00,10:00,0,YYZ,YVR,910,AC,1,,0,1,2,6,2026-02-07,Economy(Premium),2026-01-05
20:20,22:20,0,YYZ,YVR,910,AC,1,,0,1,2,6,2026-02-07,Economy(Premium),2026-01-05
12:30,20:00,0,YTZ,YVR,947,AC(Jazz),1,YOW,1,1,2,6,2026-02-07,Economy(Premium),2026-01-05
17:55,20:02,0,YYZ,YVR,1243,AC,1,,0,1,2,6,2026-02-07,Economy(Premium),2026-01-05
18:45,20:52,0,YYZ,YVR,1243,AC,1,,0,1,2,6,2026-02-07,Economy(Premium),2026-01-05
12:30,14:53,0,YYZ,YVR,1723,WS,1,,0,1,2,6,2026-02-07,Economy(Premium),2026-01-05
09:00,11:07,0,YYZ,YVR,1989,AC,1,,0,1,2,6,2026-02-07,Economy(Premium),2026-01-05
20:15,22:37,0,YYZ,YVR,346,"PD, TS",2,,0,1,2,7,2026-02-08,Economy(Premium),2026-01-05
22:50,07:13,1,YYZ,YVR,399,WS,1,YWG,1,1,0,7,2026-02-08,Economy(Premium),2026-01-05
08:00,13:23,0,YYZ,YVR,420,WS,1,YEG,1,1,2,7,2026-02-08,Economy(Premium),2026-01-05
22:15,00:38,1,YYZ,YVR,420,WS,1,,0,1,2,7,2026-02-08,Economy(Premium),2026-01-05
07:15,09:42,0,YYZ,YVR,420,WS,1,,0,1,2,7,2026-02-08,Economy(Premium),2026-01-05
09:40,15:53,0,YYZ,YVR,420,WS,1,YWG,1,1,2,7,2026-02-08,Economy(Premium),2026-01-05
12:50,15:10,0,YYZ,YVR,459,"PD, TS",2,,0,1,2,7,2026-02-08,Economy(Premium),2026-01-05
09:10,11:30,0,YYZ,YVR,524,"PD, TS",2,,0,1,2,7,2026-02-08,Economy(Premium),2026-01-05
08:00,10:00,0,YYZ,YVR,910,AC,1,,0,1,2,7,2026-02-08,Economy(Premium),2026-01-05
09:00,11:07,0,YYZ,YVR,910,AC,1,,0,1,2,7,2026-02-08,Economy(Premium),2026-01-05
18:45,20:52,0,YYZ,YVR,910,AC,1,,0,1,2,7,2026-02-08,Economy(Premium),2026-01-05
20:20,22:20,0,YYZ,YVR,910,AC,1,,0,1,2,7,2026-02-08,Economy(Premium),2026-01-05
12:30,20:00,0,YTZ,YVR,947,AC(Jazz),1,YOW,1,1,2,7,2026-02-08,Economy(Premium),2026-01-05
17:55,20:02,0,YYZ,YVR,1243,AC,1,,0,1,2,7,2026-02-08,Economy(Premium),2026-01-05
18:45,21:08,0,YYZ,YVR,1723,WS,1,,0,1,2,7,2026-02-08,Economy(Premium),2026-01-05
07:55,10:20,0,YYZ,YVR,83,F8,1,,0,0,0,1,2026-02-02,Economy(Basic),2026-01-09
09:45,12:10,0,YYZ,YVR,83,F8,1,,0,0,0,1,2026-02-02,Economy(Basic),2026-01-09
17:55,20:02,0,YYZ,YVR,124,AC,1,,0,0,0,1,2026-02-02,Economy(Basic),2026-01-09
18:45,21:07,0,YYZ,YVR,124,"PD, TS",2,,0,0,0,1,2026-02-02,Economy(Basic),2026-01-09
18:45,21:08,0,YYZ,YVR,124,WS,1,,0,0,0,1,2026-02-02,Economy(Basic),2026-01-09
07:00,09:15,0,YYZ,YVR,124,AC,1,,0,0,0,1,2026-02-02,Economy(Basic),2026-01-09
07:15,09:42,0,YYZ,YVR,124,WS,1,,0,0,0,1,2026-02-02,Economy(Basic),2026-01-09
18:45,20:52,0,YYZ,YVR,124,AC,1,,0,0,0,1,2026-02-02,Economy(Basic),2026-01-09
20:20,22:20,0,YYZ,YVR,124,AC,1,,0,0,0,1,2026-02-02,Economy(Basic),2026-01-09
22:15,00:38,1,YYZ,YVR,124,WS,1,,0,0,0,1,2026-02-02,Economy(Basic),2026-01-09
22:35,00:50,1,YYZ,YVR,124,AC,1,,0,0,0,1,2026-02-02,Economy(Basic),2026-01-09
09:10,11:30,0,YYZ,YVR,134,"PD, TS",2,,0,0,0,1,2026-02-02,Economy(Basic),2026-01-09
20:30,10:15,1,YTZ,YVR,197,AC(Jazz),1,YUL,1,0,0,1,2026-02-02,Economy(Basic),2026-01-09
08:00,10:00,0,YYZ,YVR,221,AC,1,,0,0,0,1,2026-02-02,Economy(Basic),2026-01-09
09:00,11:07,0,YYZ,YVR,221,AC,1,,0,0,0,1,2026-02-02,Economy(Basic),2026-01-09
14:10,16:27,0,YYZ,YVR,221,AC,1,,0,0,0,1,2026-02-02,Economy(Basic),2026-01-09
16:40,18:57,0,YYZ,YVR,221,AC,1,,0,0,0,1,2026-02-02,Economy(Basic),2026-01-09
12:50,15:10,0,YYZ,YVR,278,"PD, TS",2,,0,0,0,1,2026-02-02,Economy(Basic),2026-01-09
12:30,14:53,0,YYZ,YVR,352,WS,1,,0,0,0,1,2026-02-02,Economy(Basic),2026-01-09
10:00,12:15,0,YYZ,YVR,443,AC,1,,0,1,0,1,2026-02-02,Economy(Basic),2026-01-09
12:30,14:47,0,YYZ,YVR,443,AC,1,,0,1,0,1,2026-02-02,Economy(Basic),2026-01-09
07:55,10:20,0,YYZ,YVR,83,F8,1,,0,0,0,2,2026-02-03,Economy(Basic),2026-01-09
09:45,12:10,0,YYZ,YVR,83,F8,1,,0,0,0,2,2026-02-03,Economy(Basic),2026-01-09
07:15,09:42,0,YYZ,YVR,124,WS,1,,0,0,0,2,2026-02-03,Economy(Basic),2026-01-09
09:00,11:07,0,YYZ,YVR,124,AC,1,,0,0,0,2,2026-02-03,Economy(Basic),2026-01-09
09:10,11:30,0,YYZ,YVR,124,"PD, TS",2,,0,0,0,2,2026-02-03,Economy(Basic),2026-01-09
07:00,09:15,0,YYZ,YVR,124,AC,1,,0,0,0,2,2026-02-03,Economy(Basic),2026-01-09
10:00,12:07,0,YYZ,YVR,124,AC,1,,0,0,0,2,2026-02-03,Economy(Basic),2026-01-09
16:40,18:57,0,YYZ,YVR,124,AC,1,,0,0,0,2,2026-02-03,Economy(Basic),2026-01-09
17:55,20:02,0,YYZ,YVR,124,AC,1,,0,0,0,2,2026-02-03,Economy(Basic),2026-01-09
18:45,20:52,0,YYZ,YVR,124,AC,1,,0,0,0,2,2026-02-03,Economy(Basic),2026-01-09
18:45,21:07,0,YYZ,YVR,124,"PD, TS",2,,0,0,0,2,2026-02-03,Economy(Basic),2026-01-09
18:45,21:08,0,YYZ,YVR,124,WS,1,,0,0,0,2,2026-02-03,Economy(Basic),2026-01-09
20:20,22:20,0,YYZ,YVR,124,AC,1,,0,0,0,2,2026-02-03,Economy(Basic),2026-01-09
22:15,00:38,1,YYZ,YVR,124,WS,1,,0,0,0,2,2026-02-03,Economy(Basic),2026-01-09
22:35,00:50,1,YYZ,YVR,124,AC,1,,0,0,0,2,2026-02-03,Economy(Basic),2026-01-09
12:50,15:10,0,YYZ,YVR,134,"PD, TS",2,,0,0,0,2,2026-02-03,Economy(Basic),2026-01-09
12:30,20:00,0,YTZ,YVR,190,AC(Jazz),1,YOW,1,0,0,2,2026-02-03,Economy(Basic),2026-01-09
08:00,10:00,0,YYZ,YVR,221,AC,1,,0,0,0,2,2026-02-03,Economy(Basic),2026-01-09
12:30,14:47,0,YYZ,YVR,221,AC,1,,0,0,0,2,2026-02-03,Economy(Basic),2026-01-09
14:10,16:27,0,YYZ,YVR,221,AC,1,,0,0,0,2,2026-02-03,Economy(Basic),2026-01-09
07:55,10:20,0,YYZ,YVR,83,F8,1,,0,0,0,3,2026-02-04,Economy(Basic),2026-01-09
09:45,12:10,0,YYZ,YVR,83,F8,1,,0,0,0,3,2026-02-04,Economy(Basic),2026-01-09
07:00,09:15,0,YYZ,YVR,124,AC,1,,0,0,0,3,2026-02-04,Economy(Basic),2026-01-09
07:15,09:42,0,YYZ,YVR,124,WS,1,,0,0,0,3,2026-02-04,Economy(Basic),2026-01-09
09:10,11:30,0,YYZ,YVR,124,"PD, TS",2,,0,0,0,3,2026-02-04,Economy(Basic),2026-01-09
16:40,18:57,0,YYZ,YVR,124,AC,1,,0,0,0,3,2026-02-04,Economy(Basic),2026-01-09
18:45,21:07,0,YYZ,YVR,124,"PD, TS",2,,0,0,0,3,2026-02-04,Economy(Basic),2026-01-09
18:45,21:08,0,YYZ,YVR,124,WS,1,,0,0,0,3,2026-02-04,Economy(Basic),2026-01-09
19:20,21:27,0,YYZ,YVR,124,AC,1,,0,0,0,3,2026-02-04,Economy(Basic),2026-01-09
20:20,22:20,0,YYZ,YVR,124,AC,1,,0,0,0,3,2026-02-04,Economy(Basic),2026-01-09
22:15,00:38,1,YYZ,YVR,124,WS,1,,0,0,0,3,2026-02-04,Economy(Basic),2026-01-09
22:35,00:50,1,YYZ,YVR,124,AC,1,,0,0,0,3,2026-02-04,Economy(Basic),2026-01-09
12:50,15:10,0,YYZ,YVR,134,"PD, TS",2,,0,0,0,3,2026-02-04,Economy(Basic),2026-01-09
12:30,20:50,0,YTZ,YVR,197,AC(Jazz),1,YUL,1,0,0,3,2026-02-04,Economy(Basic),2026-01-09
08:00,10:00,0,YYZ,YVR,221,AC,1,,0,0,0,3,2026-02-04,Economy(Basic),2026-01-09
09:00,11:07,0,YYZ,YVR,221,AC,1,,0,0,0,3,2026-02-04,Economy(Basic),2026-01-09
10:00,12:15,0,YYZ,YVR,221,AC,1,,0,0,0,3,2026-02-04,Economy(Basic),2026-01-09
12:40,14:55,0,YYZ,YVR,221,AC,1,,0,0,0,3,2026-02-04,Economy(Basic),2026-01-09
14:10,16:27,0,YYZ,YVR,221,AC,1,,0,0,0,3,2026-02-04,Economy(Basic),2026-01-09
18:45,20:52,0,YYZ,YVR,221,AC,1,,0,0,0,3,2026-02-04,Economy(Basic),2026-01-09
07:55,10:20,0,YYZ,YVR,83,F8,1,,0,0,0,4,2026-02-05,Economy(Basic),2026-01-09
21:00,23:25,0,YYZ,YVR,83,F8,1,,0,0,0,4,2026-02-05,Economy(Basic),2026-01-09
07:00,09:15,0,YYZ,YVR,124,AC,1,,0,0,0,4,2026-02-05,Economy(Basic),2026-01-09
07:15,09:42,0,YYZ,YVR,124,WS,1,,0,0,0,4,2026-02-05,Economy(Basic),2026-01-09
22:15,00:38,1,YYZ,YVR,124,WS,1,,0,0,0,4,2026-02-05,Economy(Basic),2026-01-09
22:35,00:50,1,YYZ,YVR,124,AC,1,,0,0,0,4,2026-02-05,Economy(Basic),2026-01-09
12:50,15:10,0,YYZ,YVR,134,"PD, TS",2,,0,0,0,4,2026-02-05,Economy(Basic),2026-01-09
09:10,11:30,0,YYZ,YVR,134,"PD, TS",2,,0,0,0,4,2026-02-05,Economy(Basic),2026-01-09
20:15,22:37,0,YYZ,YVR,134,"PD, TS",2,,0,0,0,4,2026-02-05,Economy(Basic),2026-01-09
10:45,16:11,0,YTZ,YVR,214,AC(Jazz),1,YUL,1,0,0,4,2026-02-05,Economy(Basic),2026-01-09
08:00,10:00,0,YYZ,YVR,221,AC,1,,0,0,0,4,2026-02-05,Economy(Basic),2026-01-09
09:00,11:07,0,YYZ,YVR,221,AC,1,,0,0,0,4,2026-02-05,Economy(Basic),2026-01-09
10:00,12:15,0,YYZ,YVR,221,AC,1,,0,0,0,4,2026-02-05,Economy(Basic),2026-01-09
12:30,14:47,0,YYZ,YVR,221,AC,1,,0,0,0,4,2026-02-05,Economy(Basic),2026-01-09
14:10,16:27,0,YYZ,YVR,221,AC,1,,0,0,0,4,2026-02-05,Economy(Basic),2026-01-09
16:40,18:57,0,YYZ,YVR,221,AC,1,,0,0,0,4,2026-02-05,Economy(Basic),2026-01-09
17:55,20:02,0,YYZ,YVR,221,AC,1,,0,0,0,4,2026-02-05,Economy(Basic),2026-01-09
18:45,20:52,0,YYZ,YVR,221,AC,1,,0,0,0,4,2026-02-05,Economy(Basic),2026-01-09
20:20,22:20,0,YYZ,YVR,221,AC,1,,0,0,0,4,2026-02-05,Economy(Basic),2026-01-09
12:30,14:53,0,YYZ,YVR,352,WS,1,,0,0,0,4,2026-02-05,Economy(Basic),2026-01-09
18:45,21:08,0,YYZ,YVR,352,WS,1,,0,0,0,4,2026-02-05,Economy(Basic),2026-01-09
07:55,10:20,0,YYZ,YVR,83,F8,1,,0,0,0,5,2026-02-06,Economy(Basic),2026-01-09
09:45,12:10,0,YYZ,YVR,83,F8,1,,0,0,0,5,2026-02-06,Economy(Basic),2026-01-09
21:00,23:25,0,YYZ,YVR,119,F8,1,,0,0,0,5,2026-02-06,Economy(Basic),2026-01-09
07:15,09:42,0,YYZ,YVR,124,WS,1,,0,0,0,5,2026-02-06,Economy(Basic),2026-01-09
10:00,12:15,0,YYZ,YVR,124,AC,1,,0,0,0,5,2026-02-06,Economy(Basic),2026-01-09
18:45,21:07,0,YYZ,YVR,124,"PD, TS",2,,0,0,0,5,2026-02-06,Economy(Basic),2026-01-09
07:00,09:15,0,YYZ,YVR,124,AC,1,,0,0,0,5,2026-02-06,Economy(Basic),2026-01-09
08:00,10:00,0,YYZ,YVR,124,AC,1,,0,0,0,5,2026-02-06,Economy(Basic),2026-01-09
09:00,11:07,0,YYZ,YVR,124,AC,1,,0,0,0,5,2026-02-06,Economy(Basic),2026-01-09
17:55,20:02,0,YYZ,YVR,124,AC,1,,0,0,0,5,2026-02-06,Economy(Basic),2026-01-09
20:20,22:20,0,YYZ,YVR,124,AC,1,,0,0,0,5,2026-02-06,Economy(Basic),2026-01-09
22:15,00:38,1,YYZ,YVR,124,WS,1,,0,0,0,5,2026-02-06,Economy(Basic),2026-01-09
22:35,00:50,1,YYZ,YVR,124,AC,1,,0,0,0,5,2026-02-06,Economy(Basic),2026-01-09
09:10,11:30,0,YYZ,YVR,134,"PD, TS",2,,0,0,0,5,2026-02-06,Economy(Basic),2026-01-09
18:45,21:08,0,YYZ,YVR,152,WS,1,,0,0,0,5,2026-02-06,Economy(Basic),2026-01-09
12:30,20:00,0,YTZ,YVR,190,AC(Jazz),1,YOW,1,0,0,5,2026-02-06,Economy(Basic),2026-01-09
14:10,16:27,0,YYZ,YVR,221,AC,1,,0,0,0,5,2026-02-06,Economy(Basic),2026-01-09
16:40,18:57,0,YYZ,YVR,221,AC,1,,0,0,0,5,2026-02-06,Economy(Basic),2026-01-09
18:45,20:52,0,YYZ,YVR,221,AC,1,,0,0,0,5,2026-02-06,Economy(Basic),2026-01-09
12:50,15:10,0,YYZ,YVR,278,"PD, TS",2,,0,0,0,5,2026-02-06,Economy(Basic),2026-01-09
12:30,14:47,0,YYZ,YVR,339,AC,1,,0,0,0,5,2026-02-06,Economy(Basic),2026-01-09
12:30,14:53,0,YYZ,YVR,352,WS,1,,0,0,0,5,2026-02-06,Economy(Basic),2026-01-09
07:55,10:20,0,YYZ,YVR,83,F8,1,,0,0,0,6,2026-02-07,Economy(Basic),2026-01-09
08:00,10:00,0,YYZ,YVR,124,AC,1,,0,0,0,6,2026-02-07,Economy(Basic),2026-01-09
09:10,11:30,0,YYZ,YVR,124,"PD, TS",2,,0,0,0,6,2026-02-07,Economy(Basic),2026-01-09
22:15,00:38,1,YYZ,YVR,124,WS,1,,0,0,0,6,2026-02-07,Economy(Basic),2026-01-09
07:00,09:15,0,YYZ,YVR,124,AC,1,,0,0,0,6,2026-02-07,Economy(Basic),2026-01-09
17:55,20:02,0,YYZ,YVR,124,AC,1,,0,0,0,6,2026-02-07,Economy(Basic),2026-01-09
18:45,20:52,0,YYZ,YVR,124,AC,1,,0,0,0,6,2026-02-07,Economy(Basic),2026-01-09
18:45,21:08,0,YYZ,YVR,124,WS,1,,0,0,0,6,2026-02-07,Economy(Basic),2026-01-09
19:25,21:47,0,YYZ,YVR,124,"PD, TS",2,,0,0,0,6,2026-02-07,Economy(Basic),2026-01-09
20:20,22:20,0,YYZ,YVR,124,AC,1,,0,0,0,6,2026-02-07,Economy(Basic),2026-01-09
22:35,00:50,1,YYZ,YVR,124,AC,1,,0,0,0,6,2026-02-07,Economy(Basic),2026-01-09
12:50,15:10,0,YYZ,YVR,134,"PD, TS",2,,0,0,0,6,2026-02-07,Economy(Basic),2026-01-09
09:00,11:07,0,YYZ,YVR,221,AC,1,,0,0,0,6,2026-02-07,Economy(Basic),2026-01-09
10:00,12:15,0,YYZ,YVR,221,AC,1,,0,0,0,6,2026-02-07,Economy(Basic),2026-01-09
12:30,14:47,0,YYZ,YVR,221,AC,1,,0,0,0,6,2026-02-07,Economy(Basic),2026-01-09
14:10,16:27,0,YYZ,YVR,221,AC,1,,0,0,0,6,2026-02-07,Economy(Basic),2026-01-09
16:40,18:57,0,YYZ,YVR,221,AC,1,,0,0,0,6,2026-02-07,Economy(Basic),2026-01-09
12:30,20:00,0,YTZ,YVR,259,AC(Jazz),1,YOW,1,0,0,6,2026-02-07,Economy(Basic),2026-01-09
12:30,14:53,0,YYZ,YVR,352,WS,1,,0,0,0,6,2026-02-07,Economy(Basic),2026-01-09
09:45,12:10,0,YYZ,YVR,83,F8,1,,0,0,0,7,2026-02-08,Economy(Basic),2026-01-09
07:55,10:20,0,YYZ,YVR,83,F8,1,,0,0,0,7,2026-02-08,Economy(Basic),2026-01-09
21:00,23:25,0,YYZ,YVR,83,F8,1,,0,0,0,7,2026-02-08,Economy(Basic),2026-01-09
16:40,18:57,0,YYZ,YVR,124,AC,1,,0,0,0,7,2026-02-08,Economy(Basic),2026-01-09
18:45,21:08,0,YYZ,YVR,124,WS,1,,0,0,0,7,2026-02-08,Economy(Basic),2026-01-09
07:00,09:15,0,YYZ,YVR,124,AC,1,,0,0,0,7,2026-02-08,Economy(Basic),2026-01-09
07:15,09:42,0,YYZ,YVR,124,WS,1,,0,0,0,7,2026-02-08,Economy(Basic),2026-01-09
08:00,10:00,0,YYZ,YVR,124,AC,1,,0,0,0,7,2026-02-08,Economy(Basic),2026-01-09
20:20,22:20,0,YYZ,YVR,124,AC,1,,0,0,0,7,2026-02-08,Economy(Basic),2026-01-09
22:15,00:38,1,YYZ,YVR,124,WS,1,,0,0,0,7,2026-02-08,Economy(Basic),2026-01-09
22:35,00:50,1,YYZ,YVR,124,AC,1,,0,0,0,7,2026-02-08,Economy(Basic),2026-01-09
09:10,11:30,0,YYZ,YVR,134,"PD, TS",2,,0,0,0,7,2026-02-08,Economy(Basic),2026-01-09
20:15,22:37,0,YYZ,YVR,134,"PD, TS",2,,0,0,0,7,2026-02-08,Economy(Basic),2026-01-09
09:00,11:07,0,YYZ,YVR,221,AC,1,,0,0,0,7,2026-02-08,Economy(Basic),2026-01-09
17:55,20:02,0,YYZ,YVR,221,AC,1,,0,0,0,7,2026-02-08,Economy(Basic),2026-01-09
18:45,20:52,0,YYZ,YVR,221,AC,1,,0,0,0,7,2026-02-08,Economy(Basic),2026-01-09
12:30,20:00,0,YTZ,YVR,259,AC(Jazz),1,YOW,1,0,0,7,2026-02-08,Economy(Basic),2026-01-09
12:50,15:10,0,YYZ,YVR,278,"PD, TS",2,,0,0,0,7,2026-02-08,Economy(Basic),2026-01-09
10:00,12:15,0,YYZ,YVR,339,AC,1,,0,0,0,7,2026-02-08,Economy(Basic),2026-01-09
12:30,14:47,0,YYZ,YVR,443,AC,1,,0,1,0,7,2026-02-08,Economy(Basic),2026-01-09
14:10,16:27,0,YYZ,YVR,443,AC,1,,0,1,0,7,2026-02-08,Economy(Basic),2026-01-09
12:30,14:53,0,YYZ,YVR,650,WS,1,,0,1,0,7,2026-02-08,Economy(Basic),2026-01-09
18:45,21:07,0,YYZ,YVR,243,"PD, TS",2,,0,1,1,1,2026-02-02,Economy,2026-01-09
09:10,11:30,0,YYZ,YVR,253,"PD, TS",2,,0,1,1,1,2026-02-02,Economy,2026-01-09
07:00,09:15,0,YYZ,YVR,258,AC,1,,0,1,1,1,2026-02-02,Economy,2026-01-09
17:55,20:02,0,YYZ,YVR,258,AC,1,,0,1,1,1,2026-02-02,Economy,2026-01-09
18:45,20:52,0,YYZ,YVR,258,AC,1,,0,1,1,1,2026-02-02,Economy,2026-01-09
20:20,22:20,0,YYZ,YVR,258,AC,1,,0,1,1,1,2026-02-02,Economy,2026-01-09
22:35,00:50,1,YYZ,YVR,258,AC,1,,0,1,1,1,2026-02-02,Economy,2026-01-09
07:15,09:42,0,YYZ,YVR,268,WS,1,,0,1,1,1,2026-02-02,Economy,2026-01-09
18:45,21:08,0,YYZ,YVR,268,WS,1,,0,1,1,1,2026-02-02,Economy,2026-01-09
09:10,11:30,0,YYZ,YVR,243,"PD, TS",2,,0,1,1,2,2026-02-03,Economy,2026-01-09
18:45,21:07,0,YYZ,YVR,243,"PD, TS",2,,0,1,1,2,2026-02-03,Economy,2026-01-09
12:50,15:10,0,YYZ,YVR,253,"PD, TS",2,,0,1,1,2,2026-02-03,Economy,2026-01-09
09:00,11:07,0,YYZ,YVR,258,AC,1,,0,1,1,2,2026-02-03,Economy,2026-01-09
07:00,09:15,0,YYZ,YVR,258,AC,1,,0,1,1,2,2026-02-03,Economy,2026-01-09
10:00,12:07,0,YYZ,YVR,258,AC,1,,0,1,1,2,2026-02-03,Economy,2026-01-09
16:40,18:57,0,YYZ,YVR,258,AC,1,,0,1,1,2,2026-02-03,Economy,2026-01-09
17:55,20:02,0,YYZ,YVR,258,AC,1,,0,1,1,2,2026-02-03,Economy,2026-01-09
07:15,09:42,0,YYZ,YVR,268,WS,1,,0,1,1,2,2026-02-03,Economy,2026-01-09
09:10,11:30,0,YYZ,YVR,243,"PD, TS",2,,0,1,1,3,2026-02-04,Economy,2026-01-09
18:45,21:07,0,YYZ,YVR,243,"PD, TS",2,,0,1,1,3,2026-02-04,Economy,2026-01-09
12:50,15:10,0,YYZ,YVR,253,"PD, TS",2,,0,1,1,3,2026-02-04,Economy,2026-01-09
16:40,18:57,0,YYZ,YVR,258,AC,1,,0,1,1,3,2026-02-04,Economy,2026-01-09
07:00,09:15,0,YYZ,YVR,258,AC,1,,0,1,1,3,2026-02-04,Economy,2026-01-09
19:20,21:27,0,YYZ,YVR,258,AC,1,,0,1,1,3,2026-02-04,Economy,2026-01-09
20:20,22:20,0,YYZ,YVR,258,AC,1,,0,1,1,3,2026-02-04,Economy,2026-01-09
22:35,00:50,1,YYZ,YVR,258,AC,1,,0,1,1,3,2026-02-04,Economy,2026-01-09
07:15,09:42,0,YYZ,YVR,268,WS,1,,0,1,1,3,2026-02-04,Economy,2026-01-09
09:10,11:30,0,YYZ,YVR,253,"PD, TS",2,,0,1,1,4,2026-02-05,Economy,2026-01-09
12:50,15:10,0,YYZ,YVR,253,"PD, TS",2,,0,1,1,4,2026-02-05,Economy,2026-01-09
20:15,22:37,0,YYZ,YVR,253,"PD, TS",2,,0,1,1,4,2026-02-05,Economy,2026-01-09
07:00,09:15,0,YYZ,YVR,258,AC,1,,0,1,1,4,2026-02-05,Economy,2026-01-09
22:35,00:50,1,YYZ,YVR,258,AC,1,,0,1,1,4,2026-02-05,Economy,2026-01-09
07:15,09:42,0,YYZ,YVR,268,WS,1,,0,1,1,4,2026-02-05,Economy,2026-01-09
17:00,20:55,0,YYZ,YVR,268,WS,1,YYC,1,1,1,4,2026-02-05,Economy,2026-01-09
22:15,00:38,1,YYZ,YVR,268,WS,1,,0,1,1,4,2026-02-05,Economy,2026-01-09
10:45,16:11,0,YTZ,YVR,338,AC(Jazz),1,YUL,1,1,1,4,2026-02-05,Economy,2026-01-09
08:00,10:00,0,YYZ,YVR,346,AC,1,,0,1,1,4,2026-02-05,Economy,2026-01-09
18:45,21:07,0,YYZ,YVR,243,"PD, TS",2,,0,1,1,5,2026-02-06,Economy,2026-01-09
09:10,11:30,0,YYZ,YVR,253,"PD, TS",2,,0,1,1,5,2026-02-06,Economy,2026-01-09
09:00,11:07,0,YYZ,YVR,258,AC,1,,0,1,1,5,2026-02-06,Economy,2026-01-09
07:00,09:15,0,YYZ,YVR,258,AC,1,,0,1,1,5,2026-02-06,Economy,2026-01-09
08:00,10:00,0,YYZ,YVR,258,AC,1,,0,1,1,5,2026-02-06,Economy,2026-01-09
10:00,12:15,0,YYZ,YVR,258,AC,1,,0,1,1,5,2026-02-06,Economy,2026-01-09
17:55,20:02,0,YYZ,YVR,258,AC,1,,0,1,1,5,2026-02-06,Economy,2026-01-09
20:20,22:20,0,YYZ,YVR,258,AC,1,,0,1,1,5,2026-02-06,Economy,2026-01-09
07:15,09:42,0,YYZ,YVR,268,WS,1,,0,1,1,5,2026-02-06,Economy,2026-01-09
09:10,11:30,0,YYZ,YVR,243,"PD, TS",2,,0,1,1,6,2026-02-07,Economy,2026-01-09
19:25,21:47,0,YYZ,YVR,243,"PD, TS",2,,0,1,1,6,2026-02-07,Economy,2026-01-09
12:50,15:10,0,YYZ,YVR,253,"PD, TS",2,,0,1,1,6,2026-02-07,Economy,2026-01-09
08:00,10:00,0,YYZ,YVR,258,AC,1,,0,1,1,6,2026-02-07,Economy,2026-01-09
07:00,09:15,0,YYZ,YVR,258,AC,1,,0,1,1,6,2026-02-07,Economy,2026-01-09
17:55,20:02,0,YYZ,YVR,258,AC,1,,0,1,1,6,2026-02-07,Economy,2026-01-09
18:45,20:52,0,YYZ,YVR,258,AC,1,,0,1,1,6,2026-02-07,Economy,2026-01-09
20:20,22:20,0,YYZ,YVR,258,AC,1,,0,1,1,6,2026-02-07,Economy,2026-01-09
22:15,00:38,1,YYZ,YVR,268,WS,1,,0,1,1,6,2026-02-07,Economy,2026-01-09
09:10,11:30,0,YYZ,YVR,253,"PD, TS",2,,0,1,1,7,2026-02-08,Economy,2026-01-09
20:15,22:37,0,YYZ,YVR,253,"PD, TS",2,,0,1,1,7,2026-02-08,Economy,2026-01-09
16:40,18:57,0,YYZ,YVR,258,AC,1,,0,1,1,7,2026-02-08,Economy,2026-01-09
07:00,09:15,0,YYZ,YVR,258,AC,1,,0,1,1,7,2026-02-08,Economy,2026-01-09
08:00,10:00,0,YYZ,YVR,258,AC,1,,0,1,1,7,2026-02-08,Economy,2026-01-09
20:20,22:20,0,YYZ,YVR,258,AC,1,,0,1,1,7,2026-02-08,Economy,2026-01-09
22:35,00:50,1,YYZ,YVR,258,AC,1,,0,1,1,7,2026-02-08,Economy,2026-01-09
18:45,21:08,0,YYZ,YVR,268,WS,1,,0,1,1,7,2026-02-08,Economy,2026-01-09
07:15,09:42,0,YYZ,YVR,268,WS,1,,0,1,1,7,2026-02-08,Economy,2026-01-09
09:10,11:30,0,YYZ,YVR,351,"PD, TS",2,,0,1,2,1,2026-02-02,Economy(Premium),2026-01-09
18:45,21:07,0,YYZ,YVR,351,"PD, TS",2,,0,1,2,1,2026-02-02,Economy(Premium),2026-01-09
07:15,09:42,0,YYZ,YVR,420,WS,1,,0,1,2,1,2026-02-02,Economy(Premium),2026-01-09
09:40,15:40,0,YYZ,YVR,420,WS,1,"YWG, YYC",2,1,2,1,2026-02-02,Economy(Premium),2026-01-09
18:45,21:08,0,YYZ,YVR,420,WS,1,,0,1,2,1,2026-02-02,Economy(Premium),2026-01-09
22:15,00:38,1,YYZ,YVR,420,WS,1,,0,1,2,1,2026-02-02,Economy(Premium),2026-01-09
12:50,15:10,0,YYZ,YVR,459,"PD, TS",2,,0,1,2,1,2026-02-02,Economy(Premium),2026-01-09
17:00,20:55,0,YYZ,YVR,695,WS,1,YYC,1,1,2,1,2026-02-02,Economy(Premium),2026-01-09
08:00,10:00,0,YYZ,YVR,910,AC,1,,0,1,2,1,2026-02-02,Economy(Premium),2026-01-09
09:00,11:07,0,YYZ,YVR,910,AC,1,,0,1,2,1,2026-02-02,Economy(Premium),2026-01-09
18:45,20:52,0,YYZ,YVR,910,AC,1,,0,1,2,1,2026-02-02,Economy(Premium),2026-01-09
20:20,22:20,0,YYZ,YVR,910,AC,1,,0,1,2,1,2026-02-02,Economy(Premium),2026-01-09
12:30,20:00,0,YTZ,YVR,947,AC(Jazz),1,YOW,1,1,2,1,2026-02-02,Economy(Premium),2026-01-09
17:55,20:02,0,YYZ,YVR,1243,AC,1,,0,1,2,1,2026-02-02,Economy(Premium),2026-01-09
09:10,11:30,0,YYZ,YVR,351,"PD, TS",2,,0,1,2,2,2026-02-03,Economy(Premium),2026-01-09
18:45,21:07,0,YYZ,YVR,351,"PD, TS",2,,0,1,2,2,2026-02-03,Economy(Premium),2026-01-09
10:00,16:09,0,YYZ,YVR,416,WS(Encore),1,"YYC, YLW",2,1,2,2,2026-02-03,Economy(Premium),2026-01-09
07:15,09:42,0,YYZ,YVR,420,WS,1,,0,1,2,2,2026-02-03,Economy(Premium),2026-01-09
10:00,15:40,0,YYZ,YVR,420,WS,1,YYC,1,1,2,2,2026-02-03,Economy(Premium),2026-01-09
22:15,00:38,1,YYZ,YVR,420,WS,1,,0,1,2,2,2026-02-03,Economy(Premium),2026-01-09
12:50,15:10,0,YYZ,YVR,524,"PD, TS",2,,0,1,2,2,2026-02-03,Economy(Premium),2026-01-09
17:00,20:55,0,YYZ,YVR,598,WS,1,YYC,1,1,2,2,2026-02-03,Economy(Premium),2026-01-09
08:00,10:00,0,YYZ,YVR,910,AC,1,,0,1,2,2,2026-02-03,Economy(Premium),2026-01-09
09:00,11:07,0,YYZ,YVR,910,AC,1,,0,1,2,2,2026-02-03,Economy(Premium),2026-01-09
18:45,20:52,0,YYZ,YVR,910,AC,1,,0,1,2,2,2026-02-03,Economy(Premium),2026-01-09
20:20,22:20,0,YYZ,YVR,910,AC,1,,0,1,2,2,2026-02-03,Economy(Premium),2026-01-09
12:30,20:00,0,YTZ,YVR,947,AC(Jazz),1,YOW,1,1,2,2,2026-02-03,Economy(Premium),2026-01-09
10:00,12:07,0,YYZ,YVR,1243,AC,1,,0,1,2,2,2026-02-03,Economy(Premium),2026-01-09
17:55,20:02,0,YYZ,YVR,1243,AC,1,,0,1,2,2,2026-02-03,Economy(Premium),2026-01-09
18:45,21:08,0,YYZ,YVR,1723,WS,1,,0,1,2,2,2026-02-03,Economy(Premium),2026-01-09
09:10,11:30,0,YYZ,YVR,351,"PD, TS",2,,0,1,2,3,2026-02-04,Economy(Premium),2026-01-09
12:50,15:10,0,YYZ,YVR,351,"PD, TS",2,,0,1,2,3,2026-02-04,Economy(Premium),2026-01-09
18:45,21:07,0,YYZ,YVR,351,"PD, TS",2,,0,1,2,3,2026-02-04,Economy(Premium),2026-01-09
07:15,09:42,0,YYZ,YVR,420,WS,1,,0,1,2,3,2026-02-04,Economy(Premium),2026-01-09
18:45,21:08,0,YYZ,YVR,420,WS,1,,0,1,2,3,2026-02-04,Economy(Premium),2026-01-09
22:15,00:38,1,YYZ,YVR,420,WS,1,,0,1,2,3,2026-02-04,Economy(Premium),2026-01-09
14:30,18:43,0,YYZ,YVR,598,WS,1,YEG,1,1,2,3,2026-02-04,Economy(Premium),2026-01-09
08:00,10:00,0,YYZ,YVR,910,AC,1,,0,1,2,3,2026-02-04,Economy(Premium),2026-01-09
20:20,22:20,0,YYZ,YVR,910,AC,1,,0,1,2,3,2026-02-04,Economy(Premium),2026-01-09
12:30,20:00,0,YTZ,YVR,947,AC(Jazz),1,YOW,1,1,2,3,2026-02-04,Economy(Premium),2026-01-09
09:00,11:07,0,YYZ,YVR,1243,AC,1,,0,1,2,3,2026-02-04,Economy(Premium),2026-01-09
18:45,20:52,0,YYZ,YVR,1243,AC,1,,0,1,2,3,2026-02-04,Economy(Premium),2026-01-09
19:20,21:27,0,YYZ,YVR,1243,AC,1,,0,1,2,3,2026-02-04,Economy(Premium),2026-01-09
09:10,11:30,0,YYZ,YVR,351,"PD, TS",2,,0,1,2,4,2026-02-05,Economy(Premium),2026-01-09
12:50,15:10,0,YYZ,YVR,351,"PD, TS",2,,0,1,2,4,2026-02-05,Economy(Premium),2026-01-09
20:15,22:37,0,YYZ,YVR,351,"PD, TS",2,,0,1,2,4,2026-02-05,Economy(Premium),2026-01-09
17:00,20:55,0,YYZ,YVR,420,WS,1,YYC,1,1,2,4,2026-02-05,Economy(Premium),2026-01-09
22:15,00:38,1,YYZ,YVR,420,WS,1,,0,1,2,4,2026-02-05,Economy(Premium),2026-01-09
07:15,09:42,0,YYZ,YVR,420,WS,1,,0,1,2,4,2026-02-05,Economy(Premium),2026-01-09
22:45,08:28,1,YYZ,YVR,458,WS,1,"YXE, YYC",2,1,2,4,2026-02-05,Economy(Premium),2026-01-09
08:00,10:00,0,YYZ,YVR,910,AC,1,,0,1,2,4,2026-02-05,Economy(Premium),2026-01-09
20:30,10:15,1,YTZ,YVR,954,AC(Jazz),1,YUL,1,1,2,4,2026-02-05,Economy(Premium),2026-01-09
09:00,11:07,0,YYZ,YVR,1243,AC,1,,0,1,2,4,2026-02-05,Economy(Premium),2026-01-09
18:45,20:52,0,YYZ,YVR,1243,AC,1,,0,1,2,4,2026-02-05,Economy(Premium),2026-01-09
20:20,22:20,0,YYZ,YVR,1243,AC,1,,0,1,2,4,2026-02-05,Economy(Premium),2026-01-09
18:45,21:08,0,YYZ,YVR,1723,WS,1,,0,1,2,4,2026-02-05,Economy(Premium),2026-01-09
17:55,20:02,0,YYZ,YVR,1989,AC,1,,0,1,2,4,2026-02-05,Economy(Premium),2026-01-09
09:10,11:30,0,YYZ,YVR,351,"PD, TS",2,,0,1,2,5,2026-02-06,Economy(Premium),2026-01-09
18:45,21:07,0,YYZ,YVR,351,"PD, TS",2,,0,1,2,5,2026-02-06,Economy(Premium),2026-01-09
06:30,16:09,0,YYZ,YVR,416,WS(Encore),1,"YYC, YLW",2,1,2,5,2026-02-06,Economy(Premium),2026-01-09
07:15,09:42,0,YYZ,YVR,420,WS,1,,0,1,2,5,2026-02-06,Economy(Premium),2026-01-09
17:00,20:55,0,YYZ,YVR,420,WS,1,YYC,1,1,2,5,2026-02-06,Economy(Premium),2026-01-09
22:15,00:38,1,YYZ,YVR,420,WS,1,,0,1,2,5,2026-02-06,Economy(Premium),2026-01-09
12:50,15:10,0,YYZ,YVR,459,"PD, TS",2,,0,1,2,5,2026-02-06,Economy(Premium),2026-01-09
22:45,06:44,1,YYZ,YVR,474,WS,1,YXE,1,1,0,5,2026-02-06,Economy(Premium),2026-01-09
10:00,14:40,0,YYZ,YVR,697,WS,1,YYC,1,1,0,5,2026-02-06,Economy(Premium),2026-01-09
20:20,22:20,0,YYZ,YVR,910,AC,1,,0,1,2,5,2026-02-06,Economy(Premium),2026-01-09
12:30,20:00,0,YTZ,YVR,947,AC(Jazz),1,YOW,1,1,2,5,2026-02-06,Economy(Premium),2026-01-09
08:00,10:00,0,YYZ,YVR,1243,AC,1,,0,1,2,5,2026-02-06,Economy(Premium),2026-01-09
18:45,20:52,0,YYZ,YVR,1243,AC,1,,0,1,2,5,2026-02-06,Economy(Premium),2026-01-09
09:00,11:07,0,YYZ,YVR,1989,AC,1,,0,1,2,5,2026-02-06,Economy(Premium),2026-01-09
17:55,20:02,0,YYZ,YVR,1989,AC,1,,0,1,2,5,2026-02-06,Economy(Premium),2026-01-09
09:10,11:30,0,YYZ,YVR,351,"PD, TS",2,,0,1,2,6,2026-02-07,Economy(Premium),2026-01-09
12:50,15:10,0,YYZ,YVR,351,"PD, TS",2,,0,1,2,6,2026-02-07,Economy(Premium),2026-01-09
19:25,21:47,0,YYZ,YVR,351,"PD, TS",2,,0,1,2,6,2026-02-07,Economy(Premium),2026-01-09
08:00,16:09,0,YYZ,YVR,399,WS(Encore),1,"YEG, YLW",2,1,0,6,2026-02-07,Economy(Premium),2026-01-09
18:45,21:08,0,YYZ,YVR,420,WS,1,,0,1,2,6,2026-02-07,Economy(Premium),2026-01-09
22:15,00:38,1,YYZ,YVR,420,WS,1,,0,1,2,6,2026-02-07,Economy(Premium),2026-01-09
12:30,14:53,0,YYZ,YVR,598,WS,1,,0,1,2,6,2026-02-07,Economy(Premium),2026-01-09
08:00,10:00,0,YYZ,YVR,910,AC,1,,0,1,2,6,2026-02-07,Economy(Premium),2026-01-09
20:20,22:20,0,YYZ,YVR,910,AC,1,,0,1,2,6,2026-02-07,Economy(Premium),2026-01-09
12:30,20:00,0,YTZ,YVR,947,AC(Jazz),1,YOW,1,1,2,6,2026-02-07,Economy(Premium),2026-01-09
17:55,20:02,0,YYZ,YVR,1243,AC,1,,0,1,2,6,2026-02-07,Economy(Premium),2026-01-09
18:45,20:52,0,YYZ,YVR,1243,AC,1,,0,1,2,6,2026-02-07,Economy(Premium),2026-01-09
09:00,11:07,0,YYZ,YVR,1989,AC,1,,0,1,2,6,2026-02-07,Economy(Premium),2026-01-09
20:15,22:37,0,YYZ,YVR,351,"PD, TS",2,,0,1,2,7,2026-02-08,Economy(Premium),2026-01-09
07:15,09:42,0,YYZ,YVR,420,WS,1,,0,1,2,7,2026-02-08,Economy(Premium),2026-01-09
22:15,00:38,1,YYZ,YVR,420,WS,1,,0,1,2,7,2026-02-08,Economy(Premium),2026-01-09
08:00,13:23,0,YYZ,YVR,491,WS,1,YEG,1,1,0,7,2026-02-08,Economy(Premium),2026-01-09
09:10,11:30,0,YYZ,YVR,524,"PD, TS",2,,0,1,2,7,2026-02-08,Economy(Premium),2026-01-09
12:50,15:10,0,YYZ,YVR,524,"PD, TS",2,,0,1,2,7,2026-02-08,Economy(Premium),2026-01-09
14:40,18:43,0,YYZ,YVR,809,WS,1,YEG,1,1,2,7,2026-02-08,Economy(Premium),2026-01-09
08:00,10:00,0,YYZ,YVR,910,AC,1,,0,1,2,7,2026-02-08,Economy(Premium),2026-01-09
09:00,11:07,0,YYZ,YVR,910,AC,1,,0,1,2,7,2026-02-08,Economy(Premium),2026-01-09
18:45,20:52,0,YYZ,YVR,910,AC,1,,0,1,2,7,2026-02-08,Economy(Premium),2026-01-09
20:20,22:20,0,YYZ,YVR,910,AC,1,,0,1,2,7,2026-02-08,Economy(Premium),2026-01-09
12:30,20:00,0,YTZ,YVR,947,AC(Jazz),1,YOW,1,1,2,7,2026-02-08,Economy(Premium),2026-01-09
17:55,20:02,0,YYZ,YVR,1243,AC,1,,0,1,2,7,2026-02-08,Economy(Premium),2026-01-09
18:45,21:08,0,YYZ,YVR,1723,WS,1,,0,1,2,7,2026-02-08,Economy(Premium),2026-01-09
07:55,10:20,0,YYZ,YVR,83,F8,1,,0,0,0,1,2026-02-02,Economy(Basic),2026-01-12
09:45,12:10,0,YYZ,YVR,119,F8,1,,0,0,0,1,2026-02-02,Economy(Basic),2026-01-12
09:10,11:30,0,YYZ,YVR,124,"PD, TS",2,,0,0,0,1,2026-02-02,Economy(Basic),2026-01-12
12:30,14:47,0,YYZ,YVR,124,AC,1,,0,0,0,1,2026-02-02,Economy(Basic),2026-01-12
18:45,21:08,0,YYZ,YVR,124,WS,1,,0,0,0,1,2026-02-02,Economy(Basic),2026-01-12
07:00,09:15,0,YYZ,YVR,124,AC,1,,0,0,0,1,2026-02-02,Economy(Basic),2026-01-12
07:15,09:42,0,YYZ,YVR,124,WS,1,,0,0,0,1,2026-02-02,Economy(Basic),2026-01-12
08:00,10:00,0,YYZ,YVR,124,AC,1,,0,0,0,1,2026-02-02,Economy(Basic),2026-01-12
17:55,20:02,0,YYZ,YVR,124,AC,1,,0,0,0,1,2026-02-02,Economy(Basic),2026-01-12
18:45,20:52,0,YYZ,YVR,124,AC,1,,0,0,0,1,2026-02-02,Economy(Basic),2026-01-12
18:45,21:07,0,YYZ,YVR,124,"PD, TS",2,,0,0,0,1,2026-02-02,Economy(Basic),2026-01-12
20:20,22:20,0,YYZ,YVR,124,AC,1,,0,0,0,1,2026-02-02,Economy(Basic),2026-01-12
22:15,00:38,1,YYZ,YVR,124,WS,1,,0,0,0,1,2026-02-02,Economy(Basic),2026-01-12
22:35,00:50,1,YYZ,YVR,124,AC,1,,0,0,0,1,2026-02-02,Economy(Basic),2026-01-12
12:50,15:10,0,YYZ,YVR,134,"PD, TS",2,,0,0,0,1,2026-02-02,Economy(Basic),2026-01-12
20:30,10:15,1,YTZ,YVR,197,AC(Jazz),1,YUL,1,0,0,1,2026-02-02,Economy(Basic),2026-01-12
09:00,11:07,0,YYZ,YVR,222,AC,1,,0,0,0,1,2026-02-02,Economy(Basic),2026-01-12
16:40,18:57,0,YYZ,YVR,222,AC,1,,0,0,0,1,2026-02-02,Economy(Basic),2026-01-12
14:10,16:27,0,YYZ,YVR,260,AC,1,,0,0,0,1,2026-02-02,Economy(Basic),2026-01-12
12:30,14:53,0,YYZ,YVR,355,WS,1,,0,0,0,1,2026-02-02,Economy(Basic),2026-01-12
10:00,12:15,0,YYZ,YVR,443,AC,1,,0,1,0,1,2026-02-02,Economy(Basic),2026-01-12
07:55,10:20,0,YYZ,YVR,83,F8,1,,0,0,0,2,2026-02-03,Economy(Basic),2026-01-12
09:45,12:10,0,YYZ,YVR,83,F8,1,,0,0,0,2,2026-02-03,Economy(Basic),2026-01-12
07:15,09:42,0,YYZ,YVR,124,WS,1,,0,0,0,2,2026-02-03,Economy(Basic),2026-01-12
09:00,11:07,0,YYZ,YVR,124,AC,1,,0,0,0,2,2026-02-03,Economy(Basic),2026-01-12
09:10,11:30,0,YYZ,YVR,124,"PD, TS",2,,0,0,0,2,2026-02-03,Economy(Basic),2026-01-12
07:00,09:15,0,YYZ,YVR,124,AC,1,,0,0,0,2,2026-02-03,Economy(Basic),2026-01-12
10:00,12:07,0,YYZ,YVR,124,AC,1,,0,0,0,2,2026-02-03,Economy(Basic),2026-01-12
12:50,15:10,0,YYZ,YVR,124,"PD, TS",2,,0,0,0,2,2026-02-03,Economy(Basic),2026-01-12
16:40,18:57,0,YYZ,YVR,124,AC,1,,0,0,0,2,2026-02-03,Economy(Basic),2026-01-12
17:55,20:02,0,YYZ,YVR,124,AC,1,,0,0,0,2,2026-02-03,Economy(Basic),2026-01-12
18:45,20:52,0,YYZ,YVR,124,AC,1,,0,0,0,2,2026-02-03,Economy(Basic),2026-01-12
18:45,21:07,0,YYZ,YVR,124,"PD, TS",2,,0,0,0,2,2026-02-03,Economy(Basic),2026-01-12
18:45,21:08,0,YYZ,YVR,124,WS,1,,0,0,0,2,2026-02-03,Economy(Basic),2026-01-12
20:20,22:20,0,YYZ,YVR,124,AC,1,,0,0,0,2,2026-02-03,Economy(Basic),2026-01-12
22:15,00:38,1,YYZ,YVR,124,WS,1,,0,0,0,2,2026-02-03,Economy(Basic),2026-01-12
22:35,00:50,1,YYZ,YVR,124,AC,1,,0,0,0,2,2026-02-03,Economy(Basic),2026-01-12
12:30,20:00,0,YTZ,YVR,190,AC(Jazz),1,YOW,1,0,0,2,2026-02-03,Economy(Basic),2026-01-12
08:00,10:00,0,YYZ,YVR,222,AC,1,,0,0,0,2,2026-02-03,Economy(Basic),2026-01-12
12:30,14:47,0,YYZ,YVR,222,AC,1,,0,0,0,2,2026-02-03,Economy(Basic),2026-01-12
14:10,16:27,0,YYZ,YVR,222,AC,1,,0,0,0,2,2026-02-03,Economy(Basic),2026-01-12
07:55,10:20,0,YYZ,YVR,83,F8,1,,0,0,0,3,2026-02-04,Economy(Basic),2026-01-12
09:45,12:10,0,YYZ,YVR,83,F8,1,,0,0,0,3,2026-02-04,Economy(Basic),2026-01-12
07:15,09:42,0,YYZ,YVR,124,WS,1,,0,0,0,3,2026-02-04,Economy(Basic),2026-01-12
09:00,11:07,0,YYZ,YVR,124,AC,1,,0,0,0,3,2026-02-04,Economy(Basic),2026-01-12
09:10,11:30,0,YYZ,YVR,124,"PD, TS",2,,0,0,0,3,2026-02-04,Economy(Basic),2026-01-12
07:00,09:15,0,YYZ,YVR,124,AC,1,,0,0,0,3,2026-02-04,Economy(Basic),2026-01-12
08:00,10:00,0,YYZ,YVR,124,AC,1,,0,0,0,3,2026-02-04,Economy(Basic),2026-01-12
12:40,14:55,0,YYZ,YVR,124,AC,1,,0,0,0,3,2026-02-04,Economy(Basic),2026-01-12
12:50,15:10,0,YYZ,YVR,124,"PD, TS",2,,0,0,0,3,2026-02-04,Economy(Basic),2026-01-12
18:45,20:52,0,YYZ,YVR,124,AC,1,,0,0,0,3,2026-02-04,Economy(Basic),2026-01-12
18:45,21:07,0,YYZ,YVR,124,"PD, TS",2,,0,0,0,3,2026-02-04,Economy(Basic),2026-01-12
18:45,21:08,0,YYZ,YVR,124,WS,1,,0,0,0,3,2026-02-04,Economy(Basic),2026-01-12
19:20,21:27,0,YYZ,YVR,124,AC,1,,0,0,0,3,2026-02-04,Economy(Basic),2026-01-12
20:20,22:20,0,YYZ,YVR,124,AC,1,,0,0,0,3,2026-02-04,Economy(Basic),2026-01-12
22:15,00:38,1,YYZ,YVR,124,WS,1,,0,0,0,3,2026-02-04,Economy(Basic),2026-01-12
22:35,00:50,1,YYZ,YVR,124,AC,1,,0,0,0,3,2026-02-04,Economy(Basic),2026-01-12
12:30,20:00,0,YTZ,YVR,190,AC(Jazz),1,YOW,1,0,0,3,2026-02-04,Economy(Basic),2026-01-12
10:00,12:15,0,YYZ,YVR,222,AC,1,,0,0,0,3,2026-02-04,Economy(Basic),2026-01-12
14:10,16:27,0,YYZ,YVR,222,AC,1,,0,0,0,3,2026-02-04,Economy(Basic),2026-01-12
16:40,18:57,0,YYZ,YVR,260,AC,1,,0,0,0,3,2026-02-04,Economy(Basic),2026-01-12
07:55,10:20,0,YYZ,YVR,83,F8,1,,0,0,0,4,2026-02-05,Economy(Basic),2026-01-12
21:00,23:25,0,YYZ,YVR,83,F8,1,,0,0,0,4,2026-02-05,Economy(Basic),2026-01-12
07:15,09:42,0,YYZ,YVR,124,WS,1,,0,0,0,4,2026-02-05,Economy(Basic),2026-01-12
12:30,14:47,0,YYZ,YVR,124,AC,1,,0,0,0,4,2026-02-05,Economy(Basic),2026-01-12
12:50,15:10,0,YYZ,YVR,124,"PD, TS",2,,0,0,0,4,2026-02-05,Economy(Basic),2026-01-12
07:00,09:15,0,YYZ,YVR,124,AC,1,,0,0,0,4,2026-02-05,Economy(Basic),2026-01-12
08:00,10:00,0,YYZ,YVR,124,AC,1,,0,0,0,4,2026-02-05,Economy(Basic),2026-01-12
09:10,11:30,0,YYZ,YVR,124,"PD, TS",2,,0,0,0,4,2026-02-05,Economy(Basic),2026-01-12
16:40,18:57,0,YYZ,YVR,124,AC,1,,0,0,0,4,2026-02-05,Economy(Basic),2026-01-12
17:55,20:02,0,YYZ,YVR,124,AC,1,,0,0,0,4,2026-02-05,Economy(Basic),2026-01-12
20:15,22:37,0,YYZ,YVR,124,"PD, TS",2,,0,0,0,4,2026-02-05,Economy(Basic),2026-01-12
22:15,00:38,1,YYZ,YVR,124,WS,1,,0,0,0,4,2026-02-05,Economy(Basic),2026-01-12
22:35,00:50,1,YYZ,YVR,124,AC,1,,0,0,0,4,2026-02-05,Economy(Basic),2026-01-12
12:30,20:50,0,YTZ,YVR,197,AC(Jazz),1,YUL,1,0,0,4,2026-02-05,Economy(Basic),2026-01-12
09:00,11:07,0,YYZ,YVR,222,AC,1,,0,0,0,4,2026-02-05,Economy(Basic),2026-01-12
14:10,16:27,0,YYZ,YVR,222,AC,1,,0,0,0,4,2026-02-05,Economy(Basic),2026-01-12
18:45,20:52,0,YYZ,YVR,222,AC,1,,0,0,0,4,2026-02-05,Economy(Basic),2026-01-12
20:20,22:20,0,YYZ,YVR,222,AC,1,,0,0,0,4,2026-02-05,Economy(Basic),2026-01-12
10:00,12:15,0,YYZ,YVR,260,AC,1,,0,0,0,4,2026-02-05,Economy(Basic),2026-01-12
12:30,14:53,0,YYZ,YVR,355,WS,1,,0,0,0,4,2026-02-05,Economy(Basic),2026-01-12
18:45,21:08,0,YYZ,YVR,460,WS,1,,0,0,0,4,2026-02-05,Economy(Basic),2026-01-12
07:55,10:20,0,YYZ,YVR,83,F8,1,,0,0,0,5,2026-02-06,Economy(Basic),2026-01-12
21:00,23:25,0,YYZ,YVR,83,F8,1,,0,0,0,5,2026-02-06,Economy(Basic),2026-01-12
09:45,12:10,0,YYZ,YVR,119,F8,1,,0,0,0,5,2026-02-06,Economy(Basic),2026-01-12
07:15,09:42,0,YYZ,YVR,124,WS,1,,0,0,0,5,2026-02-06,Economy(Basic),2026-01-12
10:00,12:15,0,YYZ,YVR,124,AC,1,,0,0,0,5,2026-02-06,Economy(Basic),2026-01-12
18:45,21:07,0,YYZ,YVR,124,"PD, TS",2,,0,0,0,5,2026-02-06,Economy(Basic),2026-01-12
07:00,09:15,0,YYZ,YVR,124,AC,1,,0,0,0,5,2026-02-06,Economy(Basic),2026-01-12
08:00,10:00,0,YYZ,YVR,124,AC,1,,0,0,0,5,2026-02-06,Economy(Basic),2026-01-12
09:00,11:07,0,YYZ,YVR,124,AC,1,,0,0,0,5,2026-02-06,Economy(Basic),2026-01-12
17:55,20:02,0,YYZ,YVR,124,AC,1,,0,0,0,5,2026-02-06,Economy(Basic),2026-01-12
18:45,20:52,0,YYZ,YVR,124,AC,1,,0,0,0,5,2026-02-06,Economy(Basic),2026-01-12
20:20,22:20,0,YYZ,YVR,124,AC,1,,0,0,0,5,2026-02-06,Economy(Basic),2026-01-12
22:15,00:38,1,YYZ,YVR,124,WS,1,,0,0,0,5,2026-02-06,Economy(Basic),2026-01-12
22:35,00:50,1,YYZ,YVR,124,AC,1,,0,0,0,5,2026-02-06,Economy(Basic),2026-01-12
09:10,11:30,0,YYZ,YVR,134,"PD, TS",2,,0,0,0,5,2026-02-06,Economy(Basic),2026-01-12
18:45,21:08,0,YYZ,YVR,152,WS,1,,0,0,0,5,2026-02-06,Economy(Basic),2026-01-12
12:30,20:50,0,YTZ,YVR,197,AC(Jazz),1,YUL,1,0,0,5,2026-02-06,Economy(Basic),2026-01-12
14:10,16:27,0,YYZ,YVR,222,AC,1,,0,0,0,5,2026-02-06,Economy(Basic),2026-01-12
16:40,18:57,0,YYZ,YVR,260,AC,1,,0,0,0,5,2026-02-06,Economy(Basic),2026-01-12
12:50,15:10,0,YYZ,YVR,278,"PD, TS",2,,0,0,0,5,2026-02-06,Economy(Basic),2026-01-12
12:30,14:47,0,YYZ,YVR,308,AC,1,,0,0,0,5,2026-02-06,Economy(Basic),2026-01-12
12:30,14:53,0,YYZ,YVR,355,WS,1,,0,0,0,5,2026-02-06,Economy(Basic),2026-01-12
07:55,10:20,0,YYZ,YVR,83,F8,1,,0,0,0,6,2026-02-07,Economy(Basic),2026-01-12
12:30,14:47,0,YYZ,YVR,124,AC,1,,0,0,0,6,2026-02-07,Economy(Basic),2026-01-12
12:50,15:10,0,YYZ,YVR,124,"PD, TS",2,,0,0,0,6,2026-02-07,Economy(Basic),2026-01-12
22:15,00:38,1,YYZ,YVR,124,WS,1,,0,0,0,6,2026-02-07,Economy(Basic),2026-01-12
07:00,09:15,0,YYZ,YVR,124,AC,1,,0,0,0,6,2026-02-07,Economy(Basic),2026-01-12
08:00,10:00,0,YYZ,YVR,124,AC,1,,0,0,0,6,2026-02-07,Economy(Basic),2026-01-12
16:40,18:57,0,YYZ,YVR,124,AC,1,,0,0,0,6,2026-02-07,Economy(Basic),2026-01-12
17:55,20:02,0,YYZ,YVR,124,AC,1,,0,0,0,6,2026-02-07,Economy(Basic),2026-01-12
18:45,20:52,0,YYZ,YVR,124,AC,1,,0,0,0,6,2026-02-07,Economy(Basic),2026-01-12
18:45,21:08,0,YYZ,YVR,124,WS,1,,0,0,0,6,2026-02-07,Economy(Basic),2026-01-12
19:25,21:47,0,YYZ,YVR,124,"PD, TS",2,,0,0,0,6,2026-02-07,Economy(Basic),2026-01-12
20:20,22:20,0,YYZ,YVR,124,AC,1,,0,0,0,6,2026-02-07,Economy(Basic),2026-01-12
22:35,00:50,1,YYZ,YVR,124,AC,1,,0,0,0,6,2026-02-07,Economy(Basic),2026-01-12
09:10,11:30,0,YYZ,YVR,134,"PD, TS",2,,0,0,0,6,2026-02-07,Economy(Basic),2026-01-12
09:00,11:07,0,YYZ,YVR,222,AC,1,,0,0,0,6,2026-02-07,Economy(Basic),2026-01-12
10:00,12:15,0,YYZ,YVR,222,AC,1,,0,0,0,6,2026-02-07,Economy(Basic),2026-01-12
14:10,16:27,0,YYZ,YVR,222,AC,1,,0,0,0,6,2026-02-07,Economy(Basic),2026-01-12
12:30,20:00,0,YTZ,YVR,266,AC(Jazz),1,YOW,1,0,0,6,2026-02-07,Economy(Basic),2026-01-12
12:30,14:53,0,YYZ,YVR,355,WS,1,,0,0,0,6,2026-02-07,Economy(Basic),2026-01-12
21:00,23:25,0,YYZ,YVR,83,F8,1,,0,0,0,7,2026-02-08,Economy(Basic),2026-01-12
07:55,10:20,0,YYZ,YVR,83,F8,1,,0,0,0,7,2026-02-08,Economy(Basic),2026-01-12
09:45,12:10,0,YYZ,YVR,119,F8,1,,0,0,0,7,2026-02-08,Economy(Basic),2026-01-12
12:50,15:10,0,YYZ,YVR,124,"PD, TS",2,,0,0,0,7,2026-02-08,Economy(Basic),2026-01-12
14:10,16:27,0,YYZ,YVR,124,AC,1,,0,0,0,7,2026-02-08,Economy(Basic),2026-01-12
18:45,21:08,0,YYZ,YVR,124,WS,1,,0,0,0,7,2026-02-08,Economy(Basic),2026-01-12
07:00,09:15,0,YYZ,YVR,124,AC,1,,0,0,0,7,2026-02-08,Economy(Basic),2026-01-12
07:15,09:42,0,YYZ,YVR,124,WS,1,,0,0,0,7,2026-02-08,Economy(Basic),2026-01-12
12:30,14:47,0,YYZ,YVR,124,AC,1,,0,0,0,7,2026-02-08,Economy(Basic),2026-01-12
20:20,22:20,0,YYZ,YVR,124,AC,1,,0,0,0,7,2026-02-08,Economy(Basic),2026-01-12
22:15,00:38,1,YYZ,YVR,124,WS,1,,0,0,0,7,2026-02-08,Economy(Basic),2026-01-12
22:35,00:50,1,YYZ,YVR,124,AC,1,,0,0,0,7,2026-02-08,Economy(Basic),2026-01-12
09:10,11:30,0,YYZ,YVR,134,"PD, TS",2,,0,0,0,7,2026-02-08,Economy(Basic),2026-01-12
20:15,22:37,0,YYZ,YVR,134,"PD, TS",2,,0,0,0,7,2026-02-08,Economy(Basic),2026-01-12
08:00,10:00,0,YYZ,YVR,222,AC,1,,0,0,0,7,2026-02-08,Economy(Basic),2026-01-12
09:00,11:07,0,YYZ,YVR,222,AC,1,,0,0,0,7,2026-02-08,Economy(Basic),2026-01-12
17:55,20:02,0,YYZ,YVR,222,AC,1,,0,0,0,7,2026-02-08,Economy(Basic),2026-01-12
18:45,20:52,0,YYZ,YVR,260,AC,1,,0,0,0,7,2026-02-08,Economy(Basic),2026-01-12
12:30,20:00,0,YTZ,YVR,266,AC(Jazz),1,YOW,1,0,0,7,2026-02-08,Economy(Basic),2026-01-12
10:00,12:15,0,YYZ,YVR,308,AC,1,,0,0,0,7,2026-02-08,Economy(Basic),2026-01-12
16:40,18:57,0,YYZ,YVR,443,AC,1,,0,1,0,7,2026-02-08,Economy(Basic),2026-01-12
12:30,14:53,0,YYZ,YVR,584,WS,1,,0,0,0,7,2026-02-08,Economy(Basic),2026-01-12
09:10,11:30,0,YYZ,YVR,243,"PD, TS",2,,0,1,1,1,2026-02-02,Economy,2026-01-12
18:45,21:07,0,YYZ,YVR,243,"PD, TS",2,,0,1,1,1,2026-02-02,Economy,2026-01-12
12:50,15:10,0,YYZ,YVR,253,"PD, TS",2,,0,1,1,1,2026-02-02,Economy,2026-01-12
12:30,14:47,0,YYZ,YVR,255,AC,1,,0,1,1,1,2026-02-02,Economy,2026-01-12
07:00,09:15,0,YYZ,YVR,255,AC,1,,0,1,1,1,2026-02-02,Economy,2026-01-12
08:00,10:00,0,YYZ,YVR,255,AC,1,,0,1,1,1,2026-02-02,Economy,2026-01-12
17:55,20:02,0,YYZ,YVR,255,AC,1,,0,1,1,1,2026-02-02,Economy,2026-01-12
18:45,20:52,0,YYZ,YVR,255,AC,1,,0,1,1,1,2026-02-02,Economy,2026-01-12
07:15,09:42,0,YYZ,YVR,268,WS,1,,0,1,1,1,2026-02-02,Economy,2026-01-12
09:10,11:30,0,YYZ,YVR,243,"PD, TS",2,,0,1,1,2,2026-02-03,Economy,2026-01-12
12:50,15:10,0,YYZ,YVR,243,"PD, TS",2,,0,1,1,2,2026-02-03,Economy,2026-01-12
18:45,21:07,0,YYZ,YVR,243,"PD, TS",2,,0,1,1,2,2026-02-03,Economy,2026-01-12
09:00,11:07,0,YYZ,YVR,255,AC,1,,0,1,1,2,2026-02-03,Economy,2026-01-12
07:00,09:15,0,YYZ,YVR,255,AC,1,,0,1,1,2,2026-02-03,Economy,2026-01-12
10:00,12:07,0,YYZ,YVR,255,AC,1,,0,1,1,2,2026-02-03,Economy,2026-01-12
16:40,18:57,0,YYZ,YVR,255,AC,1,,0,1,1,2,2026-02-03,Economy,2026-01-12
17:55,20:02,0,YYZ,YVR,255,AC,1,,0,1,1,2,2026-02-03,Economy,2026-01-12
07:15,09:42,0,YYZ,YVR,268,WS,1,,0,1,1,2,2026-02-03,Economy,2026-01-12
09:10,11:30,0,YYZ,YVR,243,"PD, TS",2,,0,1,1,3,2026-02-04,Economy,2026-01-12
12:50,15:10,0,YYZ,YVR,243,"PD, TS",2,,0,1,1,3,2026-02-04,Economy,2026-01-12
18:45,21:07,0,YYZ,YVR,243,"PD, TS",2,,0,1,1,3,2026-02-04,Economy,2026-01-12
09:00,11:07,0,YYZ,YVR,255,AC,1,,0,1,1,3,2026-02-04,Economy,2026-01-12
07:00,09:15,0,YYZ,YVR,255,AC,1,,0,1,1,3,2026-02-04,Economy,2026-01-12
08:00,10:00,0,YYZ,YVR,255,AC,1,,0,1,1,3,2026-02-04,Economy,2026-01-12
12:40,14:55,0,YYZ,YVR,255,AC,1,,0,1,1,3,2026-02-04,Economy,2026-01-12
18:45,20:52,0,YYZ,YVR,255,AC,1,,0,1,1,3,2026-02-04,Economy,2026-01-12
07:15,09:42,0,YYZ,YVR,268,WS,1,,0,1,1,3,2026-02-04,Economy,2026-01-12
09:10,11:30,0,YYZ,YVR,243,"PD, TS",2,,0,1,1,4,2026-02-05,Economy,2026-01-12
12:50,15:10,0,YYZ,YVR,243,"PD, TS",2,,0,1,1,4,2026-02-05,Economy,2026-01-12
20:15,22:37,0,YYZ,YVR,243,"PD, TS",2,,0,1,1,4,2026-02-05,Economy,2026-01-12
12:30,14:47,0,YYZ,YVR,255,AC,1,,0,1,1,4,2026-02-05,Economy,2026-01-12
07:00,09:15,0,YYZ,YVR,255,AC,1,,0,1,1,4,2026-02-05,Economy,2026-01-12
08:00,10:00,0,YYZ,YVR,255,AC,1,,0,1,1,4,2026-02-05,Economy,2026-01-12
16:40,18:57,0,YYZ,YVR,255,AC,1,,0,1,1,4,2026-02-05,Economy,2026-01-12
17:55,20:02,0,YYZ,YVR,255,AC,1,,0,1,1,4,2026-02-05,Economy,2026-01-12
07:15,09:42,0,YYZ,YVR,268,WS,1,,0,1,1,4,2026-02-05,Economy,2026-01-12
18:45,21:07,0,YYZ,YVR,243,"PD, TS",2,,0,1,1,5,2026-02-06,Economy,2026-01-12
09:10,11:30,0,YYZ,YVR,253,"PD, TS",2,,0,1,1,5,2026-02-06,Economy,2026-01-12
09:00,11:07,0,YYZ,YVR,255,AC,1,,0,1,1,5,2026-02-06,Economy,2026-01-12
07:00,09:15,0,YYZ,YVR,255,AC,1,,0,1,1,5,2026-02-06,Economy,2026-01-12
08:00,10:00,0,YYZ,YVR,255,AC,1,,0,1,1,5,2026-02-06,Economy,2026-01-12
10:00,12:15,0,YYZ,YVR,255,AC,1,,0,1,1,5,2026-02-06,Economy,2026-01-12
17:55,20:02,0,YYZ,YVR,255,AC,1,,0,1,1,5,2026-02-06,Economy,2026-01-12
18:45,20:52,0,YYZ,YVR,255,AC,1,,0,1,1,5,2026-02-06,Economy,2026-01-12
07:15,09:42,0,YYZ,YVR,268,WS,1,,0,1,1,5,2026-02-06,Economy,2026-01-12
12:50,15:10,0,YYZ,YVR,243,"PD, TS",2,,0,1,1,6,2026-02-07,Economy,2026-01-12
19:25,21:47,0,YYZ,YVR,243,"PD, TS",2,,0,1,1,6,2026-02-07,Economy,2026-01-12
09:10,11:30,0,YYZ,YVR,253,"PD, TS",2,,0,1,1,6,2026-02-07,Economy,2026-01-12
12:30,14:47,0,YYZ,YVR,255,AC,1,,0,1,1,6,2026-02-07,Economy,2026-01-12
07:00,09:15,0,YYZ,YVR,255,AC,1,,0,1,1,6,2026-02-07,Economy,2026-01-12
08:00,10:00,0,YYZ,YVR,255,AC,1,,0,1,1,6,2026-02-07,Economy,2026-01-12
16:40,18:57,0,YYZ,YVR,255,AC,1,,0,1,1,6,2026-02-07,Economy,2026-01-12
17:55,20:02,0,YYZ,YVR,255,AC,1,,0,1,1,6,2026-02-07,Economy,2026-01-12
22:15,00:38,1,YYZ,YVR,268,WS,1,,0,1,1,6,2026-02-07,Economy,2026-01-12
12:50,15:10,0,YYZ,YVR,243,"PD, TS",2,,0,1,1,7,2026-02-08,Economy,2026-01-12
09:10,11:30,0,YYZ,YVR,253,"PD, TS",2,,0,1,1,7,2026-02-08,Economy,2026-01-12
20:15,22:37,0,YYZ,YVR,253,"PD, TS",2,,0,1,1,7,2026-02-08,Economy,2026-01-12
14:10,16:27,0,YYZ,YVR,255,AC,1,,0,1,1,7,2026-02-08,Economy,2026-01-12
07:00,09:15,0,YYZ,YVR,255,AC,1,,0,1,1,7,2026-02-08,Economy,2026-01-12
12:30,14:47,0,YYZ,YVR,255,AC,1,,0,1,1,7,2026-02-08,Economy,2026-01-12
20:20,22:20,0,YYZ,YVR,255,AC,1,,0,1,1,7,2026-02-08,Economy,2026-01-12
22:35,00:50,1,YYZ,YVR,255,AC,1,,0,1,1,7,2026-02-08,Economy,2026-01-12
18:45,21:08,0,YYZ,YVR,268,WS,1,,0,1,1,7,2026-02-08,Economy,2026-01-12
09:10,11:30,0,YYZ,YVR,351,"PD, TS",2,,0,1,2,1,2026-02-02,Economy(Premium),2026-01-12
12:50,15:10,0,YYZ,YVR,351,"PD, TS",2,,0,1,2,1,2026-02-02,Economy(Premium),2026-01-12
18:45,21:07,0,YYZ,YVR,351,"PD, TS",2,,0,1,2,1,2026-02-02,Economy(Premium),2026-01-12
18:45,21:08,0,YYZ,YVR,420,WS,1,,0,1,2,1,2026-02-02,Economy(Premium),2026-01-12
22:15,00:38,1,YYZ,YVR,420,WS,1,,0,1,2,1,2026-02-02,Economy(Premium),2026-01-12
17:00,20:55,0,YYZ,YVR,809,WS,1,YYC,1,1,2,1,2026-02-02,Economy(Premium),2026-01-12
18:45,20:52,0,YYZ,YVR,910,AC,1,,0,1,2,1,2026-02-02,Economy(Premium),2026-01-12
20:20,22:20,0,YYZ,YVR,910,AC,1,,0,1,2,1,2026-02-02,Economy(Premium),2026-01-12
12:30,20:00,0,YTZ,YVR,947,AC(Jazz),1,YOW,1,1,2,1,2026-02-02,Economy(Premium),2026-01-12
08:00,10:00,0,YYZ,YVR,1243,AC,1,,0,1,2,1,2026-02-02,Economy(Premium),2026-01-12
09:00,11:07,0,YYZ,YVR,1243,AC,1,,0,1,2,1,2026-02-02,Economy(Premium),2026-01-12
07:15,09:42,0,YYZ,YVR,1723,WS,1,,0,1,2,1,2026-02-02,Economy(Premium),2026-01-12
17:55,20:02,0,YYZ,YVR,1989,AC,1,,0,1,2,1,2026-02-02,Economy(Premium),2026-01-12
09:10,11:30,0,YYZ,YVR,351,"PD, TS",2,,0,1,2,2,2026-02-03,Economy(Premium),2026-01-12
18:45,21:07,0,YYZ,YVR,351,"PD, TS",2,,0,1,2,2,2026-02-03,Economy(Premium),2026-01-12
10:00,18:49,0,YYZ,YVR,416,WS(Encore),1,"YYC, YLW",2,1,2,2,2026-02-03,Economy(Premium),2026-01-12
07:15,09:42,0,YYZ,YVR,420,WS,1,,0,1,2,2,2026-02-03,Economy(Premium),2026-01-12
10:00,15:40,0,YYZ,YVR,420,WS,1,YYC,1,1,2,2,2026-02-03,Economy(Premium),2026-01-12
22:15,00:38,1,YYZ,YVR,420,WS,1,,0,1,2,2,2026-02-03,Economy(Premium),2026-01-12
22:45,06:44,1,YYZ,YVR,458,WS,1,YXE,1,1,2,2,2026-02-03,Economy(Premium),2026-01-12
12:50,15:10,0,YYZ,YVR,524,"PD, TS",2,,0,1,2,2,2026-02-03,Economy(Premium),2026-01-12
10:00,14:40,0,YYZ,YVR,576,WS,1,YYC,1,1,0,2,2026-02-03,Economy(Premium),2026-01-12
08:00,10:00,0,YYZ,YVR,910,AC,1,,0,1,2,2,2026-02-03,Economy(Premium),2026-01-12
09:00,11:07,0,YYZ,YVR,910,AC,1,,0,1,2,2,2026-02-03,Economy(Premium),2026-01-12
18:45,20:52,0,YYZ,YVR,910,AC,1,,0,1,2,2,2026-02-03,Economy(Premium),2026-01-12
12:30,20:00,0,YTZ,YVR,947,AC(Jazz),1,YOW,1,1,2,2,2026-02-03,Economy(Premium),2026-01-12
10:00,12:07,0,YYZ,YVR,1243,AC,1,,0,1,2,2,2026-02-03,Economy(Premium),2026-01-12
17:55,20:02,0,YYZ,YVR,1243,AC,1,,0,1,2,2,2026-02-03,Economy(Premium),2026-01-12
20:20,22:20,0,YYZ,YVR,1243,AC,1,,0,1,2,2,2026-02-03,Economy(Premium),2026-01-12
18:45,21:08,0,YYZ,YVR,1723,WS,1,,0,1,2,2,2026-02-03,Economy(Premium),2026-01-12
09:10,11:30,0,YYZ,YVR,351,"PD, TS",2,,0,1,2,3,2026-02-04,Economy(Premium),2026-01-12
12:50,15:10,0,YYZ,YVR,351,"PD, TS",2,,0,1,2,3,2026-02-04,Economy(Premium),2026-01-12
18:45,21:07,0,YYZ,YVR,351,"PD, TS",2,,0,1,2,3,2026-02-04,Economy(Premium),2026-01-12
06:30,10:43,0,YYZ,YVR,420,WS,1,YYC,1,1,2,3,2026-02-04,Economy(Premium),2026-01-12
18:45,21:08,0,YYZ,YVR,420,WS,1,,0,1,2,3,2026-02-04,Economy(Premium),2026-01-12
22:15,00:38,1,YYZ,YVR,420,WS,1,,0,1,2,3,2026-02-04,Economy(Premium),2026-01-12
10:00,14:40,0,YYZ,YVR,598,WS,1,YYC,1,1,2,3,2026-02-04,Economy(Premium),2026-01-12
13:30,19:40,0,YYZ,YVR,598,WS,1,YYC,1,1,2,3,2026-02-04,Economy(Premium),2026-01-12
08:00,10:00,0,YYZ,YVR,910,AC,1,,0,1,2,3,2026-02-04,Economy(Premium),2026-01-12
20:20,22:20,0,YYZ,YVR,910,AC,1,,0,1,2,3,2026-02-04,Economy(Premium),2026-01-12
12:30,20:00,0,YTZ,YVR,947,AC(Jazz),1,YOW,1,1,2,3,2026-02-04,Economy(Premium),2026-01-12
09:00,11:07,0,YYZ,YVR,1243,AC,1,,0,1,2,3,2026-02-04,Economy(Premium),2026-01-12
18:45,20:52,0,YYZ,YVR,1243,AC,1,,0,1,2,3,2026-02-04,Economy(Premium),2026-01-12
19:20,21:27,0,YYZ,YVR,1243,AC,1,,0,1,2,3,2026-02-04,Economy(Premium),2026-01-12
07:15,09:42,0,YYZ,YVR,1723,WS,1,,0,1,2,3,2026-02-04,Economy(Premium),2026-01-12
09:10,11:30,0,YYZ,YVR,351,"PD, TS",2,,0,1,2,4,2026-02-05,Economy(Premium),2026-01-12
12:50,15:10,0,YYZ,YVR,351,"PD, TS",2,,0,1,2,4,2026-02-05,Economy(Premium),2026-01-12
20:15,22:37,0,YYZ,YVR,351,"PD, TS",2,,0,1,2,4,2026-02-05,Economy(Premium),2026-01-12
17:00,20:55,0,YYZ,YVR,420,WS,1,YYC,1,1,2,4,2026-02-05,Economy(Premium),2026-01-12
22:15,00:38,1,YYZ,YVR,420,WS,1,,0,1,2,4,2026-02-05,Economy(Premium),2026-01-12
07:15,09:42,0,YYZ,YVR,420,WS,1,,0,1,2,4,2026-02-05,Economy(Premium),2026-01-12
22:45,08:28,1,YYZ,YVR,458,WS,1,"YXE, YYC",2,1,2,4,2026-02-05,Economy(Premium),2026-01-12
08:00,10:00,0,YYZ,YVR,910,AC,1,,0,1,2,4,2026-02-05,Economy(Premium),2026-01-12
20:30,10:15,1,YTZ,YVR,954,AC(Jazz),1,YUL,1,1,2,4,2026-02-05,Economy(Premium),2026-01-12
20:20,22:20,0,YYZ,YVR,1243,AC,1,,0,1,2,4,2026-02-05,Economy(Premium),2026-01-12
18:45,21:08,0,YYZ,YVR,1723,WS,1,,0,1,2,4,2026-02-05,Economy(Premium),2026-01-12
09:00,11:07,0,YYZ,YVR,1989,AC,1,,0,1,2,4,2026-02-05,Economy(Premium),2026-01-12
17:55,20:02,0,YYZ,YVR,1989,AC,1,,0,1,2,4,2026-02-05,Economy(Premium),2026-01-12
18:45,20:52,0,YYZ,YVR,1989,AC,1,,0,1,2,4,2026-02-05,Economy(Premium),2026-01-12
09:10,11:30,0,YYZ,YVR,351,"PD, TS",2,,0,1,2,5,2026-02-06,Economy(Premium),2026-01-12
18:45,21:07,0,YYZ,YVR,351,"PD, TS",2,,0,1,2,5,2026-02-06,Economy(Premium),2026-01-12
06:30,16:09,0,YYZ,YVR,416,WS(Encore),1,"YYC, YLW",2,1,2,5,2026-02-06,Economy(Premium),2026-01-12
07:15,09:42,0,YYZ,YVR,420,WS,1,,0,1,2,5,2026-02-06,Economy(Premium),2026-01-12
22:15,00:38,1,YYZ,YVR,420,WS,1,,0,1,2,5,2026-02-06,Economy(Premium),2026-01-12
12:50,15:10,0,YYZ,YVR,459,"PD, TS",2,,0,1,2,5,2026-02-06,Economy(Premium),2026-01-12
22:45,06:44,1,YYZ,YVR,474,WS,1,YXE,1,1,0,5,2026-02-06,Economy(Premium),2026-01-12
17:00,20:55,0,YYZ,YVR,598,WS,1,YYC,1,1,2,5,2026-02-06,Economy(Premium),2026-01-12
10:00,14:40,0,YYZ,YVR,808,WS,1,YYC,1,1,0,5,2026-02-06,Economy(Premium),2026-01-12
20:20,22:20,0,YYZ,YVR,910,AC,1,,0,1,2,5,2026-02-06,Economy(Premium),2026-01-12
12:30,20:00,0,YTZ,YVR,947,AC(Jazz),1,YOW,1,1,2,5,2026-02-06,Economy(Premium),2026-01-12
08:00,10:00,0,YYZ,YVR,1243,AC,1,,0,1,2,5,2026-02-06,Economy(Premium),2026-01-12
18:45,20:52,0,YYZ,YVR,1243,AC,1,,0,1,2,5,2026-02-06,Economy(Premium),2026-01-12
09:00,11:07,0,YYZ,YVR,1989,AC,1,,0,1,2,5,2026-02-06,Economy(Premium),2026-01-12
17:55,20:02,0,YYZ,YVR,1989,AC,1,,0,1,2,5,2026-02-06,Economy(Premium),2026-01-12
09:10,11:30,0,YYZ,YVR,351,"PD, TS",2,,0,1,2,6,2026-02-07,Economy(Premium),2026-01-12
12:50,15:10,0,YYZ,YVR,351,"PD, TS",2,,0,1,2,6,2026-02-07,Economy(Premium),2026-01-12
19:25,21:47,0,YYZ,YVR,351,"PD, TS",2,,0,1,2,6,2026-02-07,Economy(Premium),2026-01-12
18:45,21:08,0,YYZ,YVR,420,WS,1,,0,1,2,6,2026-02-07,Economy(Premium),2026-01-12
22:15,00:38,1,YYZ,YVR,420,WS,1,,0,1,2,6,2026-02-07,Economy(Premium),2026-01-12
12:30,14:53,0,YYZ,YVR,598,WS,1,,0,1,2,6,2026-02-07,Economy(Premium),2026-01-12
08:00,10:00,0,YYZ,YVR,910,AC,1,,0,1,2,6,2026-02-07,Economy(Premium),2026-01-12
20:20,22:20,0,YYZ,YVR,910,AC,1,,0,1,2,6,2026-02-07,Economy(Premium),2026-01-12
12:30,20:00,0,YTZ,YVR,947,AC(Jazz),1,YOW,1,1,2,6,2026-02-07,Economy(Premium),2026-01-12
17:55,20:02,0,YYZ,YVR,1243,AC,1,,0,1,2,6,2026-02-07,Economy(Premium),2026-01-12
18:45,20:52,0,YYZ,YVR,1243,AC,1,,0,1,2,6,2026-02-07,Economy(Premium),2026-01-12
09:00,11:07,0,YYZ,YVR,1989,AC,1,,0,1,2,6,2026-02-07,Economy(Premium),2026-01-12
12:50,15:10,0,YYZ,YVR,351,"PD, TS",2,,0,1,2,7,2026-02-08,Economy(Premium),2026-01-12
20:15,22:37,0,YYZ,YVR,351,"PD, TS",2,,0,1,2,7,2026-02-08,Economy(Premium),2026-01-12
22:15,00:38,1,YYZ,YVR,420,WS,1,,0,1,2,7,2026-02-08,Economy(Premium),2026-01-12
07:15,09:42,0,YYZ,YVR,420,WS,1,,0,1,2,7,2026-02-08,Economy(Premium),2026-01-12
08:00,13:23,0,YYZ,YVR,491,WS,1,YEG,1,1,0,7,2026-02-08,Economy(Premium),2026-01-12
09:10,11:30,0,YYZ,YVR,524,"PD, TS",2,,0,1,2,7,2026-02-08,Economy(Premium),2026-01-12
14:40,18:43,0,YYZ,YVR,695,WS,1,YEG,1,1,2,7,2026-02-08,Economy(Premium),2026-01-12
08:00,10:00,0,YYZ,YVR,910,AC,1,,0,1,2,7,2026-02-08,Economy(Premium),2026-01-12
18:45,20:52,0,YYZ,YVR,910,AC,1,,0,1,2,7,2026-02-08,Economy(Premium),2026-01-12
20:20,22:20,0,YYZ,YVR,910,AC,1,,0,1,2,7,2026-02-08,Economy(Premium),2026-01-12
12:30,20:00,0,YTZ,YVR,947,AC(Jazz),1,YOW,1,1,2,7,2026-02-08,Economy(Premium),2026-01-12
09:00,11:07,0,YYZ,YVR,1243,AC,1,,0,1,2,7,2026-02-08,Economy(Premium),2026-01-12
17:55,20:02,0,YYZ,YVR,1243,AC,1,,0,1,2,7,2026-02-08,Economy(Premium),2026-01-12
09:45,12:10,0,YYZ,YVR,85,F8,1,,0,0,0,1,2026-02-02,Economy(Basic),2026-01-16
07:15,09:42,0,YYZ,YVR,134,WS,1,,0,0,0,1,2026-02-02,Economy(Basic),2026-01-16
22:15,00:38,1,YYZ,YVR,134,WS,1,,0,0,0,1,2026-02-02,Economy(Basic),2026-01-16
12:50,15:10,0,YYZ,YVR,155,"PD, TS",2,,0,0,0,1,2026-02-02,Economy(Basic),2026-01-16
18:45,21:07,0,YYZ,YVR,155,"PD, TS",2,,0,0,0,1,2026-02-02,Economy(Basic),2026-01-16
09:10,11:30,0,YYZ,YVR,166,"PD, TS",2,,0,0,0,1,2026-02-02,Economy(Basic),2026-01-16
07:00,09:15,0,YYZ,YVR,251,AC,1,,0,0,0,1,2026-02-02,Economy(Basic),2026-01-16
08:00,10:00,0,YYZ,YVR,251,AC,1,,0,0,0,1,2026-02-02,Economy(Basic),2026-01-16
09:00,11:07,0,YYZ,YVR,251,AC,1,,0,0,0,1,2026-02-02,Economy(Basic),2026-01-16
14:10,16:27,0,YYZ,YVR,251,AC,1,,0,0,0,1,2026-02-02,Economy(Basic),2026-01-16
16:40,18:57,0,YYZ,YVR,251,AC,1,,0,0,0,1,2026-02-02,Economy(Basic),2026-01-16
17:55,20:02,0,YYZ,YVR,251,AC,1,,0,0,0,1,2026-02-02,Economy(Basic),2026-01-16
18:45,20:52,0,YYZ,YVR,251,AC,1,,0,0,0,1,2026-02-02,Economy(Basic),2026-01-16
20:20,22:20,0,YYZ,YVR,251,AC,1,,0,0,0,1,2026-02-02,Economy(Basic),2026-01-16
22:35,00:50,1,YYZ,YVR,251,AC,1,,0,0,0,1,2026-02-02,Economy(Basic),2026-01-16
10:45,16:11,0,YTZ,YVR,358,AC(Jazz),1,YUL,1,1,0,1,2026-02-02,Economy(Basic),2026-01-16
10:00,12:15,0,YYZ,YVR,366,AC,1,,0,1,0,1,2026-02-02,Economy(Basic),2026-01-16
12:30,14:47,0,YYZ,YVR,366,AC,1,,0,1,0,1,2026-02-02,Economy(Basic),2026-01-16
07:55,10:20,0,YYZ,YVR,452,F8,1,,0,0,0,1,2026-02-02,Economy(Basic),2026-01-16
12:30,14:53,0,YYZ,YVR,548,WS,1,,0,0,0,1,2026-02-02,Economy(Basic),2026-01-16
18:45,21:08,0,YYZ,YVR,548,WS,1,,0,0,0,1,2026-02-02,Economy(Basic),2026-01-16
09:45,12:10,0,YYZ,YVR,85,F8,1,,0,0,0,2,2026-02-03,Economy(Basic),2026-01-16
07:15,09:42,0,YYZ,YVR,134,WS,1,,0,0,0,2,2026-02-03,Economy(Basic),2026-01-16
22:15,00:38,1,YYZ,YVR,134,WS,1,,0,0,0,2,2026-02-03,Economy(Basic),2026-01-16
09:10,11:30,0,YYZ,YVR,155,"PD, TS",2,,0,0,0,2,2026-02-03,Economy(Basic),2026-01-16
10:00,14:40,0,YYZ,YVR,155,WS,1,YYC,1,0,0,2,2026-02-03,Economy(Basic),2026-01-16
12:50,15:10,0,YYZ,YVR,155,"PD, TS",2,,0,0,0,2,2026-02-03,Economy(Basic),2026-01-16
18:45,21:07,0,YYZ,YVR,155,"PD, TS",2,,0,0,0,2,2026-02-03,Economy(Basic),2026-01-16
18:45,21:08,0,YYZ,YVR,155,WS,1,,0,0,0,2,2026-02-03,Economy(Basic),2026-01-16
07:00,09:15,0,YYZ,YVR,251,AC,1,,0,0,0,2,2026-02-03,Economy(Basic),2026-01-16
08:00,10:00,0,YYZ,YVR,251,AC,1,,0,0,0,2,2026-02-03,Economy(Basic),2026-01-16
09:00,11:07,0,YYZ,YVR,251,AC,1,,0,0,0,2,2026-02-03,Economy(Basic),2026-01-16
10:00,12:07,0,YYZ,YVR,251,AC,1,,0,0,0,2,2026-02-03,Economy(Basic),2026-01-16
12:30,14:47,0,YYZ,YVR,251,AC,1,,0,0,0,2,2026-02-03,Economy(Basic),2026-01-16
14:10,16:27,0,YYZ,YVR,251,AC,1,,0,0,0,2,2026-02-03,Economy(Basic),2026-01-16
16:40,18:57,0,YYZ,YVR,251,AC,1,,0,0,0,2,2026-02-03,Economy(Basic),2026-01-16
17:55,20:02,0,YYZ,YVR,251,AC,1,,0,0,0,2,2026-02-03,Economy(Basic),2026-01-16
18:45,20:52,0,YYZ,YVR,251,AC,1,,0,0,0,2,2026-02-03,Economy(Basic),2026-01-16
20:20,22:20,0,YYZ,YVR,251,AC,1,,0,0,0,2,2026-02-03,Economy(Basic),2026-01-16
22:35,00:50,1,YYZ,YVR,251,AC,1,,0,0,0,2,2026-02-03,Economy(Basic),2026-01-16
10:45,16:11,0,YTZ,YVR,324,AC(Jazz),1,YUL,1,0,0,2,2026-02-03,Economy(Basic),2026-01-16
09:45,12:10,0,YYZ,YVR,85,F8,1,,0,0,0,3,2026-02-04,Economy(Basic),2026-01-16
07:15,09:42,0,YYZ,YVR,134,WS,1,,0,0,0,3,2026-02-04,Economy(Basic),2026-01-16
18:45,21:08,0,YYZ,YVR,134,WS,1,,0,0,0,3,2026-02-04,Economy(Basic),2026-01-16
22:15,00:38,1,YYZ,YVR,134,WS,1,,0,0,0,3,2026-02-04,Economy(Basic),2026-01-16
09:10,11:30,0,YYZ,YVR,155,"PD, TS",2,,0,0,0,3,2026-02-04,Economy(Basic),2026-01-16
13:30,19:40,0,YYZ,YVR,155,WS,1,YYC,1,0,0,3,2026-02-04,Economy(Basic),2026-01-16
18:45,21:07,0,YYZ,YVR,155,"PD, TS",2,,0,0,0,3,2026-02-04,Economy(Basic),2026-01-16
12:50,15:10,0,YYZ,YVR,166,"PD, TS",2,,0,0,0,3,2026-02-04,Economy(Basic),2026-01-16
07:00,09:15,0,YYZ,YVR,251,AC,1,,0,0,0,3,2026-02-04,Economy(Basic),2026-01-16
08:00,10:00,0,YYZ,YVR,251,AC,1,,0,0,0,3,2026-02-04,Economy(Basic),2026-01-16
09:00,11:07,0,YYZ,YVR,251,AC,1,,0,0,0,3,2026-02-04,Economy(Basic),2026-01-16
10:00,12:15,0,YYZ,YVR,251,AC,1,,0,0,0,3,2026-02-04,Economy(Basic),2026-01-16
12:40,14:55,0,YYZ,YVR,251,AC,1,,0,0,0,3,2026-02-04,Economy(Basic),2026-01-16
14:10,16:27,0,YYZ,YVR,251,AC,1,,0,0,0,3,2026-02-04,Economy(Basic),2026-01-16
18:45,20:52,0,YYZ,YVR,251,AC,1,,0,0,0,3,2026-02-04,Economy(Basic),2026-01-16
19:20,21:27,0,YYZ,YVR,251,AC,1,,0,0,0,3,2026-02-04,Economy(Basic),2026-01-16
20:20,22:20,0,YYZ,YVR,251,AC,1,,0,0,0,3,2026-02-04,Economy(Basic),2026-01-16
22:35,00:50,1,YYZ,YVR,251,AC,1,,0,0,0,3,2026-02-04,Economy(Basic),2026-01-16
10:45,16:11,0,YTZ,YVR,324,AC(Jazz),1,YUL,1,0,0,3,2026-02-04,Economy(Basic),2026-01-16
16:40,18:57,0,YYZ,YVR,366,AC,1,,0,1,0,3,2026-02-04,Economy(Basic),2026-01-16
07:55,10:20,0,YYZ,YVR,85,F8,1,,0,0,0,4,2026-02-05,Economy(Basic),2026-01-16
07:15,09:42,0,YYZ,YVR,134,WS,1,,0,0,0,4,2026-02-05,Economy(Basic),2026-01-16
22:15,00:38,1,YYZ,YVR,134,WS,1,,0,0,0,4,2026-02-05,Economy(Basic),2026-01-16
09:10,11:30,0,YYZ,YVR,155,"PD, TS",2,,0,0,0,4,2026-02-05,Economy(Basic),2026-01-16
17:00,20:55,0,YYZ,YVR,155,WS,1,YYC,1,0,0,4,2026-02-05,Economy(Basic),2026-01-16
20:15,22:37,0,YYZ,YVR,155,"PD, TS",2,,0,0,0,4,2026-02-05,Economy(Basic),2026-01-16
12:50,15:10,0,YYZ,YVR,166,"PD, TS",2,,0,0,0,4,2026-02-05,Economy(Basic),2026-01-16
07:00,09:15,0,YYZ,YVR,251,AC,1,,0,0,0,4,2026-02-05,Economy(Basic),2026-01-16
08:00,10:00,0,YYZ,YVR,251,AC,1,,0,0,0,4,2026-02-05,Economy(Basic),2026-01-16
09:00,11:07,0,YYZ,YVR,251,AC,1,,0,0,0,4,2026-02-05,Economy(Basic),2026-01-16
10:00,12:15,0,YYZ,YVR,251,AC,1,,0,0,0,4,2026-02-05,Economy(Basic),2026-01-16
14:10,16:27,0,YYZ,YVR,251,AC,1,,0,0,0,4,2026-02-05,Economy(Basic),2026-01-16
16:40,18:57,0,YYZ,YVR,251,AC,1,,0,0,0,4,2026-02-05,Economy(Basic),2026-01-16
17:55,20:02,0,YYZ,YVR,251,AC,1,,0,0,0,4,2026-02-05,Economy(Basic),2026-01-16
18:45,20:52,0,YYZ,YVR,251,AC,1,,0,0,0,4,2026-02-05,Economy(Basic),2026-01-16
20:20,22:20,0,YYZ,YVR,251,AC,1,,0,0,0,4,2026-02-05,Economy(Basic),2026-01-16
22:35,00:50,1,YYZ,YVR,251,AC,1,,0,0,0,4,2026-02-05,Economy(Basic),2026-01-16
12:30,14:47,0,YYZ,YVR,308,AC,1,,0,0,0,4,2026-02-05,Economy(Basic),2026-01-16
10:45,16:11,0,YTZ,YVR,324,AC(Jazz),1,YUL,1,0,0,4,2026-02-05,Economy(Basic),2026-01-16
12:30,14:53,0,YYZ,YVR,463,WS,1,,0,0,0,4,2026-02-05,Economy(Basic),2026-01-16
18:45,21:08,0,YYZ,YVR,463,WS,1,,0,0,0,4,2026-02-05,Economy(Basic),2026-01-16
07:55,10:20,0,YYZ,YVR,85,F8,1,,0,0,0,5,2026-02-06,Economy(Basic),2026-01-16
09:00,11:07,0,YYZ,YVR,125,AC,1,,0,0,0,5,2026-02-06,Economy(Basic),2026-01-16
12:50,15:10,0,YYZ,YVR,125,"PD, TS",2,,0,0,0,5,2026-02-06,Economy(Basic),2026-01-16
22:15,00:38,1,YYZ,YVR,125,WS,1,,0,0,0,5,2026-02-06,Economy(Basic),2026-01-16
07:00,09:15,0,YYZ,YVR,125,AC,1,,0,0,0,5,2026-02-06,Economy(Basic),2026-01-16
08:00,10:00,0,YYZ,YVR,125,AC,1,,0,0,0,5,2026-02-06,Economy(Basic),2026-01-16
16:40,18:57,0,YYZ,YVR,125,AC,1,,0,0,0,5,2026-02-06,Economy(Basic),2026-01-16
18:45,20:52,0,YYZ,YVR,125,AC,1,,0,0,0,5,2026-02-06,Economy(Basic),2026-01-16
18:45,21:07,0,YYZ,YVR,125,"PD, TS",2,,0,0,0,5,2026-02-06,Economy(Basic),2026-01-16
22:35,00:50,1,YYZ,YVR,125,AC,1,,0,0,0,5,2026-02-06,Economy(Basic),2026-01-16
09:10,11:30,0,YYZ,YVR,134,"PD, TS",2,,0,0,0,5,2026-02-06,Economy(Basic),2026-01-16
09:45,12:10,0,YYZ,YVR,139,F8,1,,0,0,0,5,2026-02-06,Economy(Basic),2026-01-16
07:15,09:42,0,YYZ,YVR,152,WS,1,,0,0,0,5,2026-02-06,Economy(Basic),2026-01-16
10:45,20:50,0,YTZ,YVR,197,AC(Jazz),1,YUL,1,0,0,5,2026-02-06,Economy(Basic),2026-01-16
10:00,12:15,0,YYZ,YVR,251,AC,1,,0,0,0,5,2026-02-06,Economy(Basic),2026-01-16
14:10,16:27,0,YYZ,YVR,251,AC,1,,0,0,0,5,2026-02-06,Economy(Basic),2026-01-16
17:55,20:02,0,YYZ,YVR,251,AC,1,,0,0,0,5,2026-02-06,Economy(Basic),2026-01-16
20:20,22:20,0,YYZ,YVR,251,AC,1,,0,0,0,5,2026-02-06,Economy(Basic),2026-01-16
12:30,14:47,0,YYZ,YVR,308,AC,1,,0,0,0,5,2026-02-06,Economy(Basic),2026-01-16
12:30,14:53,0,YYZ,YVR,339,WS,1,,0,0,0,5,2026-02-06,Economy(Basic),2026-01-16
18:45,21:08,0,YYZ,YVR,339,WS,1,,0,0,0,5,2026-02-06,Economy(Basic),2026-01-16
07:55,10:20,0,YYZ,YVR,119,F8,1,,0,0,0,6,2026-02-07,Economy(Basic),2026-01-16
09:10,11:30,0,YYZ,YVR,125,"PD, TS",2,,0,0,0,6,2026-02-07,Economy(Basic),2026-01-16
12:30,14:47,0,YYZ,YVR,125,AC,1,,0,0,0,6,2026-02-07,Economy(Basic),2026-01-16
22:15,00:38,1,YYZ,YVR,125,WS,1,,0,0,0,6,2026-02-07,Economy(Basic),2026-01-16
07:00,09:15,0,YYZ,YVR,125,AC,1,,0,0,0,6,2026-02-07,Economy(Basic),2026-01-16
17:55,20:02,0,YYZ,YVR,125,AC,1,,0,0,0,6,2026-02-07,Economy(Basic),2026-01-16
18:45,20:52,0,YYZ,YVR,125,AC,1,,0,0,0,6,2026-02-07,Economy(Basic),2026-01-16
19:25,21:47,0,YYZ,YVR,125,"PD, TS",2,,0,0,0,6,2026-02-07,Economy(Basic),2026-01-16
20:20,22:20,0,YYZ,YVR,125,AC,1,,0,0,0,6,2026-02-07,Economy(Basic),2026-01-16
22:35,00:50,1,YYZ,YVR,125,AC,1,,0,0,0,6,2026-02-07,Economy(Basic),2026-01-16
18:45,21:08,0,YYZ,YVR,152,WS,1,,0,0,0,6,2026-02-07,Economy(Basic),2026-01-16
08:00,10:00,0,YYZ,YVR,251,AC,1,,0,0,0,6,2026-02-07,Economy(Basic),2026-01-16
09:00,11:07,0,YYZ,YVR,251,AC,1,,0,0,0,6,2026-02-07,Economy(Basic),2026-01-16
10:00,12:15,0,YYZ,YVR,251,AC,1,,0,0,0,6,2026-02-07,Economy(Basic),2026-01-16
12:50,15:10,0,YYZ,YVR,251,"PD, TS",2,,0,0,0,6,2026-02-07,Economy(Basic),2026-01-16
14:10,16:27,0,YYZ,YVR,251,AC,1,,0,0,0,6,2026-02-07,Economy(Basic),2026-01-16
16:40,18:57,0,YYZ,YVR,251,AC,1,,0,0,0,6,2026-02-07,Economy(Basic),2026-01-16
12:30,14:53,0,YYZ,YVR,339,WS,1,,0,0,0,6,2026-02-07,Economy(Basic),2026-01-16
10:45,16:11,0,YTZ,YVR,358,AC(Jazz),1,YUL,1,1,0,6,2026-02-07,Economy(Basic),2026-01-16
07:55,10:20,0,YYZ,YVR,85,F8,1,,0,0,0,7,2026-02-08,Economy(Basic),2026-01-16
09:45,12:10,0,YYZ,YVR,85,F8,1,,0,0,0,7,2026-02-08,Economy(Basic),2026-01-16
16:40,18:57,0,YYZ,YVR,125,AC,1,,0,0,0,7,2026-02-08,Economy(Basic),2026-01-16
22:15,00:38,1,YYZ,YVR,125,WS,1,,0,0,0,7,2026-02-08,Economy(Basic),2026-01-16
07:00,09:15,0,YYZ,YVR,125,AC,1,,0,0,0,7,2026-02-08,Economy(Basic),2026-01-16
07:15,09:42,0,YYZ,YVR,125,WS,1,,0,0,0,7,2026-02-08,Economy(Basic),2026-01-16
08:00,10:00,0,YYZ,YVR,125,AC,1,,0,0,0,7,2026-02-08,Economy(Basic),2026-01-16
10:00,12:15,0,YYZ,YVR,125,AC,1,,0,0,0,7,2026-02-08,Economy(Basic),2026-01-16
22:35,00:50,1,YYZ,YVR,125,AC,1,,0,0,0,7,2026-02-08,Economy(Basic),2026-01-16
21:00,23:25,0,YYZ,YVR,139,F8,1,,0,0,0,7,2026-02-08,Economy(Basic),2026-01-16
18:45,21:08,0,YYZ,YVR,152,WS,1,,0,0,0,7,2026-02-08,Economy(Basic),2026-01-16
09:00,11:07,0,YYZ,YVR,251,AC,1,,0,0,0,7,2026-02-08,Economy(Basic),2026-01-16
09:10,11:30,0,YYZ,YVR,251,"PD, TS",2,,0,0,0,7,2026-02-08,Economy(Basic),2026-01-16
12:50,15:10,0,YYZ,YVR,251,"PD, TS",2,,0,0,0,7,2026-02-08,Economy(Basic),2026-01-16
17:55,20:02,0,YYZ,YVR,251,AC,1,,0,0,0,7,2026-02-08,Economy(Basic),2026-01-16
18:45,20:52,0,YYZ,YVR,251,AC,1,,0,0,0,7,2026-02-08,Economy(Basic),2026-01-16
20:15,22:37,0,YYZ,YVR,251,"PD, TS",2,,0,0,0,7,2026-02-08,Economy(Basic),2026-01-16
20:20,22:20,0,YYZ,YVR,251,AC,1,,0,0,0,7,2026-02-08,Economy(Basic),2026-01-16
10:45,16:11,0,YTZ,YVR,358,AC(Jazz),1,YUL,1,1,0,7,2026-02-08,Economy(Basic),2026-01-16
12:30,14:47,0,YYZ,YVR,366,AC,1,,0,1,0,7,2026-02-08,Economy(Basic),2026-01-16
14:10,16:27,0,YYZ,YVR,366,AC,1,,0,1,0,7,2026-02-08,Economy(Basic),2026-01-16
12:30,14:53,0,YYZ,YVR,548,WS,1,,0,0,0,7,2026-02-08,Economy(Basic),2026-01-16
07:15,09:42,0,YYZ,YVR,270,WS,1,,0,1,1,1,2026-02-02,Economy,2026-01-16
07:45,12:40,0,YYZ,YVR,270,WS,1,YYC,1,1,1,1,2026-02-02,Economy,2026-01-16
18:30,22:38,0,YYZ,YVR,270,WS,1,YEG,1,1,1,1,2026-02-02,Economy,2026-01-16
22:15,00:38,1,YYZ,YVR,270,WS,1,,0,1,1,1,2026-02-02,Economy,2026-01-16
12:50,15:10,0,YYZ,YVR,273,"PD, TS",2,,0,1,1,1,2026-02-02,Economy,2026-01-16
18:45,21:07,0,YYZ,YVR,273,"PD, TS",2,,0,1,1,1,2026-02-02,Economy,2026-01-16
09:10,11:30,0,YYZ,YVR,285,"PD, TS",2,,0,1,1,1,2026-02-02,Economy,2026-01-16
07:00,09:15,0,YYZ,YVR,375,AC,1,,0,1,1,1,2026-02-02,Economy,2026-01-16
08:00,10:00,0,YYZ,YVR,375,AC,1,,0,1,1,1,2026-02-02,Economy,2026-01-16
09:00,11:07,0,YYZ,YVR,375,AC,1,,0,1,1,1,2026-02-02,Economy,2026-01-16
07:15,09:42,0,YYZ,YVR,270,WS,1,,0,1,1,2,2026-02-03,Economy,2026-01-16
07:45,12:40,0,YYZ,YVR,270,WS,1,YYC,1,1,1,2,2026-02-03,Economy,2026-01-16
08:00,13:23,0,YYZ,YVR,270,WS,1,YEG,1,1,1,2,2026-02-03,Economy,2026-01-16
10:00,14:40,0,YYZ,YVR,270,WS,1,YYC,1,1,1,2,2026-02-03,Economy,2026-01-16
18:45,21:08,0,YYZ,YVR,270,WS,1,,0,1,1,2,2026-02-03,Economy,2026-01-16
22:15,00:38,1,YYZ,YVR,270,WS,1,,0,1,1,2,2026-02-03,Economy,2026-01-16
09:10,11:30,0,YYZ,YVR,273,"PD, TS",2,,0,1,1,2,2026-02-03,Economy,2026-01-16
12:50,15:10,0,YYZ,YVR,273,"PD, TS",2,,0,1,1,2,2026-02-03,Economy,2026-01-16
18:45,21:07,0,YYZ,YVR,273,"PD, TS",2,,0,1,1,2,2026-02-03,Economy,2026-01-16
07:00,09:15,0,YYZ,YVR,375,AC,1,,0,1,1,2,2026-02-03,Economy,2026-01-16
07:15,09:42,0,YYZ,YVR,270,WS,1,,0,1,1,3,2026-02-04,Economy,2026-01-16
08:00,13:23,0,YYZ,YVR,270,WS,1,YEG,1,1,1,3,2026-02-04,Economy,2026-01-16
13:30,19:40,0,YYZ,YVR,270,WS,1,YYC,1,1,1,3,2026-02-04,Economy,2026-01-16
18:45,21:08,0,YYZ,YVR,270,WS,1,,0,1,1,3,2026-02-04,Economy,2026-01-16
22:15,00:38,1,YYZ,YVR,270,WS,1,,0,1,1,3,2026-02-04,Economy,2026-01-16
09:10,11:30,0,YYZ,YVR,273,"PD, TS",2,,0,1,1,3,2026-02-04,Economy,2026-01-16
18:45,21:07,0,YYZ,YVR,273,"PD, TS",2,,0,1,1,3,2026-02-04,Economy,2026-01-16
12:50,15:10,0,YYZ,YVR,285,"PD, TS",2,,0,1,1,3,2026-02-04,Economy,2026-01-16
07:00,09:15,0,YYZ,YVR,375,AC,1,,0,1,1,3,2026-02-04,Economy,2026-01-16
08:00,10:00,0,YYZ,YVR,375,AC,1,,0,1,1,3,2026-02-04,Economy,2026-01-16
07:15,09:42,0,YYZ,YVR,270,WS,1,,0,1,1,4,2026-02-05,Economy,2026-01-16
17:00,20:55,0,YYZ,YVR,270,WS,1,YYC,1,1,1,4,2026-02-05,Economy,2026-01-16
07:45,12:40,0,YYZ,YVR,270,WS,1,YYC,1,1,1,4,2026-02-05,Economy,2026-01-16
18:30,22:38,0,YYZ,YVR,270,WS,1,YEG,1,1,1,4,2026-02-05,Economy,2026-01-16
22:15,00:38,1,YYZ,YVR,270,WS,1,,0,1,1,4,2026-02-05,Economy,2026-01-16
09:10,11:30,0,YYZ,YVR,273,"PD, TS",2,,0,1,1,4,2026-02-05,Economy,2026-01-16
20:15,22:37,0,YYZ,YVR,273,"PD, TS",2,,0,1,1,4,2026-02-05,Economy,2026-01-16
12:50,15:10,0,YYZ,YVR,285,"PD, TS",2,,0,1,1,4,2026-02-05,Economy,2026-01-16
07:00,09:15,0,YYZ,YVR,375,AC,1,,0,1,1,4,2026-02-05,Economy,2026-01-16
08:00,10:00,0,YYZ,YVR,375,AC,1,,0,1,1,4,2026-02-05,Economy,2026-01-16
09:00,11:07,0,YYZ,YVR,375,AC,1,,0,1,1,4,2026-02-05,Economy,2026-01-16
12:50,15:10,0,YYZ,YVR,244,"PD, TS",2,,0,1,1,5,2026-02-06,Economy,2026-01-16
18:45,21:07,0,YYZ,YVR,244,"PD, TS",2,,0,1,1,5,2026-02-06,Economy,2026-01-16
09:00,11:07,0,YYZ,YVR,250,AC,1,,0,1,1,5,2026-02-06,Economy,2026-01-16
07:00,09:15,0,YYZ,YVR,250,AC,1,,0,1,1,5,2026-02-06,Economy,2026-01-16
08:00,10:00,0,YYZ,YVR,250,AC,1,,0,1,1,5,2026-02-06,Economy,2026-01-16
16:40,18:57,0,YYZ,YVR,250,AC,1,,0,1,1,5,2026-02-06,Economy,2026-01-16
18:45,20:52,0,YYZ,YVR,250,AC,1,,0,1,1,5,2026-02-06,Economy,2026-01-16
22:35,00:50,1,YYZ,YVR,250,AC,1,,0,1,1,5,2026-02-06,Economy,2026-01-16
07:15,09:42,0,YYZ,YVR,268,WS,1,,0,1,1,5,2026-02-06,Economy,2026-01-16
09:10,11:30,0,YYZ,YVR,244,"PD, TS",2,,0,1,1,6,2026-02-07,Economy,2026-01-16
19:25,21:47,0,YYZ,YVR,244,"PD, TS",2,,0,1,1,6,2026-02-07,Economy,2026-01-16
12:30,14:47,0,YYZ,YVR,250,AC,1,,0,1,1,6,2026-02-07,Economy,2026-01-16
07:00,09:15,0,YYZ,YVR,250,AC,1,,0,1,1,6,2026-02-07,Economy,2026-01-16
17:55,20:02,0,YYZ,YVR,250,AC,1,,0,1,1,6,2026-02-07,Economy,2026-01-16
18:45,20:52,0,YYZ,YVR,250,AC,1,,0,1,1,6,2026-02-07,Economy,2026-01-16
20:20,22:20,0,YYZ,YVR,250,AC,1,,0,1,1,6,2026-02-07,Economy,2026-01-16
22:35,00:50,1,YYZ,YVR,250,AC,1,,0,1,1,6,2026-02-07,Economy,2026-01-16
22:15,00:38,1,YYZ,YVR,268,WS,1,,0,1,1,6,2026-02-07,Economy,2026-01-16
10:00,12:15,0,YYZ,YVR,250,AC,1,,0,1,1,7,2026-02-08,Economy,2026-01-16
16:40,18:57,0,YYZ,YVR,250,AC,1,,0,1,1,7,2026-02-08,Economy,2026-01-16
07:00,09:15,0,YYZ,YVR,250,AC,1,,0,1,1,7,2026-02-08,Economy,2026-01-16
08:00,10:00,0,YYZ,YVR,250,AC,1,,0,1,1,7,2026-02-08,Economy,2026-01-16
22:35,00:50,1,YYZ,YVR,250,AC,1,,0,1,1,7,2026-02-08,Economy,2026-01-16
18:45,21:08,0,YYZ,YVR,268,WS,1,,0,1,1,7,2026-02-08,Economy,2026-01-16
07:15,09:42,0,YYZ,YVR,268,WS,1,,0,1,1,7,2026-02-08,Economy,2026-01-16
22:15,00:38,1,YYZ,YVR,268,WS,1,,0,1,1,7,2026-02-08,Economy,2026-01-16
09:10,11:30,0,YYZ,YVR,369,"PD, TS",2,,0,1,1,7,2026-02-08,Economy,2026-01-16
09:10,11:30,0,YYZ,YVR,358,"PD, TS",2,,0,1,2,1,2026-02-02,Economy(Premium),2026-01-16
12:50,15:10,0,YYZ,YVR,358,"PD, TS",2,,0,1,2,1,2026-02-02,Economy(Premium),2026-01-16
18:45,21:07,0,YYZ,YVR,358,"PD, TS",2,,0,1,2,1,2026-02-02,Economy(Premium),2026-01-16
07:15,09:42,0,YYZ,YVR,552,WS,1,,0,1,2,1,2026-02-02,Economy(Premium),2026-01-16
22:15,00:38,1,YYZ,YVR,552,WS,1,,0,1,2,1,2026-02-02,Economy(Premium),2026-01-16
18:45,21:08,0,YYZ,YVR,1079,WS,1,,0,1,2,1,2026-02-02,Economy(Premium),2026-01-16
18:45,20:52,0,YYZ,YVR,1119,AC,1,,0,1,2,1,2026-02-02,Economy(Premium),2026-01-16
20:20,22:20,0,YYZ,YVR,1119,AC,1,,0,1,2,1,2026-02-02,Economy(Premium),2026-01-16
12:30,20:00,0,YTZ,YVR,1156,AC(Jazz),1,YOW,1,1,2,1,2026-02-02,Economy(Premium),2026-01-16
08:00,10:00,0,YYZ,YVR,1339,AC,1,,0,1,2,1,2026-02-02,Economy(Premium),2026-01-16
09:00,11:07,0,YYZ,YVR,1339,AC,1,,0,1,2,1,2026-02-02,Economy(Premium),2026-01-16
17:55,20:02,0,YYZ,YVR,1339,AC,1,,0,1,2,1,2026-02-02,Economy(Premium),2026-01-16
09:10,11:30,0,YYZ,YVR,358,"PD, TS",2,,0,1,2,2,2026-02-03,Economy(Premium),2026-01-16
12:50,15:10,0,YYZ,YVR,358,"PD, TS",2,,0,1,2,2,2026-02-03,Economy(Premium),2026-01-16
18:45,21:07,0,YYZ,YVR,358,"PD, TS",2,,0,1,2,2,2026-02-03,Economy(Premium),2026-01-16
07:15,09:42,0,YYZ,YVR,552,WS,1,,0,1,2,2,2026-02-03,Economy(Premium),2026-01-16
22:15,00:38,1,YYZ,YVR,552,WS,1,,0,1,2,2,2026-02-03,Economy(Premium),2026-01-16
22:45,06:44,1,YYZ,YVR,590,WS,1,YXE,1,1,2,2,2026-02-03,Economy(Premium),2026-01-16
10:00,14:40,0,YYZ,YVR,752,WS,1,YYC,1,1,0,2,2026-02-03,Economy(Premium),2026-01-16
08:00,10:00,0,YYZ,YVR,1119,AC,1,,0,1,2,2,2026-02-03,Economy(Premium),2026-01-16
09:00,11:07,0,YYZ,YVR,1119,AC,1,,0,1,2,2,2026-02-03,Economy(Premium),2026-01-16
18:45,20:52,0,YYZ,YVR,1119,AC,1,,0,1,2,2,2026-02-03,Economy(Premium),2026-01-16
12:30,20:00,0,YTZ,YVR,1156,AC(Jazz),1,YOW,1,1,2,2,2026-02-03,Economy(Premium),2026-01-16
10:00,12:07,0,YYZ,YVR,1339,AC,1,,0,1,2,2,2026-02-03,Economy(Premium),2026-01-16
17:55,20:02,0,YYZ,YVR,1339,AC,1,,0,1,2,2,2026-02-03,Economy(Premium),2026-01-16
20:20,22:20,0,YYZ,YVR,1339,AC,1,,0,1,2,2,2026-02-03,Economy(Premium),2026-01-16
09:10,11:30,0,YYZ,YVR,358,"PD, TS",2,,0,1,2,3,2026-02-04,Economy(Premium),2026-01-16
18:45,21:07,0,YYZ,YVR,358,"PD, TS",2,,0,1,2,3,2026-02-04,Economy(Premium),2026-01-16
12:50,15:10,0,YYZ,YVR,524,"PD, TS",2,,0,1,2,3,2026-02-04,Economy(Premium),2026-01-16
18:45,21:08,0,YYZ,YVR,552,WS,1,,0,1,2,3,2026-02-04,Economy(Premium),2026-01-16
13:30,19:40,0,YYZ,YVR,552,WS,1,YYC,1,1,2,3,2026-02-04,Economy(Premium),2026-01-16
22:15,00:38,1,YYZ,YVR,552,WS,1,,0,1,2,3,2026-02-04,Economy(Premium),2026-01-16
14:30,18:43,0,YYZ,YVR,894,WS,1,YEG,1,1,2,3,2026-02-04,Economy(Premium),2026-01-16
20:20,22:20,0,YYZ,YVR,1119,AC,1,,0,1,2,3,2026-02-04,Economy(Premium),2026-01-16
12:30,20:00,0,YTZ,YVR,1156,AC(Jazz),1,YOW,1,1,2,3,2026-02-04,Economy(Premium),2026-01-16
08:00,10:00,0,YYZ,YVR,1339,AC,1,,0,1,2,3,2026-02-04,Economy(Premium),2026-01-16
09:00,11:07,0,YYZ,YVR,1339,AC,1,,0,1,2,3,2026-02-04,Economy(Premium),2026-01-16
18:45,20:52,0,YYZ,YVR,1339,AC,1,,0,1,2,3,2026-02-04,Economy(Premium),2026-01-16
19:20,21:27,0,YYZ,YVR,1339,AC,1,,0,1,2,3,2026-02-04,Economy(Premium),2026-01-16
09:10,11:30,0,YYZ,YVR,358,"PD, TS",2,,0,1,2,4,2026-02-05,Economy(Premium),2026-01-16
12:50,15:10,0,YYZ,YVR,358,"PD, TS",2,,0,1,2,4,2026-02-05,Economy(Premium),2026-01-16
20:15,22:37,0,YYZ,YVR,358,"PD, TS",2,,0,1,2,4,2026-02-05,Economy(Premium),2026-01-16
07:15,09:42,0,YYZ,YVR,552,WS,1,,0,1,2,4,2026-02-05,Economy(Premium),2026-01-16
16:00,20:55,0,YYZ,YVR,552,WS,1,YYC,1,1,2,4,2026-02-05,Economy(Premium),2026-01-16
22:15,00:38,1,YYZ,YVR,552,WS,1,,0,1,2,4,2026-02-05,Economy(Premium),2026-01-16
20:30,10:15,1,YTZ,YVR,1163,AC(Jazz),1,YUL,1,1,2,4,2026-02-05,Economy(Premium),2026-01-16
08:00,10:00,0,YYZ,YVR,1339,AC,1,,0,1,2,4,2026-02-05,Economy(Premium),2026-01-16
20:20,22:20,0,YYZ,YVR,1339,AC,1,,0,1,2,4,2026-02-05,Economy(Premium),2026-01-16
18:45,21:08,0,YYZ,YVR,1723,WS,1,,0,1,2,4,2026-02-05,Economy(Premium),2026-01-16
09:00,11:07,0,YYZ,YVR,1989,AC,1,,0,1,2,4,2026-02-05,Economy(Premium),2026-01-16
17:55,20:02,0,YYZ,YVR,1989,AC,1,,0,1,2,4,2026-02-05,Economy(Premium),2026-01-16
18:45,20:52,0,YYZ,YVR,1989,AC,1,,0,1,2,4,2026-02-05,Economy(Premium),2026-01-16
09:10,11:30,0,YYZ,YVR,326,"PD, TS",2,,0,1,2,5,2026-02-06,Economy(Premium),2026-01-16
12:50,15:10,0,YYZ,YVR,326,"PD, TS",2,,0,1,2,5,2026-02-06,Economy(Premium),2026-01-16
18:45,21:07,0,YYZ,YVR,326,"PD, TS",2,,0,1,2,5,2026-02-06,Economy(Premium),2026-01-16
07:15,09:42,0,YYZ,YVR,494,WS,1,,0,1,2,5,2026-02-06,Economy(Premium),2026-01-16
22:15,00:38,1,YYZ,YVR,494,WS,1,,0,1,2,5,2026-02-06,Economy(Premium),2026-01-16
22:45,06:44,1,YYZ,YVR,733,WS,1,YXE,1,1,0,5,2026-02-06,Economy(Premium),2026-01-16
17:00,20:55,0,YYZ,YVR,878,WS,1,YYC,1,1,2,5,2026-02-06,Economy(Premium),2026-01-16
12:30,20:00,0,YTZ,YVR,947,AC(Jazz),1,YOW,1,1,2,5,2026-02-06,Economy(Premium),2026-01-16
08:00,10:00,0,YYZ,YVR,1339,AC,1,,0,1,2,5,2026-02-06,Economy(Premium),2026-01-16
09:00,11:07,0,YYZ,YVR,1339,AC,1,,0,1,2,5,2026-02-06,Economy(Premium),2026-01-16
20:20,22:20,0,YYZ,YVR,1339,AC,1,,0,1,2,5,2026-02-06,Economy(Premium),2026-01-16
18:45,21:08,0,YYZ,YVR,1723,WS,1,,0,1,2,5,2026-02-06,Economy(Premium),2026-01-16
17:55,20:02,0,YYZ,YVR,1989,AC,1,,0,1,2,5,2026-02-06,Economy(Premium),2026-01-16
18:45,20:52,0,YYZ,YVR,1989,AC,1,,0,1,2,5,2026-02-06,Economy(Premium),2026-01-16
09:10,11:30,0,YYZ,YVR,326,"PD, TS",2,,0,1,2,6,2026-02-07,Economy(Premium),2026-01-16
19:25,21:47,0,YYZ,YVR,326,"PD, TS",2,,0,1,2,6,2026-02-07,Economy(Premium),2026-01-16
18:45,21:08,0,YYZ,YVR,494,WS,1,,0,1,2,6,2026-02-07,Economy(Premium),2026-01-16
22:15,00:38,1,YYZ,YVR,494,WS,1,,0,1,2,6,2026-02-07,Economy(Premium),2026-01-16
12:50,15:10,0,YYZ,YVR,524,"PD, TS",2,,0,1,2,6,2026-02-07,Economy(Premium),2026-01-16
08:00,10:00,0,YYZ,YVR,910,AC,1,,0,1,2,6,2026-02-07,Economy(Premium),2026-01-16
20:20,22:20,0,YYZ,YVR,910,AC,1,,0,1,2,6,2026-02-07,Economy(Premium),2026-01-16
12:30,20:00,0,YTZ,YVR,947,AC(Jazz),1,YOW,1,1,2,6,2026-02-07,Economy(Premium),2026-01-16
17:55,20:02,0,YYZ,YVR,1339,AC,1,,0,1,2,6,2026-02-07,Economy(Premium),2026-01-16
18:45,20:52,0,YYZ,YVR,1339,AC,1,,0,1,2,6,2026-02-07,Economy(Premium),2026-01-16
09:00,11:07,0,YYZ,YVR,1989,AC,1,,0,1,2,6,2026-02-07,Economy(Premium),2026-01-16
12:50,15:10,0,YYZ,YVR,454,"PD, TS",2,,0,1,2,7,2026-02-08,Economy(Premium),2026-01-16
20:15,22:37,0,YYZ,YVR,454,"PD, TS",2,,0,1,2,7,2026-02-08,Economy(Premium),2026-01-16
07:15,09:42,0,YYZ,YVR,494,WS,1,,0,1,2,7,2026-02-08,Economy(Premium),2026-01-16
22:15,00:38,1,YYZ,YVR,494,WS,1,,0,1,2,7,2026-02-08,Economy(Premium),2026-01-16
09:10,11:30,0,YYZ,YVR,524,"PD, TS",2,,0,1,2,7,2026-02-08,Economy(Premium),2026-01-16
08:00,10:00,0,YYZ,YVR,910,AC,1,,0,1,2,7,2026-02-08,Economy(Premium),2026-01-16
18:45,20:52,0,YYZ,YVR,910,AC,1,,0,1,2,7,2026-02-08,Economy(Premium),2026-01-16
20:20,22:20,0,YYZ,YVR,910,AC,1,,0,1,2,7,2026-02-08,Economy(Premium),2026-01-16
12:30,20:00,0,YTZ,YVR,947,AC(Jazz),1,YOW,1,1,2,7,2026-02-08,Economy(Premium),2026-01-16
09:00,11:07,0,YYZ,YVR,1339,AC,1,,0,1,2,7,2026-02-08,Economy(Premium),2026-01-16
17:55,20:02,0,YYZ,YVR,1339,AC,1,,0,1,2,7,2026-02-08,Economy(Premium),2026-01-16
07:55,10:20,0,YYZ,YVR,85,F8,1,,0,0,0,1,2026-02-02,Economy(Basic),2026-01-19
09:45,12:10,0,YYZ,YVR,119,F8,1,,0,0,0,1,2026-02-02,Economy(Basic),2026-01-19
07:15,09:42,0,YYZ,YVR,128,WS,1,,0,0,0,1,2026-02-02,Economy(Basic),2026-01-19
22:15,00:38,1,YYZ,YVR,128,WS,1,,0,0,0,1,2026-02-02,Economy(Basic),2026-01-19
18:45,21:07,0,YYZ,YVR,152,"PD, TS",2,,0,0,0,1,2026-02-02,Economy(Basic),2026-01-19
07:00,09:15,0,YYZ,YVR,152,AC,1,,0,0,0,1,2026-02-02,Economy(Basic),2026-01-19
17:55,20:02,0,YYZ,YVR,152,AC,1,,0,0,0,1,2026-02-02,Economy(Basic),2026-01-19
18:45,20:52,0,YYZ,YVR,152,AC,1,,0,0,0,1,2026-02-02,Economy(Basic),2026-01-19
20:20,22:20,0,YYZ,YVR,152,AC,1,,0,0,0,1,2026-02-02,Economy(Basic),2026-01-19
22:35,00:50,1,YYZ,YVR,152,AC,1,,0,0,0,1,2026-02-02,Economy(Basic),2026-01-19
20:30,10:15,1,YTZ,YVR,197,AC(Jazz),1,YUL,1,0,0,1,2026-02-02,Economy(Basic),2026-01-19
09:10,11:30,0,YYZ,YVR,199,"PD, TS",2,,0,0,0,1,2026-02-02,Economy(Basic),2026-01-19
12:50,15:10,0,YYZ,YVR,199,"PD, TS",2,,0,0,0,1,2026-02-02,Economy(Basic),2026-01-19
08:00,10:00,0,YYZ,YVR,251,AC,1,,0,0,0,1,2026-02-02,Economy(Basic),2026-01-19
09:00,11:07,0,YYZ,YVR,251,AC,1,,0,0,0,1,2026-02-02,Economy(Basic),2026-01-19
10:00,12:15,0,YYZ,YVR,251,AC,1,,0,0,0,1,2026-02-02,Economy(Basic),2026-01-19
14:10,16:27,0,YYZ,YVR,251,AC,1,,0,0,0,1,2026-02-02,Economy(Basic),2026-01-19
16:40,18:57,0,YYZ,YVR,251,AC,1,,0,0,0,1,2026-02-02,Economy(Basic),2026-01-19
12:30,14:47,0,YYZ,YVR,548,AC,1,,0,1,0,1,2026-02-02,Economy(Basic),2026-01-19
12:30,14:53,0,YYZ,YVR,548,WS,1,,0,0,0,1,2026-02-02,Economy(Basic),2026-01-19
18:45,21:08,0,YYZ,YVR,548,WS,1,,0,0,0,1,2026-02-02,Economy(Basic),2026-01-19
09:45,12:10,0,YYZ,YVR,119,F8,1,,0,0,0,2,2026-02-03,Economy(Basic),2026-01-19
07:15,09:42,0,YYZ,YVR,128,WS,1,,0,0,0,2,2026-02-03,Economy(Basic),2026-01-19
22:15,00:38,1,YYZ,YVR,128,WS,1,,0,0,0,2,2026-02-03,Economy(Basic),2026-01-19
09:10,11:30,0,YYZ,YVR,152,"PD, TS",2,,0,0,0,2,2026-02-03,Economy(Basic),2026-01-19
07:00,09:15,0,YYZ,YVR,152,AC,1,,0,0,0,2,2026-02-03,Economy(Basic),2026-01-19
09:00,11:07,0,YYZ,YVR,152,AC,1,,0,0,0,2,2026-02-03,Economy(Basic),2026-01-19
10:00,12:07,0,YYZ,YVR,152,AC,1,,0,0,0,2,2026-02-03,Economy(Basic),2026-01-19
12:50,15:10,0,YYZ,YVR,152,"PD, TS",2,,0,0,0,2,2026-02-03,Economy(Basic),2026-01-19
16:40,18:57,0,YYZ,YVR,152,AC,1,,0,0,0,2,2026-02-03,Economy(Basic),2026-01-19
17:55,20:02,0,YYZ,YVR,152,AC,1,,0,0,0,2,2026-02-03,Economy(Basic),2026-01-19
18:45,20:52,0,YYZ,YVR,152,AC,1,,0,0,0,2,2026-02-03,Economy(Basic),2026-01-19
18:45,21:07,0,YYZ,YVR,152,"PD, TS",2,,0,0,0,2,2026-02-03,Economy(Basic),2026-01-19
18:45,21:08,0,YYZ,YVR,152,WS,1,,0,0,0,2,2026-02-03,Economy(Basic),2026-01-19
20:20,22:20,0,YYZ,YVR,152,AC,1,,0,0,0,2,2026-02-03,Economy(Basic),2026-01-19
22:35,00:50,1,YYZ,YVR,152,AC,1,,0,0,0,2,2026-02-03,Economy(Basic),2026-01-19
12:30,20:00,0,YTZ,YVR,190,AC(Jazz),1,YOW,1,0,0,2,2026-02-03,Economy(Basic),2026-01-19
08:00,10:00,0,YYZ,YVR,251,AC,1,,0,0,0,2,2026-02-03,Economy(Basic),2026-01-19
12:30,14:47,0,YYZ,YVR,251,AC,1,,0,0,0,2,2026-02-03,Economy(Basic),2026-01-19
14:10,16:27,0,YYZ,YVR,251,AC,1,,0,0,0,2,2026-02-03,Economy(Basic),2026-01-19
09:45,12:10,0,YYZ,YVR,119,F8,1,,0,0,0,3,2026-02-04,Economy(Basic),2026-01-19
07:15,09:42,0,YYZ,YVR,128,WS,1,,0,0,0,3,2026-02-04,Economy(Basic),2026-01-19
18:45,21:08,0,YYZ,YVR,128,WS,1,,0,0,0,3,2026-02-04,Economy(Basic),2026-01-19
22:15,00:38,1,YYZ,YVR,128,WS,1,,0,0,0,3,2026-02-04,Economy(Basic),2026-01-19
09:10,11:30,0,YYZ,YVR,152,PD,1,,0,0,0,3,2026-02-04,Economy(Basic),2026-01-19
07:00,09:15,0,YYZ,YVR,152,AC,1,,0,0,0,3,2026-02-04,Economy(Basic),2026-01-19
18:45,21:07,0,YYZ,YVR,152,"PD, TS",2,,0,0,0,3,2026-02-04,Economy(Basic),2026-01-19
19:20,21:27,0,YYZ,YVR,152,AC,1,,0,0,0,3,2026-02-04,Economy(Basic),2026-01-19
20:20,22:20,0,YYZ,YVR,152,AC,1,,0,0,0,3,2026-02-04,Economy(Basic),2026-01-19
22:35,00:50,1,YYZ,YVR,152,AC,1,,0,0,0,3,2026-02-04,Economy(Basic),2026-01-19
20:30,10:15,1,YTZ,YVR,197,AC(Jazz),1,YUL,1,0,0,3,2026-02-04,Economy(Basic),2026-01-19
12:50,15:10,0,YYZ,YVR,199,"PD, TS",2,,0,0,0,3,2026-02-04,Economy(Basic),2026-01-19
08:00,10:00,0,YYZ,YVR,251,AC,1,,0,0,0,3,2026-02-04,Economy(Basic),2026-01-19
09:00,11:07,0,YYZ,YVR,251,AC,1,,0,0,0,3,2026-02-04,Economy(Basic),2026-01-19
10:00,12:15,0,YYZ,YVR,251,AC,1,,0,0,0,3,2026-02-04,Economy(Basic),2026-01-19
12:40,14:55,0,YYZ,YVR,251,AC,1,,0,0,0,3,2026-02-04,Economy(Basic),2026-01-19
14:10,16:27,0,YYZ,YVR,251,AC,1,,0,0,0,3,2026-02-04,Economy(Basic),2026-01-19
18:45,20:52,0,YYZ,YVR,251,AC,1,,0,0,0,3,2026-02-04,Economy(Basic),2026-01-19
16:40,18:57,0,YYZ,YVR,308,AC,1,,0,0,0,3,2026-02-04,Economy(Basic),2026-01-19
07:15,09:42,0,YYZ,YVR,128,WS,1,,0,0,0,4,2026-02-05,Economy(Basic),2026-01-19
22:15,00:38,1,YYZ,YVR,128,WS,1,,0,0,0,4,2026-02-05,Economy(Basic),2026-01-19
07:55,10:20,0,YYZ,YVR,139,F8,1,,0,0,0,4,2026-02-05,Economy(Basic),2026-01-19
09:10,11:30,0,YYZ,YVR,152,"PD, TS",2,,0,0,0,4,2026-02-05,Economy(Basic),2026-01-19
18:30,22:38,0,YYZ,YVR,152,WS,1,YEG,1,0,0,4,2026-02-05,Economy(Basic),2026-01-19
22:35,00:50,1,YYZ,YVR,152,AC,1,,0,0,0,4,2026-02-05,Economy(Basic),2026-01-19
12:50,15:10,0,YYZ,YVR,199,"PD, TS",2,,0,0,0,4,2026-02-05,Economy(Basic),2026-01-19
20:15,22:37,0,YYZ,YVR,199,"PD, TS",2,,0,0,0,4,2026-02-05,Economy(Basic),2026-01-19
07:00,09:15,0,YYZ,YVR,251,AC,1,,0,0,0,4,2026-02-05,Economy(Basic),2026-01-19
08:00,10:00,0,YYZ,YVR,251,AC,1,,0,0,0,4,2026-02-05,Economy(Basic),2026-01-19
09:00,11:07,0,YYZ,YVR,251,AC,1,,0,0,0,4,2026-02-05,Economy(Basic),2026-01-19
12:30,14:47,0,YYZ,YVR,251,AC,1,,0,0,0,4,2026-02-05,Economy(Basic),2026-01-19
14:10,16:27,0,YYZ,YVR,251,AC,1,,0,0,0,4,2026-02-05,Economy(Basic),2026-01-19
16:40,18:57,0,YYZ,YVR,251,AC,1,,0,0,0,4,2026-02-05,Economy(Basic),2026-01-19
17:55,20:02,0,YYZ,YVR,251,AC,1,,0,0,0,4,2026-02-05,Economy(Basic),2026-01-19
18:45,20:52,0,YYZ,YVR,251,AC,1,,0,0,0,4,2026-02-05,Economy(Basic),2026-01-19
20:20,22:20,0,YYZ,YVR,251,AC,1,,0,0,0,4,2026-02-05,Economy(Basic),2026-01-19
10:00,12:15,0,YYZ,YVR,260,AC,1,,0,0,0,4,2026-02-05,Economy(Basic),2026-01-19
10:45,16:11,0,YTZ,YVR,358,AC(Jazz),1,YUL,1,1,0,4,2026-02-05,Economy(Basic),2026-01-19
12:30,14:53,0,YYZ,YVR,548,WS,1,,0,0,0,4,2026-02-05,Economy(Basic),2026-01-19
18:45,21:08,0,YYZ,YVR,548,WS,1,,0,0,0,4,2026-02-05,Economy(Basic),2026-01-19
07:55,10:20,0,YYZ,YVR,139,F8,1,,0,0,0,5,2026-02-06,Economy(Basic),2026-01-19
09:00,11:07,0,YYZ,YVR,152,AC,1,,0,0,0,5,2026-02-06,Economy(Basic),2026-01-19
12:30,14:53,0,YYZ,YVR,152,WS,1,,0,0,0,5,2026-02-06,Economy(Basic),2026-01-19
18:45,21:07,0,YYZ,YVR,152,"PD, TS",2,,0,0,0,5,2026-02-06,Economy(Basic),2026-01-19
07:00,09:15,0,YYZ,YVR,152,AC,1,,0,0,0,5,2026-02-06,Economy(Basic),2026-01-19
07:15,09:42,0,YYZ,YVR,152,WS,1,,0,0,0,5,2026-02-06,Economy(Basic),2026-01-19
08:00,10:00,0,YYZ,YVR,152,AC,1,,0,0,0,5,2026-02-06,Economy(Basic),2026-01-19
17:55,20:02,0,YYZ,YVR,152,AC,1,,0,0,0,5,2026-02-06,Economy(Basic),2026-01-19
18:40,20:47,0,YYZ,YVR,152,AC,1,,0,0,0,5,2026-02-06,Economy(Basic),2026-01-19
22:15,00:38,1,YYZ,YVR,152,WS,1,,0,0,0,5,2026-02-06,Economy(Basic),2026-01-19
22:35,00:50,1,YYZ,YVR,152,AC,1,,0,0,0,5,2026-02-06,Economy(Basic),2026-01-19
09:45,12:10,0,YYZ,YVR,180,F8,1,,0,0,0,5,2026-02-06,Economy(Basic),2026-01-19
10:45,20:50,0,YTZ,YVR,197,AC(Jazz),1,YUL,1,0,0,5,2026-02-06,Economy(Basic),2026-01-19
09:10,11:30,0,YYZ,YVR,199,"PD, TS",2,,0,0,0,5,2026-02-06,Economy(Basic),2026-01-19
12:50,15:10,0,YYZ,YVR,204,"PD, TS",2,,0,0,0,5,2026-02-06,Economy(Basic),2026-01-19
10:00,12:15,0,YYZ,YVR,251,AC,1,,0,0,0,5,2026-02-06,Economy(Basic),2026-01-19
14:10,16:27,0,YYZ,YVR,251,AC,1,,0,0,0,5,2026-02-06,Economy(Basic),2026-01-19
20:20,22:20,0,YYZ,YVR,251,AC,1,,0,0,0,5,2026-02-06,Economy(Basic),2026-01-19
12:30,14:47,0,YYZ,YVR,308,AC,1,,0,0,0,5,2026-02-06,Economy(Basic),2026-01-19
16:40,18:57,0,YYZ,YVR,308,AC,1,,0,0,0,5,2026-02-06,Economy(Basic),2026-01-19
18:45,21:08,0,YYZ,YVR,463,WS,1,,0,0,0,5,2026-02-06,Economy(Basic),2026-01-19
22:15,00:38,1,YYZ,YVR,128,WS,1,,0,0,0,6,2026-02-07,Economy(Basic),2026-01-19
07:55,10:20,0,YYZ,YVR,139,F8,1,,0,0,0,6,2026-02-07,Economy(Basic),2026-01-19
16:40,18:57,0,YYZ,YVR,152,AC,1,,0,0,0,6,2026-02-07,Economy(Basic),2026-01-19
17:55,20:02,0,YYZ,YVR,152,AC,1,,0,0,0,6,2026-02-07,Economy(Basic),2026-01-19
18:45,20:52,0,YYZ,YVR,152,AC,1,,0,0,0,6,2026-02-07,Economy(Basic),2026-01-19
18:45,21:08,0,YYZ,YVR,152,WS,1,,0,0,0,6,2026-02-07,Economy(Basic),2026-01-19
20:20,22:20,0,YYZ,YVR,152,AC,1,,0,0,0,6,2026-02-07,Economy(Basic),2026-01-19
22:35,00:50,1,YYZ,YVR,152,AC,1,,0,0,0,6,2026-02-07,Economy(Basic),2026-01-19
07:00,09:15,0,YYZ,YVR,251,AC,1,,0,0,0,6,2026-02-07,Economy(Basic),2026-01-19
08:00,10:00,0,YYZ,YVR,251,AC,1,,0,0,0,6,2026-02-07,Economy(Basic),2026-01-19
09:00,11:07,0,YYZ,YVR,251,AC,1,,0,0,0,6,2026-02-07,Economy(Basic),2026-01-19
09:10,11:30,0,YYZ,YVR,251,"PD, TS",2,,0,0,0,6,2026-02-07,Economy(Basic),2026-01-19
10:00,12:15,0,YYZ,YVR,251,AC,1,,0,0,0,6,2026-02-07,Economy(Basic),2026-01-19
12:50,15:10,0,YYZ,YVR,251,"PD, TS",2,,0,0,0,6,2026-02-07,Economy(Basic),2026-01-19
14:10,16:27,0,YYZ,YVR,251,AC,1,,0,0,0,6,2026-02-07,Economy(Basic),2026-01-19
19:25,21:47,0,YYZ,YVR,251,"PD, TS",2,,0,0,0,6,2026-02-07,Economy(Basic),2026-01-19
12:30,14:47,0,YYZ,YVR,260,AC,1,,0,0,0,6,2026-02-07,Economy(Basic),2026-01-19
12:30,20:00,0,YTZ,YVR,370,AC(Jazz),1,YOW,1,1,0,6,2026-02-07,Economy(Basic),2026-01-19
12:30,14:53,0,YYZ,YVR,463,WS,1,,0,0,0,6,2026-02-07,Economy(Basic),2026-01-19
09:45,12:10,0,YYZ,YVR,85,F8,1,,0,0,0,7,2026-02-08,Economy(Basic),2026-01-19
07:15,09:42,0,YYZ,YVR,128,WS,1,,0,0,0,7,2026-02-08,Economy(Basic),2026-01-19
21:00,23:25,0,YYZ,YVR,139,F8,1,,0,0,0,7,2026-02-08,Economy(Basic),2026-01-19
22:35,00:50,1,YYZ,YVR,152,AC,1,,0,0,0,7,2026-02-08,Economy(Basic),2026-01-19
07:00,09:15,0,YYZ,YVR,152,AC,1,,0,0,0,7,2026-02-08,Economy(Basic),2026-01-19
22:15,00:38,1,YYZ,YVR,152,WS,1,,0,0,0,7,2026-02-08,Economy(Basic),2026-01-19
07:55,10:20,0,YYZ,YVR,180,F8,1,,0,0,0,7,2026-02-08,Economy(Basic),2026-01-19
08:00,10:00,0,YYZ,YVR,251,AC,1,,0,0,0,7,2026-02-08,Economy(Basic),2026-01-19
09:00,11:07,0,YYZ,YVR,251,AC,1,,0,0,0,7,2026-02-08,Economy(Basic),2026-01-19
09:10,11:30,0,YYZ,YVR,251,"PD, TS",2,,0,0,0,7,2026-02-08,Economy(Basic),2026-01-19
10:00,12:15,0,YYZ,YVR,251,AC,1,,0,0,0,7,2026-02-08,Economy(Basic),2026-01-19
17:55,20:02,0,YYZ,YVR,251,AC,1,,0,1,0,7,2026-02-08,Economy(Basic),2026-01-19
18:45,20:52,0,YYZ,YVR,251,AC,1,,0,0,0,7,2026-02-08,Economy(Basic),2026-01-19
20:15,22:37,0,YYZ,YVR,251,"PD, TS",2,,0,0,0,7,2026-02-08,Economy(Basic),2026-01-19
20:20,22:20,0,YYZ,YVR,251,AC,1,,0,0,0,7,2026-02-08,Economy(Basic),2026-01-19
12:50,15:10,0,YYZ,YVR,260,"PD, TS",2,,0,0,0,7,2026-02-08,Economy(Basic),2026-01-19
16:40,18:57,0,YYZ,YVR,366,AC,1,,0,1,0,7,2026-02-08,Economy(Basic),2026-01-19
12:30,20:00,0,YTZ,YVR,370,AC(Jazz),1,YOW,1,0,0,7,2026-02-08,Economy(Basic),2026-01-19
18:45,21:08,0,YYZ,YVR,463,WS,1,,0,0,0,7,2026-02-08,Economy(Basic),2026-01-19
12:30,14:47,0,YYZ,YVR,491,AC,1,,0,1,0,7,2026-02-08,Economy(Basic),2026-01-19
14:10,16:27,0,YYZ,YVR,491,AC,1,,0,1,0,7,2026-02-08,Economy(Basic),2026-01-19
12:30,14:53,0,YYZ,YVR,548,WS,1,,0,0,0,7,2026-02-08,Economy(Basic),2026-01-19
07:15,09:42,0,YYZ,YVR,268,WS,1,,0,1,1,1,2026-02-02,Economy,2026-01-19
07:45,12:40,0,YYZ,YVR,268,WS,1,YYC,1,1,1,1,2026-02-02,Economy,2026-01-19
08:00,13:23,0,YYZ,YVR,268,WS,1,YEG,1,1,1,1,2026-02-02,Economy,2026-01-19
18:30,22:38,0,YYZ,YVR,268,WS,1,YEG,1,1,1,1,2026-02-02,Economy,2026-01-19
22:15,00:38,1,YYZ,YVR,268,WS,1,,0,1,1,1,2026-02-02,Economy,2026-01-19
18:45,21:07,0,YYZ,YVR,271,"PD, TS",2,,0,1,1,1,2026-02-02,Economy,2026-01-19
07:00,09:15,0,YYZ,YVR,277,AC,1,,0,1,1,1,2026-02-02,Economy,2026-01-19
17:55,20:02,0,YYZ,YVR,277,AC,1,,0,1,1,1,2026-02-02,Economy,2026-01-19
18:45,20:52,0,YYZ,YVR,277,AC,1,,0,1,1,1,2026-02-02,Economy,2026-01-19
20:20,22:20,0,YYZ,YVR,277,AC,1,,0,1,1,1,2026-02-02,Economy,2026-01-19
22:35,00:50,1,YYZ,YVR,277,AC,1,,0,1,1,1,2026-02-02,Economy,2026-01-19
07:15,09:42,0,YYZ,YVR,268,WS,1,,0,1,1,2,2026-02-03,Economy,2026-01-19
07:45,12:40,0,YYZ,YVR,268,WS,1,YYC,1,1,1,2,2026-02-03,Economy,2026-01-19
08:00,13:23,0,YYZ,YVR,268,WS,1,YEG,1,1,1,2,2026-02-03,Economy,2026-01-19
10:00,14:40,0,YYZ,YVR,268,WS,1,YYC,1,1,1,2,2026-02-03,Economy,2026-01-19
18:45,21:08,0,YYZ,YVR,268,WS,1,,0,1,1,2,2026-02-03,Economy,2026-01-19
22:15,00:38,1,YYZ,YVR,268,WS,1,,0,1,1,2,2026-02-03,Economy,2026-01-19
09:10,11:30,0,YYZ,YVR,271,"PD, TS",2,,0,1,1,2,2026-02-03,Economy,2026-01-19
12:50,15:10,0,YYZ,YVR,271,"PD, TS",2,,0,1,1,2,2026-02-03,Economy,2026-01-19
18:45,21:07,0,YYZ,YVR,271,"PD, TS",2,,0,1,1,2,2026-02-03,Economy,2026-01-19
09:00,11:07,0,YYZ,YVR,277,AC,1,,0,1,1,2,2026-02-03,Economy,2026-01-19
07:15,09:42,0,YYZ,YVR,268,WS,1,,0,1,1,3,2026-02-04,Economy,2026-01-19
07:45,12:40,0,YYZ,YVR,268,WS,1,YYC,1,1,1,3,2026-02-04,Economy,2026-01-19
08:00,13:23,0,YYZ,YVR,268,WS,1,YEG,1,1,1,3,2026-02-04,Economy,2026-01-19
18:45,21:08,0,YYZ,YVR,268,WS,1,,0,1,1,3,2026-02-04,Economy,2026-01-19
22:15,00:38,1,YYZ,YVR,268,WS,1,,0,1,1,3,2026-02-04,Economy,2026-01-19
09:10,11:30,0,YYZ,YVR,271,PD,1,,0,1,1,3,2026-02-04,Economy,2026-01-19
18:45,21:07,0,YYZ,YVR,271,"PD, TS",2,,0,1,1,3,2026-02-04,Economy,2026-01-19
07:00,09:15,0,YYZ,YVR,277,AC,1,,0,1,1,3,2026-02-04,Economy,2026-01-19
19:20,21:27,0,YYZ,YVR,277,AC,1,,0,1,1,3,2026-02-04,Economy,2026-01-19
20:20,22:20,0,YYZ,YVR,277,AC,1,,0,1,1,3,2026-02-04,Economy,2026-01-19
07:15,09:42,0,YYZ,YVR,268,WS,1,,0,1,1,4,2026-02-05,Economy,2026-01-19
18:30,22:38,0,YYZ,YVR,268,WS,1,YEG,1,1,1,4,2026-02-05,Economy,2026-01-19
22:15,00:38,1,YYZ,YVR,268,WS,1,,0,1,1,4,2026-02-05,Economy,2026-01-19
09:10,11:30,0,YYZ,YVR,271,"PD, TS",2,,0,1,1,4,2026-02-05,Economy,2026-01-19
22:35,00:50,1,YYZ,YVR,277,AC,1,,0,1,1,4,2026-02-05,Economy,2026-01-19
12:50,15:10,0,YYZ,YVR,317,"PD, TS",2,,0,1,1,4,2026-02-05,Economy,2026-01-19
20:15,22:37,0,YYZ,YVR,317,"PD, TS",2,,0,1,1,4,2026-02-05,Economy,2026-01-19
07:00,09:15,0,YYZ,YVR,375,AC,1,,0,1,1,4,2026-02-05,Economy,2026-01-19
08:00,10:00,0,YYZ,YVR,375,AC,1,,0,1,1,4,2026-02-05,Economy,2026-01-19
09:00,11:07,0,YYZ,YVR,375,AC,1,,0,1,1,4,2026-02-05,Economy,2026-01-19
12:30,14:53,0,YYZ,YVR,268,WS,1,,0,1,1,5,2026-02-06,Economy,2026-01-19
07:15,09:42,0,YYZ,YVR,268,WS,1,,0,1,1,5,2026-02-06,Economy,2026-01-19
18:30,22:38,0,YYZ,YVR,268,WS,1,YEG,1,1,1,5,2026-02-06,Economy,2026-01-19
22:15,00:38,1,YYZ,YVR,268,WS,1,,0,1,1,5,2026-02-06,Economy,2026-01-19
18:45,21:07,0,YYZ,YVR,271,"PD, TS",2,,0,1,1,5,2026-02-06,Economy,2026-01-19
09:00,11:07,0,YYZ,YVR,277,AC,1,,0,1,1,5,2026-02-06,Economy,2026-01-19
07:00,09:15,0,YYZ,YVR,277,AC,1,,0,1,1,5,2026-02-06,Economy,2026-01-19
08:00,10:00,0,YYZ,YVR,277,AC,1,,0,1,1,5,2026-02-06,Economy,2026-01-19
17:55,20:02,0,YYZ,YVR,277,AC,1,,0,1,1,5,2026-02-06,Economy,2026-01-19
18:40,20:47,0,YYZ,YVR,277,AC,1,,0,1,1,5,2026-02-06,Economy,2026-01-19
18:45,21:08,0,YYZ,YVR,268,WS,1,,0,1,1,6,2026-02-07,Economy,2026-01-19
22:15,00:38,1,YYZ,YVR,268,WS,1,,0,1,1,6,2026-02-07,Economy,2026-01-19
08:00,10:00,0,YYZ,YVR,277,AC,1,,0,1,1,6,2026-02-07,Economy,2026-01-19
08:15,11:56,0,YYZ,YVR,277,AC,1,YQR,1,1,1,6,2026-02-07,Economy,2026-01-19
16:40,18:57,0,YYZ,YVR,277,AC,1,,0,1,1,6,2026-02-07,Economy,2026-01-19
17:55,20:02,0,YYZ,YVR,277,AC,1,,0,1,1,6,2026-02-07,Economy,2026-01-19
18:45,20:52,0,YYZ,YVR,277,AC,1,,0,1,1,6,2026-02-07,Economy,2026-01-19
20:20,22:20,0,YYZ,YVR,277,AC,1,,0,1,1,6,2026-02-07,Economy,2026-01-19
09:10,11:30,0,YYZ,YVR,369,"PD, TS",2,,0,1,1,6,2026-02-07,Economy,2026-01-19
22:15,00:38,1,YYZ,YVR,268,WS,1,,0,1,1,7,2026-02-08,Economy,2026-01-19
07:15,09:42,0,YYZ,YVR,268,WS,1,,0,1,1,7,2026-02-08,Economy,2026-01-19
22:35,00:50,1,YYZ,YVR,277,AC,1,,0,1,1,7,2026-02-08,Economy,2026-01-19
07:00,09:15,0,YYZ,YVR,277,AC,1,,0,1,1,7,2026-02-08,Economy,2026-01-19
08:00,11:57,0,YYZ,YVR,277,AC,1,YWG,1,1,1,7,2026-02-08,Economy,2026-01-19
09:10,11:30,0,YYZ,YVR,369,"PD, TS",2,,0,1,1,7,2026-02-08,Economy,2026-01-19
20:15,22:37,0,YYZ,YVR,369,"PD, TS",2,,0,1,1,7,2026-02-08,Economy,2026-01-19
08:00,10:00,0,YYZ,YVR,375,AC,1,,0,1,1,7,2026-02-08,Economy,2026-01-19
09:00,11:07,0,YYZ,YVR,375,AC,1,,0,1,1,7,2026-02-08,Economy,2026-01-19
10:00,12:15,0,YYZ,YVR,375,AC,1,,0,1,1,7,2026-02-08,Economy,2026-01-19
09:10,11:30,0,YYZ,YVR,391,"PD, TS",2,,0,1,2,1,2026-02-02,Economy(Premium),2026-01-19
12:50,15:10,0,YYZ,YVR,391,"PD, TS",2,,0,1,2,1,2026-02-02,Economy(Premium),2026-01-19
18:45,21:07,0,YYZ,YVR,391,"PD, TS",2,,0,1,2,1,2026-02-02,Economy(Premium),2026-01-19
22:15,00:38,1,YYZ,YVR,552,WS,1,,0,1,2,1,2026-02-02,Economy(Premium),2026-01-19
17:00,20:55,0,YYZ,YVR,1079,WS,1,YYC,1,1,2,1,2026-02-02,Economy(Premium),2026-01-19
18:45,21:08,0,YYZ,YVR,1079,WS,1,,0,1,2,1,2026-02-02,Economy(Premium),2026-01-19
18:45,20:52,0,YYZ,YVR,1119,AC,1,,0,1,2,1,2026-02-02,Economy(Premium),2026-01-19
20:20,22:20,0,YYZ,YVR,1119,AC,1,,0,1,2,1,2026-02-02,Economy(Premium),2026-01-19
12:30,20:00,0,YTZ,YVR,1156,AC(Jazz),1,YOW,1,1,2,1,2026-02-02,Economy(Premium),2026-01-19
08:00,10:00,0,YYZ,YVR,1339,AC,1,,0,1,2,1,2026-02-02,Economy(Premium),2026-01-19
09:00,11:07,0,YYZ,YVR,1339,AC,1,,0,1,2,1,2026-02-02,Economy(Premium),2026-01-19
17:55,20:02,0,YYZ,YVR,1339,AC,1,,0,1,2,1,2026-02-02,Economy(Premium),2026-01-19
09:10,11:30,0,YYZ,YVR,391,"PD, TS",2,,0,1,2,2,2026-02-03,Economy(Premium),2026-01-19
12:50,15:10,0,YYZ,YVR,391,"PD, TS",2,,0,1,2,2,2026-02-03,Economy(Premium),2026-01-19
18:45,21:07,0,YYZ,YVR,391,"PD, TS",2,,0,1,2,2,2026-02-03,Economy(Premium),2026-01-19
07:15,09:42,0,YYZ,YVR,552,WS,1,,0,1,2,2,2026-02-03,Economy(Premium),2026-01-19
22:15,00:38,1,YYZ,YVR,552,WS,1,,0,1,2,2,2026-02-03,Economy(Premium),2026-01-19
22:45,06:44,1,YYZ,YVR,590,WS,1,YXE,1,1,2,2,2026-02-03,Economy(Premium),2026-01-19
10:00,14:40,0,YYZ,YVR,745,WS,1,YYC,1,1,0,2,2026-02-03,Economy(Premium),2026-01-19
08:00,10:00,0,YYZ,YVR,1119,AC,1,,0,1,2,2,2026-02-03,Economy(Premium),2026-01-19
09:00,11:07,0,YYZ,YVR,1119,AC,1,,0,1,2,2,2026-02-03,Economy(Premium),2026-01-19
18:45,20:52,0,YYZ,YVR,1119,AC,1,,0,1,2,2,2026-02-03,Economy(Premium),2026-01-19
12:30,20:00,0,YTZ,YVR,1156,AC(Jazz),1,YOW,1,1,2,2,2026-02-03,Economy(Premium),2026-01-19
17:55,20:02,0,YYZ,YVR,1339,AC,1,,0,1,2,2,2026-02-03,Economy(Premium),2026-01-19
20:20,22:20,0,YYZ,YVR,1339,AC,1,,0,1,2,2,2026-02-03,Economy(Premium),2026-01-19
10:00,12:07,0,YYZ,YVR,1989,AC,1,,0,1,2,2,2026-02-03,Economy(Premium),2026-01-19
09:10,11:30,0,YYZ,YVR,391,PD,1,,0,1,2,3,2026-02-04,Economy(Premium),2026-01-19
12:50,15:10,0,YYZ,YVR,391,"PD, TS",2,,0,1,2,3,2026-02-04,Economy(Premium),2026-01-19
18:45,21:07,0,YYZ,YVR,391,"PD, TS",2,,0,1,2,3,2026-02-04,Economy(Premium),2026-01-19
18:45,21:08,0,YYZ,YVR,552,WS,1,,0,1,2,3,2026-02-04,Economy(Premium),2026-01-19
22:15,00:38,1,YYZ,YVR,552,WS,1,,0,1,2,3,2026-02-04,Economy(Premium),2026-01-19
14:30,18:43,0,YYZ,YVR,955,WS,1,YEG,1,1,2,3,2026-02-04,Economy(Premium),2026-01-19
06:30,10:43,0,YYZ,YVR,1079,WS,1,YYC,1,1,2,3,2026-02-04,Economy(Premium),2026-01-19
20:20,22:20,0,YYZ,YVR,1119,AC,1,,0,1,2,3,2026-02-04,Economy(Premium),2026-01-19
12:30,20:00,0,YTZ,YVR,1156,AC(Jazz),1,YOW,1,1,2,3,2026-02-04,Economy(Premium),2026-01-19
08:00,10:00,0,YYZ,YVR,1339,AC,1,,0,1,2,3,2026-02-04,Economy(Premium),2026-01-19
09:00,11:07,0,YYZ,YVR,1339,AC,1,,0,1,2,3,2026-02-04,Economy(Premium),2026-01-19
18:45,20:52,0,YYZ,YVR,1339,AC,1,,0,1,2,3,2026-02-04,Economy(Premium),2026-01-19
19:20,21:27,0,YYZ,YVR,1339,AC,1,,0,1,2,3,2026-02-04,Economy(Premium),2026-01-19
09:10,11:30,0,YYZ,YVR,391,"PD, TS",2,,0,1,2,4,2026-02-05,Economy(Premium),2026-01-19
12:50,15:10,0,YYZ,YVR,391,"PD, TS",2,,0,1,2,4,2026-02-05,Economy(Premium),2026-01-19
20:15,22:37,0,YYZ,YVR,391,"PD, TS",2,,0,1,2,4,2026-02-05,Economy(Premium),2026-01-19
07:15,09:42,0,YYZ,YVR,552,WS,1,,0,1,2,4,2026-02-05,Economy(Premium),2026-01-19
22:15,00:38,1,YYZ,YVR,552,WS,1,,0,1,2,4,2026-02-05,Economy(Premium),2026-01-19
16:00,20:55,0,YYZ,YVR,1079,WS,1,YYC,1,1,2,4,2026-02-05,Economy(Premium),2026-01-19
20:30,10:15,1,YTZ,YVR,1163,AC(Jazz),1,YUL,1,1,2,4,2026-02-05,Economy(Premium),2026-01-19
08:00,10:00,0,YYZ,YVR,1339,AC,1,,0,1,2,4,2026-02-05,Economy(Premium),2026-01-19
20:20,22:20,0,YYZ,YVR,1339,AC,1,,0,1,2,4,2026-02-05,Economy(Premium),2026-01-19
18:45,21:08,0,YYZ,YVR,1723,WS,1,,0,1,2,4,2026-02-05,Economy(Premium),2026-01-19
09:00,11:07,0,YYZ,YVR,1989,AC,1,,0,1,2,4,2026-02-05,Economy(Premium),2026-01-19
17:55,20:02,0,YYZ,YVR,1989,AC,1,,0,1,2,4,2026-02-05,Economy(Premium),2026-01-19
18:45,20:52,0,YYZ,YVR,1989,AC,1,,0,1,2,4,2026-02-05,Economy(Premium),2026-01-19
09:10,11:30,0,YYZ,YVR,391,"PD, TS",2,,0,1,2,5,2026-02-06,Economy(Premium),2026-01-19
18:45,21:07,0,YYZ,YVR,391,"PD, TS",2,,0,1,2,5,2026-02-06,Economy(Premium),2026-01-19
12:50,15:10,0,YYZ,YVR,417,"PD, TS",2,,0,1,2,5,2026-02-06,Economy(Premium),2026-01-19
07:15,09:42,0,YYZ,YVR,552,WS,1,,0,1,2,5,2026-02-06,Economy(Premium),2026-01-19
22:15,00:38,1,YYZ,YVR,552,WS,1,,0,1,2,5,2026-02-06,Economy(Premium),2026-01-19
17:00,20:55,0,YYZ,YVR,1069,WS,1,YYC,1,1,2,5,2026-02-06,Economy(Premium),2026-01-19
12:30,20:00,0,YTZ,YVR,1156,AC(Jazz),1,YOW,1,1,2,5,2026-02-06,Economy(Premium),2026-01-19
08:00,10:00,0,YYZ,YVR,1339,AC,1,,0,1,2,5,2026-02-06,Economy(Premium),2026-01-19
09:00,11:07,0,YYZ,YVR,1339,AC,1,,0,1,2,5,2026-02-06,Economy(Premium),2026-01-19
20:20,22:20,0,YYZ,YVR,1339,AC,1,,0,1,2,5,2026-02-06,Economy(Premium),2026-01-19
17:55,20:02,0,YYZ,YVR,1989,AC,1,,0,1,2,5,2026-02-06,Economy(Premium),2026-01-19
18:40,20:47,0,YYZ,YVR,1989,AC,1,,0,1,2,5,2026-02-06,Economy(Premium),2026-01-19
09:10,11:30,0,YYZ,YVR,443,"PD, TS",2,,0,1,2,6,2026-02-07,Economy(Premium),2026-01-19
12:50,15:10,0,YYZ,YVR,443,"PD, TS",2,,0,1,2,6,2026-02-07,Economy(Premium),2026-01-19
19:25,21:47,0,YYZ,YVR,443,"PD, TS",2,,0,1,2,6,2026-02-07,Economy(Premium),2026-01-19
18:45,21:08,0,YYZ,YVR,552,WS,1,,0,1,2,6,2026-02-07,Economy(Premium),2026-01-19
22:15,00:38,1,YYZ,YVR,552,WS,1,,0,1,2,6,2026-02-07,Economy(Premium),2026-01-19
22:50,10:43,1,YYZ,YVR,603,WS,1,"YWG, YYC",2,1,2,6,2026-02-07,Economy(Premium),2026-01-19
08:00,10:00,0,YYZ,YVR,1119,AC,1,,0,1,2,6,2026-02-07,Economy(Premium),2026-01-19
20:20,22:20,0,YYZ,YVR,1119,AC,1,,0,1,2,6,2026-02-07,Economy(Premium),2026-01-19
12:30,20:00,0,YTZ,YVR,1156,AC(Jazz),1,YOW,1,1,2,6,2026-02-07,Economy(Premium),2026-01-19
17:55,20:02,0,YYZ,YVR,1339,AC,1,,0,1,2,6,2026-02-07,Economy(Premium),2026-01-19
18:45,20:52,0,YYZ,YVR,1339,AC,1,,0,1,2,6,2026-02-07,Economy(Premium),2026-01-19
09:00,11:07,0,YYZ,YVR,1989,AC,1,,0,1,2,6,2026-02-07,Economy(Premium),2026-01-19
20:15,22:37,0,YYZ,YVR,451,"PD, TS",2,,0,1,2,7,2026-02-08,Economy(Premium),2026-01-19
09:10,11:30,0,YYZ,YVR,524,"PD, TS",2,,0,1,2,7,2026-02-08,Economy(Premium),2026-01-19
12:50,15:10,0,YYZ,YVR,524,"PD, TS",2,,0,1,2,7,2026-02-08,Economy(Premium),2026-01-19
07:15,09:42,0,YYZ,YVR,552,WS,1,,0,1,2,7,2026-02-08,Economy(Premium),2026-01-19
22:15,00:38,1,YYZ,YVR,552,WS,1,,0,1,2,7,2026-02-08,Economy(Premium),2026-01-19
17:00,20:55,0,YYZ,YVR,973,WS,1,YYC,1,1,0,7,2026-02-08,Economy(Premium),2026-01-19
08:00,10:00,0,YYZ,YVR,1119,AC,1,,0,1,2,7,2026-02-08,Economy(Premium),2026-01-19
18:45,20:52,0,YYZ,YVR,1119,AC,1,,0,1,2,7,2026-02-08,Economy(Premium),2026-01-19
20:20,22:20,0,YYZ,YVR,1119,AC,1,,0,1,2,7,2026-02-08,Economy(Premium),2026-01-19
12:30,20:00,0,YTZ,YVR,1156,AC(Jazz),1,YOW,1,1,2,7,2026-02-08,Economy(Premium),2026-01-19
09:00,11:07,0,YYZ,YVR,1339,AC,1,,0,1,2,7,2026-02-08,Economy(Premium),2026-01-19
17:55,20:02,0,YYZ,YVR,1339,AC,1,,0,1,2,7,2026-02-08,Economy(Premium),2026-01-19
07:55,10:20,0,YYZ,YVR,139,F8,1,,0,0,0,1,2026-02-02,Economy(Basic),2026-01-23
22:15,00:38,1,YYZ,YVR,154,WS,1,,0,0,0,1,2026-02-02,Economy(Basic),2026-01-23
09:45,12:10,0,YYZ,YVR,160,F8,1,,0,0,0,1,2026-02-02,Economy(Basic),2026-01-23
07:15,09:42,0,YYZ,YVR,199,WS,1,,0,0,0,1,2026-02-02,Economy(Basic),2026-01-23
18:30,22:38,0,YYZ,YVR,199,WS,1,YEG,1,0,0,1,2026-02-02,Economy(Basic),2026-01-23
09:10,11:30,0,YYZ,YVR,259,"PD, TS",2,,0,0,0,1,2026-02-02,Economy(Basic),2026-01-23
12:50,15:10,0,YYZ,YVR,259,"PD, TS",2,,0,0,0,1,2026-02-02,Economy(Basic),2026-01-23
18:45,21:07,0,YYZ,YVR,259,"PD, TS",2,,0,0,0,1,2026-02-02,Economy(Basic),2026-01-23
07:00,09:15,0,YYZ,YVR,260,AC,1,,0,0,0,1,2026-02-02,Economy(Basic),2026-01-23
08:00,10:00,0,YYZ,YVR,260,AC,1,,0,0,0,1,2026-02-02,Economy(Basic),2026-01-23
09:00,11:07,0,YYZ,YVR,260,AC,1,,0,0,0,1,2026-02-02,Economy(Basic),2026-01-23
10:00,12:15,0,YYZ,YVR,260,AC,1,,0,0,0,1,2026-02-02,Economy(Basic),2026-01-23
16:40,18:57,0,YYZ,YVR,260,AC,1,,0,0,0,1,2026-02-02,Economy(Basic),2026-01-23
17:55,20:02,0,YYZ,YVR,260,AC,1,,0,0,0,1,2026-02-02,Economy(Basic),2026-01-23
18:45,20:52,0,YYZ,YVR,260,AC,1,,0,0,0,1,2026-02-02,Economy(Basic),2026-01-23
20:20,22:20,0,YYZ,YVR,260,AC,1,,0,0,0,1,2026-02-02,Economy(Basic),2026-01-23
22:35,00:50,1,YYZ,YVR,260,AC,1,,0,0,0,1,2026-02-02,Economy(Basic),2026-01-23
14:10,16:27,0,YYZ,YVR,308,AC,1,,0,0,0,1,2026-02-02,Economy(Basic),2026-01-23
12:30,20:00,0,YTZ,YVR,370,AC(Jazz),1,YOW,1,0,0,1,2026-02-02,Economy(Basic),2026-01-23
12:30,14:47,0,YYZ,YVR,616,AC,1,,0,1,0,1,2026-02-02,Economy(Basic),2026-01-23
12:30,14:53,0,YYZ,YVR,616,WS,1,,0,1,0,1,2026-02-02,Economy(Basic),2026-01-23
18:45,21:08,0,YYZ,YVR,616,WS,1,,0,1,0,1,2026-02-02,Economy(Basic),2026-01-23
09:45,12:10,0,YYZ,YVR,119,F8,1,,0,0,0,2,2026-02-03,Economy(Basic),2026-01-23
07:15,09:42,0,YYZ,YVR,154,WS,1,,0,0,0,2,2026-02-03,Economy(Basic),2026-01-23
22:15,00:38,1,YYZ,YVR,154,WS,1,,0,0,0,2,2026-02-03,Economy(Basic),2026-01-23
18:45,21:08,0,YYZ,YVR,199,WS,1,,0,0,0,2,2026-02-03,Economy(Basic),2026-01-23
09:10,11:30,0,YYZ,YVR,259,"PD, TS",2,,0,0,0,2,2026-02-03,Economy(Basic),2026-01-23
12:50,15:10,0,YYZ,YVR,259,"PD, TS",2,,0,0,0,2,2026-02-03,Economy(Basic),2026-01-23
18:45,21:07,0,YYZ,YVR,259,"PD, TS",2,,0,0,0,2,2026-02-03,Economy(Basic),2026-01-23
10:00,12:07,0,YYZ,YVR,260,AC,1,,0,0,0,2,2026-02-03,Economy(Basic),2026-01-23
07:00,09:15,0,YYZ,YVR,260,AC,1,,0,0,0,2,2026-02-03,Economy(Basic),2026-01-23
08:00,10:00,0,YYZ,YVR,260,AC,1,,0,0,0,2,2026-02-03,Economy(Basic),2026-01-23
09:00,11:07,0,YYZ,YVR,260,AC,1,,0,0,0,2,2026-02-03,Economy(Basic),2026-01-23
12:30,14:47,0,YYZ,YVR,260,AC,1,,0,0,0,2,2026-02-03,Economy(Basic),2026-01-23
14:10,16:27,0,YYZ,YVR,260,AC,1,,0,0,0,2,2026-02-03,Economy(Basic),2026-01-23
16:40,18:57,0,YYZ,YVR,260,AC,1,,0,0,0,2,2026-02-03,Economy(Basic),2026-01-23
17:55,20:02,0,YYZ,YVR,260,AC,1,,0,0,0,2,2026-02-03,Economy(Basic),2026-01-23
18:45,20:52,0,YYZ,YVR,260,AC,1,,0,0,0,2,2026-02-03,Economy(Basic),2026-01-23
20:20,22:20,0,YYZ,YVR,260,AC,1,,0,0,0,2,2026-02-03,Economy(Basic),2026-01-23
22:35,00:50,1,YYZ,YVR,260,AC,1,,0,0,0,2,2026-02-03,Economy(Basic),2026-01-23
10:45,16:11,0,YTZ,YVR,358,AC(Jazz),1,YUL,1,1,0,2,2026-02-03,Economy(Basic),2026-01-23
09:45,12:10,0,YYZ,YVR,119,F8,1,,0,0,0,3,2026-02-04,Economy(Basic),2026-01-23
07:15,09:42,0,YYZ,YVR,154,WS,1,,0,0,0,3,2026-02-04,Economy(Basic),2026-01-23
22:15,00:38,1,YYZ,YVR,154,WS,1,,0,0,0,3,2026-02-04,Economy(Basic),2026-01-23
18:45,21:07,0,YYZ,YVR,199,"PD, TS",2,,0,0,0,3,2026-02-04,Economy(Basic),2026-01-23
18:45,21:08,0,YYZ,YVR,199,WS,1,,0,0,0,3,2026-02-04,Economy(Basic),2026-01-23
07:00,09:15,0,YYZ,YVR,260,AC,1,,0,0,0,3,2026-02-04,Economy(Basic),2026-01-23
08:00,10:00,0,YYZ,YVR,260,AC,1,,0,0,0,3,2026-02-04,Economy(Basic),2026-01-23
09:00,11:07,0,YYZ,YVR,260,AC,1,,0,0,0,3,2026-02-04,Economy(Basic),2026-01-23
10:00,12:15,0,YYZ,YVR,260,AC,1,,0,0,0,3,2026-02-04,Economy(Basic),2026-01-23
12:40,14:55,0,YYZ,YVR,260,AC,1,,0,0,0,3,2026-02-04,Economy(Basic),2026-01-23
18:45,20:52,0,YYZ,YVR,260,AC,1,,0,0,0,3,2026-02-04,Economy(Basic),2026-01-23
19:20,21:27,0,YYZ,YVR,260,AC,1,,0,0,0,3,2026-02-04,Economy(Basic),2026-01-23
20:20,22:20,0,YYZ,YVR,260,AC,1,,0,0,0,3,2026-02-04,Economy(Basic),2026-01-23
22:35,00:50,1,YYZ,YVR,260,AC,1,,0,0,0,3,2026-02-04,Economy(Basic),2026-01-23
12:50,15:10,0,YYZ,YVR,271,"PD, TS",2,,0,0,0,3,2026-02-04,Economy(Basic),2026-01-23
14:10,16:27,0,YYZ,YVR,308,AC,1,,0,0,0,3,2026-02-04,Economy(Basic),2026-01-23
10:45,16:11,0,YTZ,YVR,324,AC(Jazz),1,YUL,1,0,0,3,2026-02-04,Economy(Basic),2026-01-23
16:40,18:57,0,YYZ,YVR,366,AC,1,,0,1,0,3,2026-02-04,Economy(Basic),2026-01-23
07:55,10:20,0,YYZ,YVR,119,F8,1,,0,0,0,4,2026-02-05,Economy(Basic),2026-01-23
12:30,14:53,0,YYZ,YVR,199,WS,1,,0,0,0,4,2026-02-05,Economy(Basic),2026-01-23
07:15,09:42,0,YYZ,YVR,199,WS,1,,0,0,0,4,2026-02-05,Economy(Basic),2026-01-23
17:00,20:55,0,YYZ,YVR,199,WS,1,YYC,1,0,0,4,2026-02-05,Economy(Basic),2026-01-23
18:30,22:38,0,YYZ,YVR,199,WS,1,YEG,1,0,0,4,2026-02-05,Economy(Basic),2026-01-23
22:15,00:38,1,YYZ,YVR,199,WS,1,,0,0,0,4,2026-02-05,Economy(Basic),2026-01-23
09:10,11:30,0,YYZ,YVR,259,"PD, TS",2,,0,0,0,4,2026-02-05,Economy(Basic),2026-01-23
12:50,15:10,0,YYZ,YVR,259,"PD, TS",2,,0,0,0,4,2026-02-05,Economy(Basic),2026-01-23
20:15,22:37,0,YYZ,YVR,259,"PD, TS",2,,0,0,0,4,2026-02-05,Economy(Basic),2026-01-23
14:10,16:27,0,YYZ,YVR,260,AC,1,,0,0,0,4,2026-02-05,Economy(Basic),2026-01-23
07:00,09:15,0,YYZ,YVR,260,AC,1,,0,0,0,4,2026-02-05,Economy(Basic),2026-01-23
08:00,10:00,0,YYZ,YVR,260,AC,1,,0,0,0,4,2026-02-05,Economy(Basic),2026-01-23
09:00,11:07,0,YYZ,YVR,260,AC,1,,0,0,0,4,2026-02-05,Economy(Basic),2026-01-23
16:40,18:57,0,YYZ,YVR,260,AC,1,,0,0,0,4,2026-02-05,Economy(Basic),2026-01-23
17:55,20:02,0,YYZ,YVR,260,AC,1,,0,0,0,4,2026-02-05,Economy(Basic),2026-01-23
18:45,20:52,0,YYZ,YVR,260,AC,1,,0,0,0,4,2026-02-05,Economy(Basic),2026-01-23
20:20,22:20,0,YYZ,YVR,260,AC,1,,0,0,0,4,2026-02-05,Economy(Basic),2026-01-23
22:35,00:50,1,YYZ,YVR,260,AC,1,,0,0,0,4,2026-02-05,Economy(Basic),2026-01-23
10:00,12:15,0,YYZ,YVR,308,AC,1,,0,0,0,4,2026-02-05,Economy(Basic),2026-01-23
12:30,14:47,0,YYZ,YVR,308,AC,1,,0,0,0,4,2026-02-05,Economy(Basic),2026-01-23
10:45,16:11,0,YTZ,YVR,358,AC(Jazz),1,YUL,1,1,0,4,2026-02-05,Economy(Basic),2026-01-23
18:45,21:08,0,YYZ,YVR,703,WS,1,,0,1,0,4,2026-02-05,Economy(Basic),2026-01-23
07:15,09:42,0,YYZ,YVR,152,WS,1,,0,0,0,5,2026-02-06,Economy(Basic),2026-01-23
12:30,14:53,0,YYZ,YVR,152,WS,1,,0,0,0,5,2026-02-06,Economy(Basic),2026-01-23
08:00,13:23,0,YYZ,YVR,152,WS,1,YEG,1,0,0,5,2026-02-06,Economy(Basic),2026-01-23
18:30,22:38,0,YYZ,YVR,152,WS,1,YEG,1,0,0,5,2026-02-06,Economy(Basic),2026-01-23
22:15,00:38,1,YYZ,YVR,152,WS,1,,0,0,0,5,2026-02-06,Economy(Basic),2026-01-23
09:45,12:10,0,YYZ,YVR,160,F8,1,,0,0,0,5,2026-02-06,Economy(Basic),2026-01-23
07:55,10:20,0,YYZ,YVR,160,F8,1,,0,0,0,5,2026-02-06,Economy(Basic),2026-01-23
07:00,09:15,0,YYZ,YVR,251,AC,1,,0,0,0,5,2026-02-06,Economy(Basic),2026-01-23
08:00,10:00,0,YYZ,YVR,251,AC,1,,0,0,0,5,2026-02-06,Economy(Basic),2026-01-23
09:00,11:07,0,YYZ,YVR,251,AC,1,,0,0,0,5,2026-02-06,Economy(Basic),2026-01-23
09:10,11:30,0,YYZ,YVR,251,"PD, TS",2,,0,0,0,5,2026-02-06,Economy(Basic),2026-01-23
12:30,14:47,0,YYZ,YVR,251,AC,1,,0,0,0,5,2026-02-06,Economy(Basic),2026-01-23
12:50,15:10,0,YYZ,YVR,251,"PD, TS",2,,0,0,0,5,2026-02-06,Economy(Basic),2026-01-23
17:55,20:02,0,YYZ,YVR,251,AC,1,,0,0,0,5,2026-02-06,Economy(Basic),2026-01-23
18:40,20:47,0,YYZ,YVR,251,AC,1,,0,0,0,5,2026-02-06,Economy(Basic),2026-01-23
18:45,21:07,0,YYZ,YVR,251,"PD, TS",2,,0,0,0,5,2026-02-06,Economy(Basic),2026-01-23
20:20,22:20,0,YYZ,YVR,251,AC,1,,0,0,0,5,2026-02-06,Economy(Basic),2026-01-23
22:35,00:50,1,YYZ,YVR,251,AC,1,,0,0,0,5,2026-02-06,Economy(Basic),2026-01-23
14:10,16:27,0,YYZ,YVR,260,AC,1,,0,0,0,5,2026-02-06,Economy(Basic),2026-01-23
10:00,12:15,0,YYZ,YVR,308,AC,1,,0,0,0,5,2026-02-06,Economy(Basic),2026-01-23
16:40,18:57,0,YYZ,YVR,308,AC,1,,0,0,0,5,2026-02-06,Economy(Basic),2026-01-23
10:45,16:11,0,YTZ,YVR,324,AC(Jazz),1,YUL,1,0,0,5,2026-02-06,Economy(Basic),2026-01-23
18:45,21:08,0,YYZ,YVR,548,WS,1,,0,0,0,5,2026-02-06,Economy(Basic),2026-01-23
22:15,00:38,1,YYZ,YVR,124,WS,1,,0,0,0,6,2026-02-07,Economy(Basic),2026-01-23
08:00,13:23,0,YYZ,YVR,152,WS,1,YEG,1,0,0,6,2026-02-07,Economy(Basic),2026-01-23
18:30,22:40,0,YYZ,YVR,152,WS,1,YYC,1,0,0,6,2026-02-07,Economy(Basic),2026-01-23
07:55,10:20,0,YYZ,YVR,180,F8,1,,0,0,0,6,2026-02-07,Economy(Basic),2026-01-23
19:25,21:47,0,YYZ,YVR,199,"PD, TS",2,,0,0,0,6,2026-02-07,Economy(Basic),2026-01-23
09:00,11:07,0,YYZ,YVR,251,AC,1,,0,0,0,6,2026-02-07,Economy(Basic),2026-01-23
07:00,09:15,0,YYZ,YVR,251,AC,1,,0,0,0,6,2026-02-07,Economy(Basic),2026-01-23
08:00,10:00,0,YYZ,YVR,251,AC,1,,0,0,0,6,2026-02-07,Economy(Basic),2026-01-23
09:10,11:30,0,YYZ,YVR,251,"PD, TS",2,,0,0,0,6,2026-02-07,Economy(Basic),2026-01-23
10:00,12:15,0,YYZ,YVR,251,AC,1,,0,0,0,6,2026-02-07,Economy(Basic),2026-01-23
12:30,14:47,0,YYZ,YVR,251,AC,1,,0,0,0,6,2026-02-07,Economy(Basic),2026-01-23
12:50,15:10,0,YYZ,YVR,251,"PD, TS",2,,0,0,0,6,2026-02-07,Economy(Basic),2026-01-23
14:10,16:27,0,YYZ,YVR,251,AC,1,,0,0,0,6,2026-02-07,Economy(Basic),2026-01-23
16:40,18:57,0,YYZ,YVR,251,AC,1,,0,0,0,6,2026-02-07,Economy(Basic),2026-01-23
17:55,20:02,0,YYZ,YVR,251,AC,1,,0,0,0,6,2026-02-07,Economy(Basic),2026-01-23
18:45,20:52,0,YYZ,YVR,251,AC,1,,0,0,0,6,2026-02-07,Economy(Basic),2026-01-23
20:20,22:20,0,YYZ,YVR,251,AC,1,,0,0,0,6,2026-02-07,Economy(Basic),2026-01-23
22:35,00:50,1,YYZ,YVR,251,AC,1,,0,0,0,6,2026-02-07,Economy(Basic),2026-01-23
12:30,20:00,0,YTZ,YVR,370,AC(Jazz),1,YOW,1,0,0,6,2026-02-07,Economy(Basic),2026-01-23
12:30,14:53,0,YYZ,YVR,548,WS,1,,0,0,0,6,2026-02-07,Economy(Basic),2026-01-23
18:45,21:08,0,YYZ,YVR,548,WS,1,,0,0,0,6,2026-02-07,Economy(Basic),2026-01-23
07:55,10:20,0,YYZ,YVR,85,F8,1,,0,0,0,7,2026-02-08,Economy(Basic),2026-01-23
09:45,12:10,0,YYZ,YVR,119,F8,1,,0,0,0,7,2026-02-08,Economy(Basic),2026-01-23
21:00,23:25,0,YYZ,YVR,119,F8,1,,0,0,0,7,2026-02-08,Economy(Basic),2026-01-23
07:15,09:42,0,YYZ,YVR,124,WS,1,,0,0,0,7,2026-02-08,Economy(Basic),2026-01-23
07:00,09:15,0,YYZ,YVR,251,AC,1,,0,0,0,7,2026-02-08,Economy(Basic),2026-01-23
08:00,10:00,0,YYZ,YVR,251,AC,1,,0,0,0,7,2026-02-08,Economy(Basic),2026-01-23
09:00,11:07,0,YYZ,YVR,251,AC,1,,0,0,0,7,2026-02-08,Economy(Basic),2026-01-23
09:10,11:30,0,YYZ,YVR,251,"PD, TS",2,,0,0,0,7,2026-02-08,Economy(Basic),2026-01-23
12:30,14:47,0,YYZ,YVR,251,AC,1,,0,0,0,7,2026-02-08,Economy(Basic),2026-01-23
12:50,15:10,0,YYZ,YVR,251,"PD, TS",2,,0,0,0,7,2026-02-08,Economy(Basic),2026-01-23
16:40,18:57,0,YYZ,YVR,251,AC,1,,0,0,0,7,2026-02-08,Economy(Basic),2026-01-23
17:55,20:02,0,YYZ,YVR,251,AC,1,,0,0,0,7,2026-02-08,Economy(Basic),2026-01-23
18:45,20:52,0,YYZ,YVR,251,AC,1,,0,0,0,7,2026-02-08,Economy(Basic),2026-01-23
20:15,22:37,0,YYZ,YVR,251,"PD, TS",2,,0,0,0,7,2026-02-08,Economy(Basic),2026-01-23
20:20,22:20,0,YYZ,YVR,251,AC,1,,0,0,0,7,2026-02-08,Economy(Basic),2026-01-23
22:35,00:50,1,YYZ,YVR,251,AC,1,,0,0,0,7,2026-02-08,Economy(Basic),2026-01-23
10:00,12:15,0,YYZ,YVR,308,AC,1,,0,0,0,7,2026-02-08,Economy(Basic),2026-01-23
12:30,20:00,0,YTZ,YVR,370,AC(Jazz),1,YOW,1,0,0,7,2026-02-08,Economy(Basic),2026-01-23
14:10,16:27,0,YYZ,YVR,548,AC,1,,0,1,0,7,2026-02-08,Economy(Basic),2026-01-23
18:45,21:08,0,YYZ,YVR,548,WS,1,,0,0,0,7,2026-02-08,Economy(Basic),2026-01-23
22:15,00:38,1,YYZ,YVR,548,WS,1,,0,0,0,7,2026-02-08,Economy(Basic),2026-01-23
12:30,14:53,0,YYZ,YVR,616,WS,1,,0,1,0,7,2026-02-08,Economy(Basic),2026-01-23
07:15,09:42,0,YYZ,YVR,314,WS,1,,0,1,1,1,2026-02-02,Economy,2026-01-23
18:30,22:38,0,YYZ,YVR,314,WS,1,YEG,1,1,1,1,2026-02-02,Economy,2026-01-23
22:15,00:38,1,YYZ,YVR,314,WS,1,,0,1,1,1,2026-02-02,Economy,2026-01-23
09:10,11:30,0,YYZ,YVR,377,"PD, TS",2,,0,1,1,1,2026-02-02,Economy,2026-01-23
12:50,15:10,0,YYZ,YVR,377,"PD, TS",2,,0,1,1,1,2026-02-02,Economy,2026-01-23
18:45,21:07,0,YYZ,YVR,377,"PD, TS",2,,0,1,1,1,2026-02-02,Economy,2026-01-23
09:00,11:07,0,YYZ,YVR,384,AC,1,,0,1,1,1,2026-02-02,Economy,2026-01-23
07:00,09:15,0,YYZ,YVR,384,AC,1,,0,1,1,1,2026-02-02,Economy,2026-01-23
08:00,10:00,0,YYZ,YVR,384,AC,1,,0,1,1,1,2026-02-02,Economy,2026-01-23
10:00,12:15,0,YYZ,YVR,384,AC,1,,0,1,1,1,2026-02-02,Economy,2026-01-23
18:45,21:08,0,YYZ,YVR,314,WS,1,,0,1,1,2,2026-02-03,Economy,2026-01-23
07:15,09:42,0,YYZ,YVR,314,WS,1,,0,1,1,2,2026-02-03,Economy,2026-01-23
08:00,13:23,0,YYZ,YVR,314,WS,1,YEG,1,1,1,2,2026-02-03,Economy,2026-01-23
10:00,14:40,0,YYZ,YVR,314,WS,1,YYC,1,1,1,2,2026-02-03,Economy,2026-01-23
22:15,00:38,1,YYZ,YVR,314,WS,1,,0,1,1,2,2026-02-03,Economy,2026-01-23
12:50,15:10,0,YYZ,YVR,377,"PD, TS",2,,0,1,1,2,2026-02-03,Economy,2026-01-23
09:10,11:30,0,YYZ,YVR,377,"PD, TS",2,,0,1,1,2,2026-02-03,Economy,2026-01-23
18:45,21:07,0,YYZ,YVR,377,"PD, TS",2,,0,1,1,2,2026-02-03,Economy,2026-01-23
10:00,12:07,0,YYZ,YVR,384,AC,1,,0,1,1,2,2026-02-03,Economy,2026-01-23
07:00,09:15,0,YYZ,YVR,384,AC,1,,0,1,1,2,2026-02-03,Economy,2026-01-23
18:45,21:08,0,YYZ,YVR,314,WS,1,,0,1,1,3,2026-02-04,Economy,2026-01-23
07:15,09:42,0,YYZ,YVR,314,WS,1,,0,1,1,3,2026-02-04,Economy,2026-01-23
08:00,13:23,0,YYZ,YVR,314,WS,1,YEG,1,1,1,3,2026-02-04,Economy,2026-01-23
22:15,00:38,1,YYZ,YVR,314,WS,1,,0,1,1,3,2026-02-04,Economy,2026-01-23
18:45,21:07,0,YYZ,YVR,317,"PD, TS",2,,0,1,1,3,2026-02-04,Economy,2026-01-23
10:00,12:15,0,YYZ,YVR,384,AC,1,,0,1,1,3,2026-02-04,Economy,2026-01-23
07:00,09:15,0,YYZ,YVR,384,AC,1,,0,1,1,3,2026-02-04,Economy,2026-01-23
08:00,10:00,0,YYZ,YVR,384,AC,1,,0,1,1,3,2026-02-04,Economy,2026-01-23
09:00,11:07,0,YYZ,YVR,384,AC,1,,0,1,1,3,2026-02-04,Economy,2026-01-23
12:30,14:53,0,YYZ,YVR,314,WS,1,,0,1,1,4,2026-02-05,Economy,2026-01-23
07:15,09:42,0,YYZ,YVR,314,WS,1,,0,1,1,4,2026-02-05,Economy,2026-01-23
07:45,12:40,0,YYZ,YVR,314,WS,1,YYC,1,1,1,4,2026-02-05,Economy,2026-01-23
08:00,13:23,0,YYZ,YVR,314,WS,1,YEG,1,1,1,4,2026-02-05,Economy,2026-01-23
10:00,14:40,0,YYZ,YVR,314,WS,1,YYC,1,1,1,4,2026-02-05,Economy,2026-01-23
17:00,20:55,0,YYZ,YVR,314,WS,1,YYC,1,1,1,4,2026-02-05,Economy,2026-01-23
18:30,22:38,0,YYZ,YVR,314,WS,1,YEG,1,1,1,4,2026-02-05,Economy,2026-01-23
22:15,00:38,1,YYZ,YVR,314,WS,1,,0,1,1,4,2026-02-05,Economy,2026-01-23
12:50,15:10,0,YYZ,YVR,377,"PD, TS",2,,0,1,1,4,2026-02-05,Economy,2026-01-23
09:10,11:30,0,YYZ,YVR,377,"PD, TS",2,,0,1,1,4,2026-02-05,Economy,2026-01-23
20:15,22:37,0,YYZ,YVR,377,"PD, TS",2,,0,1,1,4,2026-02-05,Economy,2026-01-23
14:10,16:27,0,YYZ,YVR,384,AC,1,,0,1,1,4,2026-02-05,Economy,2026-01-23
07:15,09:42,0,YYZ,YVR,268,WS,1,,0,1,1,5,2026-02-06,Economy,2026-01-23
12:30,14:53,0,YYZ,YVR,268,WS,1,,0,1,1,5,2026-02-06,Economy,2026-01-23
22:15,00:38,1,YYZ,YVR,268,WS,1,,0,1,1,5,2026-02-06,Economy,2026-01-23
08:00,13:23,0,YYZ,YVR,268,WS,1,YEG,1,1,1,5,2026-02-06,Economy,2026-01-23
18:30,22:38,0,YYZ,YVR,268,WS,1,YEG,1,1,1,5,2026-02-06,Economy,2026-01-23
09:10,11:30,0,YYZ,YVR,369,"PD, TS",2,,0,1,1,5,2026-02-06,Economy,2026-01-23
12:50,15:10,0,YYZ,YVR,369,"PD, TS",2,,0,1,1,5,2026-02-06,Economy,2026-01-23
18:45,21:07,0,YYZ,YVR,369,"PD, TS",2,,0,1,1,5,2026-02-06,Economy,2026-01-23
09:00,11:07,0,YYZ,YVR,375,AC,1,,0,1,1,5,2026-02-06,Economy,2026-01-23
07:00,09:15,0,YYZ,YVR,375,AC,1,,0,1,1,5,2026-02-06,Economy,2026-01-23
22:15,00:38,1,YYZ,YVR,268,WS,1,,0,1,1,6,2026-02-07,Economy,2026-01-23
08:00,13:23,0,YYZ,YVR,268,WS,1,YEG,1,1,1,6,2026-02-07,Economy,2026-01-23
18:30,22:40,0,YYZ,YVR,268,WS,1,YYC,1,1,1,6,2026-02-07,Economy,2026-01-23
19:25,21:47,0,YYZ,YVR,317,"PD, TS",2,,0,1,1,6,2026-02-07,Economy,2026-01-23
09:10,11:30,0,YYZ,YVR,369,"PD, TS",2,,0,1,1,6,2026-02-07,Economy,2026-01-23
12:50,15:10,0,YYZ,YVR,369,"PD, TS",2,,0,1,1,6,2026-02-07,Economy,2026-01-23
09:00,11:07,0,YYZ,YVR,375,AC,1,,0,1,1,6,2026-02-07,Economy,2026-01-23
07:00,09:15,0,YYZ,YVR,375,AC,1,,0,1,1,6,2026-02-07,Economy,2026-01-23
08:00,10:00,0,YYZ,YVR,375,AC,1,,0,1,1,6,2026-02-07,Economy,2026-01-23
10:00,12:15,0,YYZ,YVR,375,AC,1,,0,1,1,6,2026-02-07,Economy,2026-01-23
07:15,09:42,0,YYZ,YVR,268,WS,1,,0,1,1,7,2026-02-08,Economy,2026-01-23
12:50,15:10,0,YYZ,YVR,369,"PD, TS",2,,0,1,1,7,2026-02-08,Economy,2026-01-23
09:10,11:30,0,YYZ,YVR,369,"PD, TS",2,,0,1,1,7,2026-02-08,Economy,2026-01-23
20:15,22:37,0,YYZ,YVR,369,"PD, TS",2,,0,1,1,7,2026-02-08,Economy,2026-01-23
12:30,14:47,0,YYZ,YVR,375,AC,1,,0,1,1,7,2026-02-08,Economy,2026-01-23
07:00,09:15,0,YYZ,YVR,375,AC,1,,0,1,1,7,2026-02-08,Economy,2026-01-23
08:00,10:00,0,YYZ,YVR,375,AC,1,,0,1,1,7,2026-02-08,Economy,2026-01-23
09:00,11:07,0,YYZ,YVR,375,AC,1,,0,1,1,7,2026-02-08,Economy,2026-01-23
16:40,18:57,0,YYZ,YVR,375,AC,1,,0,1,1,7,2026-02-08,Economy,2026-01-23
09:10,11:30,0,YYZ,YVR,451,"PD, TS",2,,0,1,2,1,2026-02-02,Economy(Premium),2026-01-23
12:50,15:10,0,YYZ,YVR,451,"PD, TS",2,,0,1,2,1,2026-02-02,Economy(Premium),2026-01-23
18:45,21:07,0,YYZ,YVR,451,"PD, TS",2,,0,1,2,1,2026-02-02,Economy(Premium),2026-01-23
22:15,00:38,1,YYZ,YVR,597,WS,1,,0,1,2,1,2026-02-02,Economy(Premium),2026-01-23
18:45,21:08,0,YYZ,YVR,1183,WS,1,,0,1,2,1,2026-02-02,Economy(Premium),2026-01-23
08:00,10:00,0,YYZ,YVR,1429,AC,1,,0,1,2,1,2026-02-02,Economy(Premium),2026-01-23
17:55,20:02,0,YYZ,YVR,1429,AC,1,,0,1,2,1,2026-02-02,Economy(Premium),2026-01-23
18:45,20:52,0,YYZ,YVR,1429,AC,1,,0,1,2,1,2026-02-02,Economy(Premium),2026-01-23
20:20,22:20,0,YYZ,YVR,1429,AC,1,,0,1,2,1,2026-02-02,Economy(Premium),2026-01-23
12:30,20:00,0,YTZ,YVR,1467,AC(Jazz),1,YOW,1,1,2,1,2026-02-02,Economy(Premium),2026-01-23
09:00,11:07,0,YYZ,YVR,1989,AC,1,,0,1,2,1,2026-02-02,Economy(Premium),2026-01-23
09:10,11:30,0,YYZ,YVR,451,"PD, TS",2,,0,1,2,2,2026-02-03,Economy(Premium),2026-01-23
12:50,15:10,0,YYZ,YVR,451,"PD, TS",2,,0,1,2,2,2026-02-03,Economy(Premium),2026-01-23
18:45,21:07,0,YYZ,YVR,451,"PD, TS",2,,0,1,2,2,2026-02-03,Economy(Premium),2026-01-23
07:15,09:42,0,YYZ,YVR,597,WS,1,,0,1,2,2,2026-02-03,Economy(Premium),2026-01-23
22:15,00:38,1,YYZ,YVR,597,WS,1,,0,1,2,2,2026-02-03,Economy(Premium),2026-01-23
10:00,14:40,0,YYZ,YVR,772,WS,1,YYC,1,1,0,2,2026-02-03,Economy(Premium),2026-01-23
08:00,10:00,0,YYZ,YVR,1429,AC,1,,0,1,2,2,2026-02-03,Economy(Premium),2026-01-23
09:00,11:07,0,YYZ,YVR,1429,AC,1,,0,1,2,2,2026-02-03,Economy(Premium),2026-01-23
10:00,12:07,0,YYZ,YVR,1429,AC,1,,0,1,2,2,2026-02-03,Economy(Premium),2026-01-23
17:55,20:02,0,YYZ,YVR,1429,AC,1,,0,1,2,2,2026-02-03,Economy(Premium),2026-01-23
18:45,20:52,0,YYZ,YVR,1429,AC,1,,0,1,2,2,2026-02-03,Economy(Premium),2026-01-23
20:20,22:20,0,YYZ,YVR,1429,AC,1,,0,1,2,2,2026-02-03,Economy(Premium),2026-01-23
12:30,20:00,0,YTZ,YVR,1467,AC(Jazz),1,YOW,1,1,2,2,2026-02-03,Economy(Premium),2026-01-23
18:45,21:07,0,YYZ,YVR,391,"PD, TS",2,,0,1,2,3,2026-02-04,Economy(Premium),2026-01-23
22:15,00:38,1,YYZ,YVR,597,WS,1,,0,1,2,3,2026-02-04,Economy(Premium),2026-01-23
12:50,15:10,0,YYZ,YVR,757,"PD, TS",2,,0,1,2,3,2026-02-04,Economy(Premium),2026-01-23
06:30,10:43,0,YYZ,YVR,772,WS,1,YYC,1,1,0,3,2026-02-04,Economy(Premium),2026-01-23
14:30,18:43,0,YYZ,YVR,1024,WS,1,YEG,1,1,2,3,2026-02-04,Economy(Premium),2026-01-23
08:00,10:00,0,YYZ,YVR,1429,AC,1,,0,1,2,3,2026-02-04,Economy(Premium),2026-01-23
18:45,20:52,0,YYZ,YVR,1429,AC,1,,0,1,2,3,2026-02-04,Economy(Premium),2026-01-23
19:20,21:27,0,YYZ,YVR,1429,AC,1,,0,1,2,3,2026-02-04,Economy(Premium),2026-01-23
20:20,22:20,0,YYZ,YVR,1429,AC,1,,0,1,2,3,2026-02-04,Economy(Premium),2026-01-23
12:30,20:00,0,YTZ,YVR,1467,AC(Jazz),1,YOW,1,1,2,3,2026-02-04,Economy(Premium),2026-01-23
09:00,11:07,0,YYZ,YVR,1989,AC,1,,0,1,2,3,2026-02-04,Economy(Premium),2026-01-23
09:10,11:30,0,YYZ,YVR,451,"PD, TS",2,,0,1,2,4,2026-02-05,Economy(Premium),2026-01-23
12:50,15:10,0,YYZ,YVR,451,"PD, TS",2,,0,1,2,4,2026-02-05,Economy(Premium),2026-01-23
20:15,22:37,0,YYZ,YVR,451,"PD, TS",2,,0,1,2,4,2026-02-05,Economy(Premium),2026-01-23
22:15,00:38,1,YYZ,YVR,597,WS,1,,0,1,2,4,2026-02-05,Economy(Premium),2026-01-23
07:15,09:42,0,YYZ,YVR,597,WS,1,,0,1,2,4,2026-02-05,Economy(Premium),2026-01-23
16:00,20:55,0,YYZ,YVR,597,WS,1,YYC,1,1,2,4,2026-02-05,Economy(Premium),2026-01-23
20:30,10:15,1,YTZ,YVR,1474,AC(Jazz),1,YUL,1,1,2,4,2026-02-05,Economy(Premium),2026-01-23
08:00,10:00,0,YYZ,YVR,1989,AC,1,,0,1,2,4,2026-02-05,Economy(Premium),2026-01-23
09:00,11:07,0,YYZ,YVR,1989,AC,1,,0,1,2,4,2026-02-05,Economy(Premium),2026-01-23
17:55,20:02,0,YYZ,YVR,1989,AC,1,,0,1,2,4,2026-02-05,Economy(Premium),2026-01-23
18:45,20:52,0,YYZ,YVR,1989,AC,1,,0,1,2,4,2026-02-05,Economy(Premium),2026-01-23
20:20,22:20,0,YYZ,YVR,1989,AC,1,,0,1,2,4,2026-02-05,Economy(Premium),2026-01-23
09:10,11:30,0,YYZ,YVR,443,"PD, TS",2,,0,1,2,5,2026-02-06,Economy(Premium),2026-01-23
12:50,15:10,0,YYZ,YVR,443,"PD, TS",2,,0,1,2,5,2026-02-06,Economy(Premium),2026-01-23
18:45,21:07,0,YYZ,YVR,443,"PD, TS",2,,0,1,2,5,2026-02-06,Economy(Premium),2026-01-23
07:15,09:42,0,YYZ,YVR,552,WS,1,,0,1,2,5,2026-02-06,Economy(Premium),2026-01-23
22:15,00:38,1,YYZ,YVR,552,WS,1,,0,1,2,5,2026-02-06,Economy(Premium),2026-01-23
10:00,14:40,0,YYZ,YVR,1034,WS,1,YYC,1,1,0,5,2026-02-06,Economy(Premium),2026-01-23
18:45,21:08,0,YYZ,YVR,1079,WS,1,,0,1,2,5,2026-02-06,Economy(Premium),2026-01-23
12:30,20:00,0,YTZ,YVR,1156,AC(Jazz),1,YOW,1,1,2,5,2026-02-06,Economy(Premium),2026-01-23
20:20,22:20,0,YYZ,YVR,1202,AC,1,,0,1,2,5,2026-02-06,Economy(Premium),2026-01-23
08:00,10:00,0,YYZ,YVR,1989,AC,1,,0,1,2,5,2026-02-06,Economy(Premium),2026-01-23
09:00,11:07,0,YYZ,YVR,1989,AC,1,,0,1,2,5,2026-02-06,Economy(Premium),2026-01-23
17:55,20:02,0,YYZ,YVR,1989,AC,1,,0,1,2,5,2026-02-06,Economy(Premium),2026-01-23
18:40,20:47,0,YYZ,YVR,1989,AC,1,,0,1,2,5,2026-02-06,Economy(Premium),2026-01-23
19:25,21:47,0,YYZ,YVR,391,"PD, TS",2,,0,1,2,6,2026-02-07,Economy(Premium),2026-01-23
09:10,11:30,0,YYZ,YVR,443,"PD, TS",2,,0,1,2,6,2026-02-07,Economy(Premium),2026-01-23
12:50,15:10,0,YYZ,YVR,443,"PD, TS",2,,0,1,2,6,2026-02-07,Economy(Premium),2026-01-23
22:15,00:38,1,YYZ,YVR,552,WS,1,,0,1,2,6,2026-02-07,Economy(Premium),2026-01-23
18:45,21:08,0,YYZ,YVR,1079,WS,1,,0,1,2,6,2026-02-07,Economy(Premium),2026-01-23
20:20,22:20,0,YYZ,YVR,1119,AC,1,,0,1,2,6,2026-02-07,Economy(Premium),2026-01-23
12:30,20:00,0,YTZ,YVR,1156,AC(Jazz),1,YOW,1,1,2,6,2026-02-07,Economy(Premium),2026-01-23
08:00,10:00,0,YYZ,YVR,1202,AC,1,,0,1,2,6,2026-02-07,Economy(Premium),2026-01-23
17:55,20:02,0,YYZ,YVR,1202,AC,1,,0,1,2,6,2026-02-07,Economy(Premium),2026-01-23
18:45,20:52,0,YYZ,YVR,1202,AC,1,,0,1,2,6,2026-02-07,Economy(Premium),2026-01-23
09:00,11:07,0,YYZ,YVR,1989,AC,1,,0,1,2,6,2026-02-07,Economy(Premium),2026-01-23
09:10,11:30,0,YYZ,YVR,443,"PD, TS",2,,0,1,2,7,2026-02-08,Economy(Premium),2026-01-23
20:15,22:37,0,YYZ,YVR,443,"PD, TS",2,,0,1,2,7,2026-02-08,Economy(Premium),2026-01-23
12:50,15:10,0,YYZ,YVR,524,"PD, TS",2,,0,1,2,7,2026-02-08,Economy(Premium),2026-01-23
07:15,09:42,0,YYZ,YVR,552,WS,1,,0,1,2,7,2026-02-08,Economy(Premium),2026-01-23
22:15,00:38,1,YYZ,YVR,1079,WS,1,,0,1,2,7,2026-02-08,Economy(Premium),2026-01-23
18:45,20:52,0,YYZ,YVR,1119,AC,1,,0,1,2,7,2026-02-08,Economy(Premium),2026-01-23
20:20,22:20,0,YYZ,YVR,1119,AC,1,,0,1,2,7,2026-02-08,Economy(Premium),2026-01-23
12:30,20:00,0,YTZ,YVR,1156,AC(Jazz),1,YOW,1,1,2,7,2026-02-08,Economy(Premium),2026-01-23
08:00,10:00,0,YYZ,YVR,1202,AC,1,,0,1,2,7,2026-02-08,Economy(Premium),2026-01-23
17:55,20:02,0,YYZ,YVR,1202,AC,1,,0,1,2,7,2026-02-08,Economy(Premium),2026-01-23
09:00,11:07,0,YYZ,YVR,1989,AC,1,,0,1,2,7,2026-02-08,Economy(Premium),2026-01-23
07:55,10:20,0,YYZ,YVR,180,F8,1,,0,0,0,1,2026-02-02,Economy(Basic),2026-01-26
09:45,12:10,0,YYZ,YVR,200,F8,1,,0,0,0,1,2026-02-02,Economy(Basic),2026-01-26
07:15,09:42,0,YYZ,YVR,204,WS,1,,0,0,0,1,2026-02-02,Economy(Basic),2026-01-26
18:30,22:38,0,YYZ,YVR,204,WS,1,YEG,1,0,0,1,2026-02-02,Economy(Basic),2026-01-26
22:15,00:38,1,YYZ,YVR,204,WS,1,,0,0,0,1,2026-02-02,Economy(Basic),2026-01-26
12:50,15:10,0,YYZ,YVR,264,"PD, TS",2,,0,0,0,1,2026-02-02,Economy(Basic),2026-01-26
09:10,11:30,0,YYZ,YVR,264,"PD, TS",2,,0,0,0,1,2026-02-02,Economy(Basic),2026-01-26
18:45,21:07,0,YYZ,YVR,264,"PD, TS",2,,0,0,0,1,2026-02-02,Economy(Basic),2026-01-26
10:00,12:15,0,YYZ,YVR,265,AC,1,,0,0,0,1,2026-02-02,Economy(Basic),2026-01-26
07:00,09:15,0,YYZ,YVR,265,AC,1,,0,0,0,1,2026-02-02,Economy(Basic),2026-01-26
08:00,10:00,0,YYZ,YVR,265,AC,1,,0,0,0,1,2026-02-02,Economy(Basic),2026-01-26
16:40,18:57,0,YYZ,YVR,265,AC,1,,0,0,0,1,2026-02-02,Economy(Basic),2026-01-26
17:55,20:02,0,YYZ,YVR,265,AC,1,,0,0,0,1,2026-02-02,Economy(Basic),2026-01-26
18:45,20:52,0,YYZ,YVR,265,AC,1,,0,0,0,1,2026-02-02,Economy(Basic),2026-01-26
20:20,22:20,0,YYZ,YVR,265,AC,1,,0,0,0,1,2026-02-02,Economy(Basic),2026-01-26
22:35,00:50,1,YYZ,YVR,265,AC,1,,0,0,0,1,2026-02-02,Economy(Basic),2026-01-26
09:00,11:07,0,YYZ,YVR,372,AC,1,,0,1,0,1,2026-02-02,Economy(Basic),2026-01-26
12:30,20:50,0,YTZ,YVR,382,AC(Jazz),1,YUL,1,0,0,1,2026-02-02,Economy(Basic),2026-01-26
12:30,14:47,0,YYZ,YVR,708,AC,1,,0,1,0,1,2026-02-02,Economy(Basic),2026-01-26
12:30,14:53,0,YYZ,YVR,708,WS,1,,0,1,0,1,2026-02-02,Economy(Basic),2026-01-26
14:10,16:27,0,YYZ,YVR,708,AC,1,,0,1,0,1,2026-02-02,Economy(Basic),2026-01-26
18:45,21:08,0,YYZ,YVR,708,WS,1,,0,1,0,1,2026-02-02,Economy(Basic),2026-01-26
07:15,09:42,0,YYZ,YVR,158,WS,1,,0,0,0,2,2026-02-03,Economy(Basic),2026-01-26
22:15,00:38,1,YYZ,YVR,158,WS,1,,0,0,0,2,2026-02-03,Economy(Basic),2026-01-26
09:45,12:10,0,YYZ,YVR,200,F8,1,,0,0,0,2,2026-02-03,Economy(Basic),2026-01-26
10:00,14:40,0,YYZ,YVR,204,WS,1,YYC,1,0,0,2,2026-02-03,Economy(Basic),2026-01-26
18:45,21:08,0,YYZ,YVR,204,WS,1,,0,0,0,2,2026-02-03,Economy(Basic),2026-01-26
09:10,11:30,0,YYZ,YVR,264,"PD, TS",2,,0,0,0,2,2026-02-03,Economy(Basic),2026-01-26
12:50,15:10,0,YYZ,YVR,264,"PD, TS",2,,0,0,0,2,2026-02-03,Economy(Basic),2026-01-26
18:45,21:07,0,YYZ,YVR,264,"PD, TS",2,,0,0,0,2,2026-02-03,Economy(Basic),2026-01-26
07:00,09:15,0,YYZ,YVR,265,AC,1,,0,0,0,2,2026-02-03,Economy(Basic),2026-01-26
08:00,10:00,0,YYZ,YVR,265,AC,1,,0,0,0,2,2026-02-03,Economy(Basic),2026-01-26
09:00,11:07,0,YYZ,YVR,265,AC,1,,0,0,0,2,2026-02-03,Economy(Basic),2026-01-26
10:00,12:07,0,YYZ,YVR,265,AC,1,,0,0,0,2,2026-02-03,Economy(Basic),2026-01-26
12:30,14:47,0,YYZ,YVR,265,AC,1,,0,0,0,2,2026-02-03,Economy(Basic),2026-01-26
14:10,16:27,0,YYZ,YVR,265,AC,1,,0,0,0,2,2026-02-03,Economy(Basic),2026-01-26
16:40,18:57,0,YYZ,YVR,265,AC,1,,0,0,0,2,2026-02-03,Economy(Basic),2026-01-26
17:55,20:02,0,YYZ,YVR,265,AC,1,,0,0,0,2,2026-02-03,Economy(Basic),2026-01-26
18:45,20:52,0,YYZ,YVR,265,AC,1,,0,0,0,2,2026-02-03,Economy(Basic),2026-01-26
20:20,22:20,0,YYZ,YVR,265,AC,1,,0,0,0,2,2026-02-03,Economy(Basic),2026-01-26
22:35,00:50,1,YYZ,YVR,265,AC,1,,0,0,0,2,2026-02-03,Economy(Basic),2026-01-26
10:45,16:11,0,YTZ,YVR,330,AC(Jazz),1,YUL,1,0,0,2,2026-02-03,Economy(Basic),2026-01-26
09:45,12:10,0,YYZ,YVR,139,F8,1,,0,0,0,3,2026-02-04,Economy(Basic),2026-01-26
07:15,09:42,0,YYZ,YVR,158,WS,1,,0,0,0,3,2026-02-04,Economy(Basic),2026-01-26
18:45,21:07,0,YYZ,YVR,158,"PD, TS",2,,0,0,0,3,2026-02-04,Economy(Basic),2026-01-26
22:15,00:38,1,YYZ,YVR,158,WS,1,,0,0,0,3,2026-02-04,Economy(Basic),2026-01-26
18:45,21:08,0,YYZ,YVR,204,WS,1,,0,0,0,3,2026-02-04,Economy(Basic),2026-01-26
07:00,09:15,0,YYZ,YVR,265,AC,1,,0,0,0,3,2026-02-04,Economy(Basic),2026-01-26
08:00,10:00,0,YYZ,YVR,265,AC,1,,0,0,0,3,2026-02-04,Economy(Basic),2026-01-26
09:00,11:07,0,YYZ,YVR,265,AC,1,,0,0,0,3,2026-02-04,Economy(Basic),2026-01-26
10:00,12:15,0,YYZ,YVR,265,AC,1,,0,0,0,3,2026-02-04,Economy(Basic),2026-01-26
12:40,14:55,0,YYZ,YVR,265,AC,1,,0,0,0,3,2026-02-04,Economy(Basic),2026-01-26
16:40,18:57,0,YYZ,YVR,265,AC,1,,0,0,0,3,2026-02-04,Economy(Basic),2026-01-26
18:45,20:52,0,YYZ,YVR,265,AC,1,,0,0,0,3,2026-02-04,Economy(Basic),2026-01-26
19:20,21:27,0,YYZ,YVR,265,AC,1,,0,0,0,3,2026-02-04,Economy(Basic),2026-01-26
20:20,22:20,0,YYZ,YVR,265,AC,1,,0,0,0,3,2026-02-04,Economy(Basic),2026-01-26
22:35,00:50,1,YYZ,YVR,265,AC,1,,0,0,0,3,2026-02-04,Economy(Basic),2026-01-26
12:50,15:10,0,YYZ,YVR,277,"PD, TS",2,,0,0,0,3,2026-02-04,Economy(Basic),2026-01-26
14:10,16:27,0,YYZ,YVR,314,AC,1,,0,0,0,3,2026-02-04,Economy(Basic),2026-01-26
10:45,16:11,0,YTZ,YVR,330,AC(Jazz),1,YUL,1,0,0,3,2026-02-04,Economy(Basic),2026-01-26
07:55,10:20,0,YYZ,YVR,139,F8,1,,0,0,0,4,2026-02-05,Economy(Basic),2026-01-26
07:15,09:42,0,YYZ,YVR,204,WS,1,,0,0,0,4,2026-02-05,Economy(Basic),2026-01-26
18:30,22:38,0,YYZ,YVR,204,WS,1,YEG,1,0,0,4,2026-02-05,Economy(Basic),2026-01-26
22:15,00:38,1,YYZ,YVR,204,WS,1,,0,0,0,4,2026-02-05,Economy(Basic),2026-01-26
12:50,15:10,0,YYZ,YVR,264,"PD, TS",2,,0,0,0,4,2026-02-05,Economy(Basic),2026-01-26
09:10,11:30,0,YYZ,YVR,264,"PD, TS",2,,0,0,0,4,2026-02-05,Economy(Basic),2026-01-26
20:15,22:37,0,YYZ,YVR,264,"PD, TS",2,,0,0,0,4,2026-02-05,Economy(Basic),2026-01-26
10:00,12:15,0,YYZ,YVR,265,AC,1,,0,0,0,4,2026-02-05,Economy(Basic),2026-01-26
07:00,09:15,0,YYZ,YVR,265,AC,1,,0,0,0,4,2026-02-05,Economy(Basic),2026-01-26
08:00,10:00,0,YYZ,YVR,265,AC,1,,0,0,0,4,2026-02-05,Economy(Basic),2026-01-26
09:00,11:07,0,YYZ,YVR,265,AC,1,,0,0,0,4,2026-02-05,Economy(Basic),2026-01-26
16:40,18:57,0,YYZ,YVR,265,AC,1,,0,0,0,4,2026-02-05,Economy(Basic),2026-01-26
17:55,20:02,0,YYZ,YVR,265,AC,1,,0,0,0,4,2026-02-05,Economy(Basic),2026-01-26
18:45,20:52,0,YYZ,YVR,265,AC,1,,0,0,0,4,2026-02-05,Economy(Basic),2026-01-26
22:35,00:50,1,YYZ,YVR,265,AC,1,,0,0,0,4,2026-02-05,Economy(Basic),2026-01-26
14:10,16:27,0,YYZ,YVR,314,AC,1,,0,0,0,4,2026-02-05,Economy(Basic),2026-01-26
20:20,22:20,0,YYZ,YVR,314,AC,1,,0,0,0,4,2026-02-05,Economy(Basic),2026-01-26
10:45,16:11,0,YTZ,YVR,364,AC(Jazz),1,YUL,1,1,0,4,2026-02-05,Economy(Basic),2026-01-26
12:30,14:47,0,YYZ,YVR,621,AC,1,,0,1,0,4,2026-02-05,Economy(Basic),2026-01-26
12:30,14:53,0,YYZ,YVR,621,WS,1,,0,1,0,4,2026-02-05,Economy(Basic),2026-01-26
18:45,21:08,0,YYZ,YVR,708,WS,1,,0,1,0,4,2026-02-05,Economy(Basic),2026-01-26
07:55,10:20,0,YYZ,YVR,180,F8,1,,0,0,0,5,2026-02-06,Economy(Basic),2026-01-26
09:45,12:10,0,YYZ,YVR,200,F8,1,,0,0,0,5,2026-02-06,Economy(Basic),2026-01-26
07:15,09:42,0,YYZ,YVR,204,WS,1,,0,0,0,5,2026-02-06,Economy(Basic),2026-01-26
18:30,22:38,0,YYZ,YVR,204,WS,1,YEG,1,0,0,5,2026-02-06,Economy(Basic),2026-01-26
22:15,00:38,1,YYZ,YVR,204,WS,1,,0,0,0,5,2026-02-06,Economy(Basic),2026-01-26
12:50,15:10,0,YYZ,YVR,264,"PD, TS",2,,0,0,0,5,2026-02-06,Economy(Basic),2026-01-26
09:10,11:30,0,YYZ,YVR,264,"PD, TS",2,,0,0,0,5,2026-02-06,Economy(Basic),2026-01-26
18:45,21:07,0,YYZ,YVR,264,"PD, TS",2,,0,0,0,5,2026-02-06,Economy(Basic),2026-01-26
17:55,20:02,0,YYZ,YVR,265,AC,1,,0,0,0,5,2026-02-06,Economy(Basic),2026-01-26
07:00,09:15,0,YYZ,YVR,265,AC,1,,0,0,0,5,2026-02-06,Economy(Basic),2026-01-26
08:00,10:00,0,YYZ,YVR,265,AC,1,,0,0,0,5,2026-02-06,Economy(Basic),2026-01-26
09:00,11:07,0,YYZ,YVR,265,AC,1,,0,0,0,5,2026-02-06,Economy(Basic),2026-01-26
18:40,20:47,0,YYZ,YVR,265,AC,1,,0,0,0,5,2026-02-06,Economy(Basic),2026-01-26
20:20,22:20,0,YYZ,YVR,265,AC,1,,0,0,0,5,2026-02-06,Economy(Basic),2026-01-26
22:35,00:50,1,YYZ,YVR,265,AC,1,,0,0,0,5,2026-02-06,Economy(Basic),2026-01-26
10:00,12:15,0,YYZ,YVR,314,AC,1,,0,0,0,5,2026-02-06,Economy(Basic),2026-01-26
14:10,16:27,0,YYZ,YVR,314,AC,1,,0,0,0,5,2026-02-06,Economy(Basic),2026-01-26
16:40,18:57,0,YYZ,YVR,314,AC,1,,0,0,0,5,2026-02-06,Economy(Basic),2026-01-26
10:45,16:11,0,YTZ,YVR,364,AC(Jazz),1,YUL,1,1,0,5,2026-02-06,Economy(Basic),2026-01-26
12:30,14:47,0,YYZ,YVR,372,AC,1,,0,1,0,5,2026-02-06,Economy(Basic),2026-01-26
12:30,14:53,0,YYZ,YVR,621,WS,1,,0,1,0,5,2026-02-06,Economy(Basic),2026-01-26
18:45,21:08,0,YYZ,YVR,621,WS,1,,0,1,0,5,2026-02-06,Economy(Basic),2026-01-26
19:25,21:47,0,YYZ,YVR,158,"PD, TS",2,,0,0,0,6,2026-02-07,Economy(Basic),2026-01-26
22:15,00:38,1,YYZ,YVR,158,WS,1,,0,0,0,6,2026-02-07,Economy(Basic),2026-01-26
07:55,10:20,0,YYZ,YVR,180,F8,1,,0,0,0,6,2026-02-07,Economy(Basic),2026-01-26
09:10,11:30,0,YYZ,YVR,264,"PD, TS",2,,0,0,0,6,2026-02-07,Economy(Basic),2026-01-26
12:50,15:10,0,YYZ,YVR,264,"PD, TS",2,,0,0,0,6,2026-02-07,Economy(Basic),2026-01-26
07:00,09:15,0,YYZ,YVR,265,AC,1,,0,0,0,6,2026-02-07,Economy(Basic),2026-01-26
08:00,10:00,0,YYZ,YVR,265,AC,1,,0,0,0,6,2026-02-07,Economy(Basic),2026-01-26
09:00,11:07,0,YYZ,YVR,265,AC,1,,0,0,0,6,2026-02-07,Economy(Basic),2026-01-26
10:00,12:15,0,YYZ,YVR,265,AC,1,,0,0,0,6,2026-02-07,Economy(Basic),2026-01-26
12:30,14:47,0,YYZ,YVR,265,AC,1,,0,0,0,6,2026-02-07,Economy(Basic),2026-01-26
14:10,16:27,0,YYZ,YVR,265,AC,1,,0,0,0,6,2026-02-07,Economy(Basic),2026-01-26
16:40,18:57,0,YYZ,YVR,265,AC,1,,0,0,0,6,2026-02-07,Economy(Basic),2026-01-26
17:55,20:02,0,YYZ,YVR,265,AC,1,,0,0,0,6,2026-02-07,Economy(Basic),2026-01-26
18:45,20:52,0,YYZ,YVR,265,AC,1,,0,0,0,6,2026-02-07,Economy(Basic),2026-01-26
20:20,22:20,0,YYZ,YVR,265,AC,1,,0,0,0,6,2026-02-07,Economy(Basic),2026-01-26
22:35,00:50,1,YYZ,YVR,265,AC,1,,0,0,0,6,2026-02-07,Economy(Basic),2026-01-26
12:30,20:00,0,YTZ,YVR,376,AC(Jazz),1,YOW,1,0,0,6,2026-02-07,Economy(Basic),2026-01-26
12:30,14:53,0,YYZ,YVR,621,WS,1,,0,1,0,6,2026-02-07,Economy(Basic),2026-01-26
18:45,21:08,0,YYZ,YVR,621,WS,1,,0,1,0,6,2026-02-07,Economy(Basic),2026-01-26
07:55,10:20,0,YYZ,YVR,85,F8,1,,0,0,0,7,2026-02-08,Economy(Basic),2026-01-26
09:45,12:10,0,YYZ,YVR,119,F8,1,,0,0,0,7,2026-02-08,Economy(Basic),2026-01-26
21:00,23:25,0,YYZ,YVR,119,F8,1,,0,0,0,7,2026-02-08,Economy(Basic),2026-01-26
07:15,09:42,0,YYZ,YVR,204,WS,1,,0,0,0,7,2026-02-08,Economy(Basic),2026-01-26
09:10,11:30,0,YYZ,YVR,264,"PD, TS",2,,0,0,0,7,2026-02-08,Economy(Basic),2026-01-26
12:50,15:10,0,YYZ,YVR,264,"PD, TS",2,,0,0,0,7,2026-02-08,Economy(Basic),2026-01-26
20:15,22:37,0,YYZ,YVR,264,"PD, TS",2,,0,0,0,7,2026-02-08,Economy(Basic),2026-01-26
07:00,09:15,0,YYZ,YVR,265,AC,1,,0,0,0,7,2026-02-08,Economy(Basic),2026-01-26
08:00,10:00,0,YYZ,YVR,265,AC,1,,0,0,0,7,2026-02-08,Economy(Basic),2026-01-26
09:00,11:07,0,YYZ,YVR,265,AC,1,,0,0,0,7,2026-02-08,Economy(Basic),2026-01-26
17:55,20:02,0,YYZ,YVR,265,AC,1,,0,0,0,7,2026-02-08,Economy(Basic),2026-01-26
18:45,20:52,0,YYZ,YVR,265,AC,1,,0,0,0,7,2026-02-08,Economy(Basic),2026-01-26
20:20,22:20,0,YYZ,YVR,265,AC,1,,0,0,0,7,2026-02-08,Economy(Basic),2026-01-26
22:35,00:50,1,YYZ,YVR,265,AC,1,,0,0,0,7,2026-02-08,Economy(Basic),2026-01-26
10:00,12:15,0,YYZ,YVR,372,AC,1,,0,1,0,7,2026-02-08,Economy(Basic),2026-01-26
16:40,18:57,0,YYZ,YVR,372,AC,1,,0,1,0,7,2026-02-08,Economy(Basic),2026-01-26
12:30,20:00,0,YTZ,YVR,376,AC(Jazz),1,YOW,1,0,0,7,2026-02-08,Economy(Basic),2026-01-26
12:30,14:47,0,YYZ,YVR,621,AC,1,,0,1,0,7,2026-02-08,Economy(Basic),2026-01-26
12:30,14:53,0,YYZ,YVR,621,WS,1,,0,1,0,7,2026-02-08,Economy(Basic),2026-01-26
14:10,16:27,0,YYZ,YVR,621,AC,1,,0,1,0,7,2026-02-08,Economy(Basic),2026-01-26
18:45,21:08,0,YYZ,YVR,621,WS,1,,0,1,0,7,2026-02-08,Economy(Basic),2026-01-26
22:15,00:38,1,YYZ,YVR,621,WS,1,,0,1,0,7,2026-02-08,Economy(Basic),2026-01-26
07:15,09:42,0,YYZ,YVR,320,WS,1,,0,1,1,1,2026-02-02,Economy,2026-01-26
22:15,00:38,1,YYZ,YVR,320,WS,1,,0,1,1,1,2026-02-02,Economy,2026-01-26
18:30,22:38,0,YYZ,YVR,320,WS,1,YEG,1,1,1,1,2026-02-02,Economy,2026-01-26
12:50,15:10,0,YYZ,YVR,383,"PD, TS",2,,0,1,1,1,2026-02-02,Economy,2026-01-26
09:10,11:30,0,YYZ,YVR,383,"PD, TS",2,,0,1,1,1,2026-02-02,Economy,2026-01-26
18:45,21:07,0,YYZ,YVR,383,"PD, TS",2,,0,1,1,1,2026-02-02,Economy,2026-01-26
10:00,12:15,0,YYZ,YVR,458,AC,1,,0,1,2,1,2026-02-02,Economy,2026-01-26
07:00,09:15,0,YYZ,YVR,458,AC,1,,0,1,2,1,2026-02-02,Economy,2026-01-26
08:00,10:00,0,YYZ,YVR,458,AC,1,,0,1,2,1,2026-02-02,Economy,2026-01-26
16:40,18:57,0,YYZ,YVR,458,AC,1,,0,1,2,1,2026-02-02,Economy,2026-01-26
07:15,09:42,0,YYZ,YVR,320,WS,1,,0,1,1,2,2026-02-03,Economy,2026-01-26
18:45,21:08,0,YYZ,YVR,320,WS,1,,0,1,1,2,2026-02-03,Economy,2026-01-26
22:15,00:38,1,YYZ,YVR,320,WS,1,,0,1,1,2,2026-02-03,Economy,2026-01-26
08:00,13:23,0,YYZ,YVR,320,WS,1,YEG,1,1,1,2,2026-02-03,Economy,2026-01-26
10:00,14:40,0,YYZ,YVR,320,WS,1,YYC,1,1,1,2,2026-02-03,Economy,2026-01-26
09:10,11:30,0,YYZ,YVR,383,"PD, TS",2,,0,1,1,2,2026-02-03,Economy,2026-01-26
12:50,15:10,0,YYZ,YVR,383,"PD, TS",2,,0,1,1,2,2026-02-03,Economy,2026-01-26
18:45,21:07,0,YYZ,YVR,383,"PD, TS",2,,0,1,1,2,2026-02-03,Economy,2026-01-26
10:00,12:07,0,YYZ,YVR,390,AC,1,,0,1,1,2,2026-02-03,Economy,2026-01-26
07:00,09:15,0,YYZ,YVR,390,AC,1,,0,1,1,2,2026-02-03,Economy,2026-01-26
18:45,21:07,0,YYZ,YVR,277,"PD, TS",2,,0,1,1,3,2026-02-04,Economy,2026-01-26
18:45,21:08,0,YYZ,YVR,320,WS,1,,0,1,1,3,2026-02-04,Economy,2026-01-26
07:15,09:42,0,YYZ,YVR,320,WS,1,,0,1,1,3,2026-02-04,Economy,2026-01-26
08:00,13:23,0,YYZ,YVR,320,WS,1,YEG,1,1,1,3,2026-02-04,Economy,2026-01-26
22:15,00:38,1,YYZ,YVR,320,WS,1,,0,1,1,3,2026-02-04,Economy,2026-01-26
10:00,12:15,0,YYZ,YVR,390,AC,1,,0,1,1,3,2026-02-04,Economy,2026-01-26
07:00,09:15,0,YYZ,YVR,390,AC,1,,0,1,1,3,2026-02-04,Economy,2026-01-26
08:00,10:00,0,YYZ,YVR,390,AC,1,,0,1,1,3,2026-02-04,Economy,2026-01-26
09:00,11:07,0,YYZ,YVR,390,AC,1,,0,1,1,3,2026-02-04,Economy,2026-01-26
07:15,09:42,0,YYZ,YVR,320,WS,1,,0,1,1,4,2026-02-05,Economy,2026-01-26
22:15,00:38,1,YYZ,YVR,320,WS,1,,0,1,1,4,2026-02-05,Economy,2026-01-26
07:45,12:40,0,YYZ,YVR,320,WS,1,YYC,1,1,1,4,2026-02-05,Economy,2026-01-26
18:30,22:38,0,YYZ,YVR,320,WS,1,YEG,1,1,1,4,2026-02-05,Economy,2026-01-26
12:50,15:10,0,YYZ,YVR,383,"PD, TS",2,,0,1,1,4,2026-02-05,Economy,2026-01-26
09:10,11:30,0,YYZ,YVR,383,"PD, TS",2,,0,1,1,4,2026-02-05,Economy,2026-01-26
20:15,22:37,0,YYZ,YVR,383,"PD, TS",2,,0,1,1,4,2026-02-05,Economy,2026-01-26
14:10,16:27,0,YYZ,YVR,438,AC,1,,0,1,1,4,2026-02-05,Economy,2026-01-26
20:20,22:20,0,YYZ,YVR,438,AC,1,,0,1,1,4,2026-02-05,Economy,2026-01-26
10:45,16:11,0,YTZ,YVR,454,AC(Jazz),1,YUL,1,1,1,4,2026-02-05,Economy,2026-01-26
07:15,09:42,0,YYZ,YVR,320,WS,1,,0,1,1,5,2026-02-06,Economy,2026-01-26
22:15,00:38,1,YYZ,YVR,320,WS,1,,0,1,1,5,2026-02-06,Economy,2026-01-26
08:00,13:23,0,YYZ,YVR,320,WS,1,YEG,1,1,1,5,2026-02-06,Economy,2026-01-26
18:30,22:38,0,YYZ,YVR,320,WS,1,YEG,1,1,1,5,2026-02-06,Economy,2026-01-26
12:50,15:10,0,YYZ,YVR,383,"PD, TS",2,,0,1,1,5,2026-02-06,Economy,2026-01-26
09:10,11:30,0,YYZ,YVR,383,"PD, TS",2,,0,1,1,5,2026-02-06,Economy,2026-01-26
18:45,21:07,0,YYZ,YVR,383,"PD, TS",2,,0,1,1,5,2026-02-06,Economy,2026-01-26
14:10,16:27,0,YYZ,YVR,438,AC,1,,0,1,1,5,2026-02-06,Economy,2026-01-26
10:00,12:15,0,YYZ,YVR,438,AC,1,,0,1,1,5,2026-02-06,Economy,2026-01-26
16:40,18:57,0,YYZ,YVR,438,AC,1,,0,1,1,5,2026-02-06,Economy,2026-01-26
19:25,21:47,0,YYZ,YVR,277,"PD, TS",2,,0,1,1,6,2026-02-07,Economy,2026-01-26
22:15,00:38,1,YYZ,YVR,320,WS,1,,0,1,1,6,2026-02-07,Economy,2026-01-26
06:30,12:40,0,YYZ,YVR,320,WS,1,YYC,1,1,1,6,2026-02-07,Economy,2026-01-26
09:10,11:30,0,YYZ,YVR,383,"PD, TS",2,,0,1,1,6,2026-02-07,Economy,2026-01-26
12:50,15:10,0,YYZ,YVR,383,"PD, TS",2,,0,1,1,6,2026-02-07,Economy,2026-01-26
14:10,16:27,0,YYZ,YVR,390,AC,1,,0,1,1,6,2026-02-07,Economy,2026-01-26
07:00,09:15,0,YYZ,YVR,390,AC,1,,0,1,1,6,2026-02-07,Economy,2026-01-26
08:00,10:00,0,YYZ,YVR,390,AC,1,,0,1,1,6,2026-02-07,Economy,2026-01-26
09:00,11:07,0,YYZ,YVR,390,AC,1,,0,1,1,6,2026-02-07,Economy,2026-01-26
07:15,09:42,0,YYZ,YVR,320,WS,1,,0,1,1,7,2026-02-08,Economy,2026-01-26
08:00,13:23,0,YYZ,YVR,320,WS,1,YEG,1,1,1,7,2026-02-08,Economy,2026-01-26
09:40,15:53,0,YYZ,YVR,320,WS,1,YWG,1,1,1,7,2026-02-08,Economy,2026-01-26
12:50,15:10,0,YYZ,YVR,383,"PD, TS",2,,0,1,1,7,2026-02-08,Economy,2026-01-26
09:10,11:30,0,YYZ,YVR,383,"PD, TS",2,,0,1,1,7,2026-02-08,Economy,2026-01-26
20:15,22:37,0,YYZ,YVR,383,"PD, TS",2,,0,1,1,7,2026-02-08,Economy,2026-01-26
17:55,20:02,0,YYZ,YVR,458,AC,1,,0,1,2,7,2026-02-08,Economy,2026-01-26
07:00,09:15,0,YYZ,YVR,458,AC,1,,0,1,2,7,2026-02-08,Economy,2026-01-26
08:00,10:00,0,YYZ,YVR,458,AC,1,,0,1,2,7,2026-02-08,Economy,2026-01-26
09:00,11:07,0,YYZ,YVR,458,AC,1,,0,1,2,7,2026-02-08,Economy,2026-01-26
09:10,11:30,0,YYZ,YVR,456,"PD, TS",2,,0,1,2,1,2026-02-02,Economy(Premium),2026-01-26
12:50,15:10,0,YYZ,YVR,456,"PD, TS",2,,0,1,2,1,2026-02-02,Economy(Premium),2026-01-26
18:45,21:07,0,YYZ,YVR,456,"PD, TS",2,,0,1,2,1,2026-02-02,Economy(Premium),2026-01-26
22:15,11:40,1,YYZ,YVR,511,WS(Encore),1,"YYC, YLW",2,1,0,1,2026-02-02,Economy(Premium),2026-01-26
22:15,00:38,1,YYZ,YVR,602,WS,1,,0,1,2,1,2026-02-02,Economy(Premium),2026-01-26
18:45,21:08,0,YYZ,YVR,1189,WS,1,,0,1,2,1,2026-02-02,Economy(Premium),2026-01-26
08:00,10:00,0,YYZ,YVR,1548,AC,1,,0,1,2,1,2026-02-02,Economy(Premium),2026-01-26
17:55,20:02,0,YYZ,YVR,1548,AC,1,,0,1,2,1,2026-02-02,Economy(Premium),2026-01-26
18:45,20:52,0,YYZ,YVR,1548,AC,1,,0,1,2,1,2026-02-02,Economy(Premium),2026-01-26
20:20,22:20,0,YYZ,YVR,1548,AC,1,,0,1,2,1,2026-02-02,Economy(Premium),2026-01-26
12:30,20:00,0,YTZ,YVR,1586,AC(Jazz),1,YOW,1,1,2,1,2026-02-02,Economy(Premium),2026-01-26
09:00,11:07,0,YYZ,YVR,1994,AC,1,,0,1,2,1,2026-02-02,Economy(Premium),2026-01-26
09:10,11:30,0,YYZ,YVR,456,"PD, TS",2,,0,1,2,2,2026-02-03,Economy(Premium),2026-01-26
12:50,15:10,0,YYZ,YVR,456,"PD, TS",2,,0,1,2,2,2026-02-03,Economy(Premium),2026-01-26
18:45,21:07,0,YYZ,YVR,456,"PD, TS",2,,0,1,2,2,2026-02-03,Economy(Premium),2026-01-26
18:30,07:13,1,YYZ,YVR,502,WS,1,"YYC, YLW",2,1,0,2,2026-02-03,Economy(Premium),2026-01-26
22:15,00:38,1,YYZ,YVR,602,WS,1,,0,1,2,2,2026-02-03,Economy(Premium),2026-01-26
10:00,14:40,0,YYZ,YVR,783,WS,1,YYC,1,1,0,2,2026-02-03,Economy(Premium),2026-01-26
08:00,10:00,0,YYZ,YVR,1548,AC,1,,0,1,2,2,2026-02-03,Economy(Premium),2026-01-26
09:00,11:07,0,YYZ,YVR,1548,AC,1,,0,1,2,2,2026-02-03,Economy(Premium),2026-01-26
10:00,12:07,0,YYZ,YVR,1548,AC,1,,0,1,2,2,2026-02-03,Economy(Premium),2026-01-26
17:55,20:02,0,YYZ,YVR,1548,AC,1,,0,1,2,2,2026-02-03,Economy(Premium),2026-01-26
18:45,20:52,0,YYZ,YVR,1548,AC,1,,0,1,2,2,2026-02-03,Economy(Premium),2026-01-26
20:20,22:20,0,YYZ,YVR,1548,AC,1,,0,1,2,2,2026-02-03,Economy(Premium),2026-01-26
12:30,20:00,0,YTZ,YVR,1586,AC(Jazz),1,YOW,1,1,2,2,2026-02-03,Economy(Premium),2026-01-26
18:45,21:07,0,YYZ,YVR,397,"PD, TS",2,,0,1,2,3,2026-02-04,Economy(Premium),2026-01-26
06:30,18:49,0,YYZ,YVR,502,WS(Encore),1,"YYC, YLW",2,1,0,3,2026-02-04,Economy(Premium),2026-01-26
22:15,00:38,1,YYZ,YVR,602,WS,1,,0,1,2,3,2026-02-04,Economy(Premium),2026-01-26
12:50,15:10,0,YYZ,YVR,850,"PD, TS",2,,0,1,2,3,2026-02-04,Economy(Premium),2026-01-26
14:30,18:43,0,YYZ,YVR,900,WS,1,YEG,1,1,0,3,2026-02-04,Economy(Premium),2026-01-26
17:00,20:55,0,YYZ,YVR,1189,WS,1,YYC,1,1,2,3,2026-02-04,Economy(Premium),2026-01-26
19:20,21:27,0,YYZ,YVR,1548,AC,1,,0,1,2,3,2026-02-04,Economy(Premium),2026-01-26
08:00,10:00,0,YYZ,YVR,1548,AC,1,,0,1,2,3,2026-02-04,Economy(Premium),2026-01-26
20:20,22:20,0,YYZ,YVR,1548,AC,1,,0,1,2,3,2026-02-04,Economy(Premium),2026-01-26
12:30,20:00,0,YTZ,YVR,1586,AC(Jazz),1,YOW,1,1,2,3,2026-02-04,Economy(Premium),2026-01-26
09:00,11:07,0,YYZ,YVR,1994,AC,1,,0,1,2,3,2026-02-04,Economy(Premium),2026-01-26
18:45,20:52,0,YYZ,YVR,1994,AC,1,,0,1,2,3,2026-02-04,Economy(Premium),2026-01-26
09:10,11:30,0,YYZ,YVR,456,"PD, TS",2,,0,1,2,4,2026-02-05,Economy(Premium),2026-01-26
12:50,15:10,0,YYZ,YVR,456,"PD, TS",2,,0,1,2,4,2026-02-05,Economy(Premium),2026-01-26
20:15,22:37,0,YYZ,YVR,456,"PD, TS",2,,0,1,2,4,2026-02-05,Economy(Premium),2026-01-26
22:15,00:38,1,YYZ,YVR,602,WS,1,,0,1,2,4,2026-02-05,Economy(Premium),2026-01-26
07:15,09:42,0,YYZ,YVR,602,WS,1,,0,1,2,4,2026-02-05,Economy(Premium),2026-01-26
16:00,20:55,0,YYZ,YVR,1175,WS,1,YYC,1,1,2,4,2026-02-05,Economy(Premium),2026-01-26
08:00,10:00,0,YYZ,YVR,1435,AC,1,,0,1,2,4,2026-02-05,Economy(Premium),2026-01-26
20:30,10:15,1,YTZ,YVR,1479,AC(Jazz),1,YUL,1,1,2,4,2026-02-05,Economy(Premium),2026-01-26
09:00,11:07,0,YYZ,YVR,1994,AC,1,,0,1,2,4,2026-02-05,Economy(Premium),2026-01-26
17:55,20:02,0,YYZ,YVR,1994,AC,1,,0,1,2,4,2026-02-05,Economy(Premium),2026-01-26
18:45,20:52,0,YYZ,YVR,1994,AC,1,,0,1,2,4,2026-02-05,Economy(Premium),2026-01-26
20:20,22:20,0,YYZ,YVR,1994,AC,1,,0,1,2,4,2026-02-05,Economy(Premium),2026-01-26
09:10,11:30,0,YYZ,YVR,456,"PD, TS",2,,0,1,2,5,2026-02-06,Economy(Premium),2026-01-26
12:50,15:10,0,YYZ,YVR,456,"PD, TS",2,,0,1,2,5,2026-02-06,Economy(Premium),2026-01-26
18:45,21:07,0,YYZ,YVR,456,"PD, TS",2,,0,1,2,5,2026-02-06,Economy(Premium),2026-01-26
18:30,07:13,1,YYZ,YVR,553,WS,1,"YYC, YLW",2,1,2,5,2026-02-06,Economy(Premium),2026-01-26
07:15,09:42,0,YYZ,YVR,602,WS,1,,0,1,2,5,2026-02-06,Economy(Premium),2026-01-26
22:15,00:38,1,YYZ,YVR,602,WS,1,,0,1,2,5,2026-02-06,Economy(Premium),2026-01-26
18:45,21:08,0,YYZ,YVR,1189,WS,1,,0,1,2,5,2026-02-06,Economy(Premium),2026-01-26
08:00,10:00,0,YYZ,YVR,1435,AC,1,,0,1,2,5,2026-02-06,Economy(Premium),2026-01-26
20:20,22:20,0,YYZ,YVR,1435,AC,1,,0,1,2,5,2026-02-06,Economy(Premium),2026-01-26
20:30,10:15,1,YTZ,YVR,1479,AC(Jazz),1,YUL,1,1,2,5,2026-02-06,Economy(Premium),2026-01-26
09:00,11:07,0,YYZ,YVR,1994,AC,1,,0,1,2,5,2026-02-06,Economy(Premium),2026-01-26
17:55,20:02,0,YYZ,YVR,1994,AC,1,,0,1,2,5,2026-02-06,Economy(Premium),2026-01-26
18:40,20:47,0,YYZ,YVR,1994,AC,1,,0,1,2,5,2026-02-06,Economy(Premium),2026-01-26
19:25,21:47,0,YYZ,YVR,397,"PD, TS",2,,0,1,2,6,2026-02-07,Economy(Premium),2026-01-26
09:10,11:30,0,YYZ,YVR,456,"PD, TS",2,,0,1,2,6,2026-02-07,Economy(Premium),2026-01-26
12:50,15:10,0,YYZ,YVR,456,"PD, TS",2,,0,1,2,6,2026-02-07,Economy(Premium),2026-01-26
08:00,19:39,0,YYZ,YVR,557,WS(Encore),1,"YEG, YLW",2,1,2,6,2026-02-07,Economy(Premium),2026-01-26
22:15,00:38,1,YYZ,YVR,602,WS,1,,0,1,2,6,2026-02-07,Economy(Premium),2026-01-26
18:45,21:08,0,YYZ,YVR,1189,WS,1,,0,1,2,6,2026-02-07,Economy(Premium),2026-01-26
08:00,10:00,0,YYZ,YVR,1435,AC,1,,0,1,2,6,2026-02-07,Economy(Premium),2026-01-26
17:55,20:02,0,YYZ,YVR,1435,AC,1,,0,1,2,6,2026-02-07,Economy(Premium),2026-01-26
18:45,20:52,0,YYZ,YVR,1435,AC,1,,0,1,2,6,2026-02-07,Economy(Premium),2026-01-26
20:20,22:20,0,YYZ,YVR,1435,AC,1,,0,1,2,6,2026-02-07,Economy(Premium),2026-01-26
12:30,20:00,0,YTZ,YVR,1473,AC(Jazz),1,YOW,1,1,2,6,2026-02-07,Economy(Premium),2026-01-26
09:00,11:07,0,YYZ,YVR,1994,AC,1,,0,1,2,6,2026-02-07,Economy(Premium),2026-01-26
12:50,15:10,0,YYZ,YVR,456,"PD, TS",2,,0,1,2,7,2026-02-08,Economy(Premium),2026-01-26
20:15,22:37,0,YYZ,YVR,456,"PD, TS",2,,0,1,2,7,2026-02-08,Economy(Premium),2026-01-26
09:10,11:30,0,YYZ,YVR,530,"PD, TS",2,,0,1,2,7,2026-02-08,Economy(Premium),2026-01-26
08:00,13:23,0,YYZ,YVR,591,WS,1,YEG,1,1,0,7,2026-02-08,Economy(Premium),2026-01-26
07:15,09:42,0,YYZ,YVR,602,WS,1,,0,1,2,7,2026-02-08,Economy(Premium),2026-01-26
17:00,20:55,0,YYZ,YVR,1079,WS,1,YYC,1,1,0,7,2026-02-08,Economy(Premium),2026-01-26
22:15,00:38,1,YYZ,YVR,1189,WS,1,,0,1,2,7,2026-02-08,Economy(Premium),2026-01-26
08:00,10:00,0,YYZ,YVR,1435,AC,1,,0,1,2,7,2026-02-08,Economy(Premium),2026-01-26
18:45,20:52,0,YYZ,YVR,1435,AC,1,,0,1,2,7,2026-02-08,Economy(Premium),2026-01-26
20:20,22:20,0,YYZ,YVR,1435,AC,1,,0,1,2,7,2026-02-08,Economy(Premium),2026-01-26
18:45,20:00,1,YTZ,YVR,1474,AC(Jazz),1,YOW,1,1,1,7,2026-02-08,Economy(Premium),2026-01-26
09:00,11:07,0,YYZ,YVR,1994,AC,1,,0,1,2,7,2026-02-08,Economy(Premium),2026-01-26
17:55,20:02,0,YYZ,YVR,1994,AC,1,,0,1,2,7,2026-02-08,Economy(Premium),2026-01-26
departure time,arrival time,date change,departure airport,arrival airport,price,airline,distinct airline count,stop airport,stop count,carry on bag,checked bag,day,date,class,scrape_date
07:55,10:20,0,YYZ,YVR,221,F8,1,,0,0,0,1,2026-02-02,Economy(Basic),2026-01-30
09:45,12:10,0,YYZ,YVR,221,F8,1,,0,0,0,1,2026-02-02,Economy(Basic),2026-01-30
23:30,16:40,1,YYZ,YVR,794,WS,1,"YOW, YYC",2,0,0,1,2026-02-02,Economy(Basic),2026-01-30
12:50,15:10,0,YYZ,YVR,811,"PD, TS",2,,0,1,0,1,2026-02-02,Economy(Basic),2026-01-30
18:45,21:08,0,YYZ,YVR,811,WS,1,,0,1,0,1,2026-02-02,Economy(Basic),2026-01-30
09:10,11:30,0,YYZ,YVR,811,"PD, TS",2,,0,1,0,1,2026-02-02,Economy(Basic),2026-01-30
18:45,21:07,0,YYZ,YVR,811,"PD, TS",2,,0,1,0,1,2026-02-02,Economy(Basic),2026-01-30
22:15,00:38,1,YYZ,YVR,811,WS,1,,0,1,0,1,2026-02-02,Economy(Basic),2026-01-30
10:45,16:11,0,YTZ,YVR,957,AC(Jazz),1,YUL,1,1,0,1,2026-02-02,Economy(Basic),2026-01-30
09:00,11:07,0,YYZ,YVR,965,AC,1,,0,1,0,1,2026-02-02,Economy(Basic),2026-01-30
07:00,09:15,0,YYZ,YVR,965,AC,1,,0,1,0,1,2026-02-02,Economy(Basic),2026-01-30
08:00,10:00,0,YYZ,YVR,965,AC,1,,0,1,0,1,2026-02-02,Economy(Basic),2026-01-30
10:00,12:15,0,YYZ,YVR,965,AC,1,,0,1,0,1,2026-02-02,Economy(Basic),2026-01-30
12:30,14:47,0,YYZ,YVR,965,AC,1,,0,1,0,1,2026-02-02,Economy(Basic),2026-01-30
14:10,16:27,0,YYZ,YVR,965,AC,1,,0,1,0,1,2026-02-02,Economy(Basic),2026-01-30
16:40,18:57,0,YYZ,YVR,965,AC,1,,0,1,0,1,2026-02-02,Economy(Basic),2026-01-30
17:55,20:02,0,YYZ,YVR,965,AC,1,,0,1,0,1,2026-02-02,Economy(Basic),2026-01-30
18:45,20:52,0,YYZ,YVR,965,AC,1,,0,1,0,1,2026-02-02,Economy(Basic),2026-01-30
20:20,22:20,0,YYZ,YVR,965,AC,1,,0,1,0,1,2026-02-02,Economy(Basic),2026-01-30
22:35,00:50,1,YYZ,YVR,965,AC,1,,0,1,0,1,2026-02-02,Economy(Basic),2026-01-30
07:15,09:42,0,YYZ,YVR,974,WS,1,,0,1,0,1,2026-02-02,Economy(Basic),2026-01-30
12:30,14:53,0,YYZ,YVR,974,WS,1,,0,1,0,1,2026-02-02,Economy(Basic),2026-01-30
07:15,09:42,0,YYZ,YVR,158,WS,1,,0,0,0,2,2026-02-03,Economy(Basic),2026-01-30
22:15,00:38,1,YYZ,YVR,158,WS,1,,0,0,0,2,2026-02-03,Economy(Basic),2026-01-30
09:45,12:10,0,YYZ,YVR,180,F8,1,,0,0,0,2,2026-02-03,Economy(Basic),2026-01-30
10:00,12:07,0,YYZ,YVR,314,AC,1,,0,0,0,2,2026-02-03,Economy(Basic),2026-01-30
12:50,15:10,0,YYZ,YVR,314,"PD, TS",2,,0,0,0,2,2026-02-03,Economy(Basic),2026-01-30
07:00,09:15,0,YYZ,YVR,314,AC,1,,0,0,0,2,2026-02-03,Economy(Basic),2026-01-30
08:00,10:00,0,YYZ,YVR,314,AC,1,,0,0,0,2,2026-02-03,Economy(Basic),2026-01-30
09:00,11:07,0,YYZ,YVR,314,AC,1,,0,0,0,2,2026-02-03,Economy(Basic),2026-01-30
09:10,11:30,0,YYZ,YVR,314,"PD, TS",2,,0,0,0,2,2026-02-03,Economy(Basic),2026-01-30
12:30,14:47,0,YYZ,YVR,314,AC,1,,0,0,0,2,2026-02-03,Economy(Basic),2026-01-30
14:10,16:27,0,YYZ,YVR,314,AC,1,,0,0,0,2,2026-02-03,Economy(Basic),2026-01-30
16:40,18:57,0,YYZ,YVR,314,AC,1,,0,0,0,2,2026-02-03,Economy(Basic),2026-01-30
17:55,20:02,0,YYZ,YVR,314,AC,1,,0,0,0,2,2026-02-03,Economy(Basic),2026-01-30
18:45,20:52,0,YYZ,YVR,314,AC,1,,0,0,0,2,2026-02-03,Economy(Basic),2026-01-30
18:45,21:07,0,YYZ,YVR,314,"PD, TS",2,,0,0,0,2,2026-02-03,Economy(Basic),2026-01-30
20:20,22:20,0,YYZ,YVR,314,AC,1,,0,0,0,2,2026-02-03,Economy(Basic),2026-01-30
22:35,00:50,1,YYZ,YVR,314,AC,1,,0,0,0,2,2026-02-03,Economy(Basic),2026-01-30
10:45,16:11,0,YTZ,YVR,364,AC(Jazz),1,YUL,1,1,0,2,2026-02-03,Economy(Basic),2026-01-30
18:45,21:08,0,YYZ,YVR,811,WS,1,,0,1,0,2,2026-02-03,Economy(Basic),2026-01-30
22:15,00:38,1,YYZ,YVR,158,WS,1,,0,0,0,3,2026-02-04,Economy(Basic),2026-01-30
09:45,12:10,0,YYZ,YVR,180,F8,1,,0,0,0,3,2026-02-04,Economy(Basic),2026-01-30
07:15,09:42,0,YYZ,YVR,226,WS,1,,0,0,0,3,2026-02-04,Economy(Basic),2026-01-30
18:45,21:08,0,YYZ,YVR,226,WS,1,,0,0,0,3,2026-02-04,Economy(Basic),2026-01-30
10:00,12:15,0,YYZ,YVR,314,AC,1,,0,0,0,3,2026-02-04,Economy(Basic),2026-01-30
12:50,15:10,0,YYZ,YVR,314,"PD, TS",2,,0,0,0,3,2026-02-04,Economy(Basic),2026-01-30
07:00,09:15,0,YYZ,YVR,314,AC,1,,0,0,0,3,2026-02-04,Economy(Basic),2026-01-30
08:00,10:00,0,YYZ,YVR,314,AC,1,,0,0,0,3,2026-02-04,Economy(Basic),2026-01-30
09:00,11:07,0,YYZ,YVR,314,AC,1,,0,0,0,3,2026-02-04,Economy(Basic),2026-01-30
12:40,14:55,0,YYZ,YVR,314,AC,1,,0,0,0,3,2026-02-04,Economy(Basic),2026-01-30
18:45,21:07,0,YYZ,YVR,314,"PD, TS",2,,0,0,0,3,2026-02-04,Economy(Basic),2026-01-30
19:20,21:27,0,YYZ,YVR,314,AC,1,,0,0,0,3,2026-02-04,Economy(Basic),2026-01-30
20:20,22:20,0,YYZ,YVR,314,AC,1,,0,0,0,3,2026-02-04,Economy(Basic),2026-01-30
22:35,00:50,1,YYZ,YVR,314,AC,1,,0,0,0,3,2026-02-04,Economy(Basic),2026-01-30
14:10,16:27,0,YYZ,YVR,372,AC,1,,0,1,0,3,2026-02-04,Economy(Basic),2026-01-30
12:30,20:00,0,YTZ,YVR,409,AC(Jazz),1,YOW,1,1,0,3,2026-02-04,Economy(Basic),2026-01-30
16:40,18:57,0,YYZ,YVR,828,AC,1,,0,1,0,3,2026-02-04,Economy(Basic),2026-01-30
18:45,20:52,0,YYZ,YVR,828,AC,1,,0,1,0,3,2026-02-04,Economy(Basic),2026-01-30
07:55,10:20,0,YYZ,YVR,180,F8,1,,0,0,0,4,2026-02-05,Economy(Basic),2026-01-30
07:15,09:42,0,YYZ,YVR,226,WS,1,,0,0,0,4,2026-02-05,Economy(Basic),2026-01-30
18:30,22:38,0,YYZ,YVR,226,WS,1,YEG,1,0,0,4,2026-02-05,Economy(Basic),2026-01-30
22:15,00:38,1,YYZ,YVR,226,WS,1,,0,0,0,4,2026-02-05,Economy(Basic),2026-01-30
09:00,11:07,0,YYZ,YVR,314,AC,1,,0,0,0,4,2026-02-05,Economy(Basic),2026-01-30
12:50,15:10,0,YYZ,YVR,314,"PD, TS",2,,0,0,0,4,2026-02-05,Economy(Basic),2026-01-30
07:00,09:15,0,YYZ,YVR,314,AC,1,,0,0,0,4,2026-02-05,Economy(Basic),2026-01-30
08:00,10:00,0,YYZ,YVR,314,AC,1,,0,0,0,4,2026-02-05,Economy(Basic),2026-01-30
09:10,11:30,0,YYZ,YVR,314,"PD, TS",2,,0,0,0,4,2026-02-05,Economy(Basic),2026-01-30
14:10,16:27,0,YYZ,YVR,314,AC,1,,0,0,0,4,2026-02-05,Economy(Basic),2026-01-30
16:40,18:57,0,YYZ,YVR,314,AC,1,,0,0,0,4,2026-02-05,Economy(Basic),2026-01-30
17:55,20:02,0,YYZ,YVR,314,AC,1,,0,0,0,4,2026-02-05,Economy(Basic),2026-01-30
18:45,20:52,0,YYZ,YVR,314,AC,1,,0,0,0,4,2026-02-05,Economy(Basic),2026-01-30
20:15,22:37,0,YYZ,YVR,314,"PD, TS",2,,0,0,0,4,2026-02-05,Economy(Basic),2026-01-30
20:20,22:20,0,YYZ,YVR,314,AC,1,,0,0,0,4,2026-02-05,Economy(Basic),2026-01-30
22:35,00:50,1,YYZ,YVR,314,AC,1,,0,0,0,4,2026-02-05,Economy(Basic),2026-01-30
10:45,16:11,0,YTZ,YVR,364,AC(Jazz),1,YUL,1,1,0,4,2026-02-05,Economy(Basic),2026-01-30
10:00,12:15,0,YYZ,YVR,372,AC,1,,0,1,0,4,2026-02-05,Economy(Basic),2026-01-30
12:30,14:53,0,YYZ,YVR,811,WS,1,,0,1,0,4,2026-02-05,Economy(Basic),2026-01-30
18:45,21:08,0,YYZ,YVR,811,WS,1,,0,1,0,4,2026-02-05,Economy(Basic),2026-01-30
12:30,14:47,0,YYZ,YVR,828,AC,1,,0,1,0,4,2026-02-05,Economy(Basic),2026-01-30
07:55,10:20,0,YYZ,YVR,180,F8,1,,0,0,0,5,2026-02-06,Economy(Basic),2026-01-30
09:45,12:10,0,YYZ,YVR,200,F8,1,,0,0,0,5,2026-02-06,Economy(Basic),2026-01-30
12:30,14:53,0,YYZ,YVR,226,WS,1,,0,0,0,5,2026-02-06,Economy(Basic),2026-01-30
18:30,22:38,0,YYZ,YVR,226,WS,1,YEG,1,0,0,5,2026-02-06,Economy(Basic),2026-01-30
22:15,00:38,1,YYZ,YVR,226,WS,1,,0,0,0,5,2026-02-06,Economy(Basic),2026-01-30
09:00,11:07,0,YYZ,YVR,314,AC,1,,0,0,0,5,2026-02-06,Economy(Basic),2026-01-30
12:50,15:10,0,YYZ,YVR,314,"PD, TS",2,,0,0,0,5,2026-02-06,Economy(Basic),2026-01-30
07:00,09:15,0,YYZ,YVR,314,AC,1,,0,0,0,5,2026-02-06,Economy(Basic),2026-01-30
08:00,10:00,0,YYZ,YVR,314,AC,1,,0,0,0,5,2026-02-06,Economy(Basic),2026-01-30
09:10,11:30,0,YYZ,YVR,314,"PD, TS",2,,0,0,0,5,2026-02-06,Economy(Basic),2026-01-30
16:40,18:57,0,YYZ,YVR,314,AC,1,,0,0,0,5,2026-02-06,Economy(Basic),2026-01-30
17:55,20:02,0,YYZ,YVR,314,AC,1,,0,0,0,5,2026-02-06,Economy(Basic),2026-01-30
18:40,20:47,0,YYZ,YVR,314,AC,1,,0,0,0,5,2026-02-06,Economy(Basic),2026-01-30
18:45,21:07,0,YYZ,YVR,314,"PD, TS",2,,0,0,0,5,2026-02-06,Economy(Basic),2026-01-30
20:20,22:20,0,YYZ,YVR,314,AC,1,,0,0,0,5,2026-02-06,Economy(Basic),2026-01-30
22:35,00:50,1,YYZ,YVR,314,AC,1,,0,0,0,5,2026-02-06,Economy(Basic),2026-01-30
10:45,16:11,0,YTZ,YVR,364,AC(Jazz),1,YUL,1,1,0,5,2026-02-06,Economy(Basic),2026-01-30
14:10,16:27,0,YYZ,YVR,372,AC,1,,0,1,0,5,2026-02-06,Economy(Basic),2026-01-30
07:15,09:42,0,YYZ,YVR,811,WS,1,,0,1,0,5,2026-02-06,Economy(Basic),2026-01-30
18:45,21:08,0,YYZ,YVR,811,WS,1,,0,1,0,5,2026-02-06,Economy(Basic),2026-01-30
12:30,14:47,0,YYZ,YVR,828,AC,1,,0,1,0,5,2026-02-06,Economy(Basic),2026-01-30
10:00,12:15,0,YYZ,YVR,2147,AC,1,,0,1,2,5,2026-02-06,Economy(Basic),2026-01-30
07:55,10:20,0,YYZ,YVR,85,F8,1,,0,0,0,6,2026-02-07,Economy(Basic),2026-01-30
22:15,00:38,1,YYZ,YVR,152,WS,1,,0,0,0,6,2026-02-07,Economy(Basic),2026-01-30
12:50,15:10,0,YYZ,YVR,204,"PD, TS",2,,0,0,0,6,2026-02-07,Economy(Basic),2026-01-30
19:25,21:47,0,YYZ,YVR,204,"PD, TS",2,,0,0,0,6,2026-02-07,Economy(Basic),2026-01-30
09:00,11:07,0,YYZ,YVR,237,AC,1,,0,0,0,6,2026-02-07,Economy(Basic),2026-01-30
07:00,09:15,0,YYZ,YVR,237,AC,1,,0,0,0,6,2026-02-07,Economy(Basic),2026-01-30
08:00,10:00,0,YYZ,YVR,237,AC,1,,0,0,0,6,2026-02-07,Economy(Basic),2026-01-30
12:30,14:47,0,YYZ,YVR,237,AC,1,,0,0,0,6,2026-02-07,Economy(Basic),2026-01-30
14:10,16:27,0,YYZ,YVR,237,AC,1,,0,0,0,6,2026-02-07,Economy(Basic),2026-01-30
16:40,18:57,0,YYZ,YVR,237,AC,1,,0,0,0,6,2026-02-07,Economy(Basic),2026-01-30
17:55,20:02,0,YYZ,YVR,237,AC,1,,0,0,0,6,2026-02-07,Economy(Basic),2026-01-30
18:45,20:52,0,YYZ,YVR,237,AC,1,,0,0,0,6,2026-02-07,Economy(Basic),2026-01-30
20:20,22:20,0,YYZ,YVR,237,AC,1,,0,0,0,6,2026-02-07,Economy(Basic),2026-01-30
22:35,00:50,1,YYZ,YVR,237,AC,1,,0,0,0,6,2026-02-07,Economy(Basic),2026-01-30
09:10,11:30,0,YYZ,YVR,264,"PD, TS",2,,0,0,0,6,2026-02-07,Economy(Basic),2026-01-30
10:00,12:15,0,YYZ,YVR,265,AC,1,,0,0,0,6,2026-02-07,Economy(Basic),2026-01-30
12:30,20:00,0,YTZ,YVR,275,AC(Jazz),1,YOW,1,0,0,6,2026-02-07,Economy(Basic),2026-01-30
12:30,14:53,0,YYZ,YVR,708,WS,1,,0,1,0,6,2026-02-07,Economy(Basic),2026-01-30
18:45,21:08,0,YYZ,YVR,708,WS,1,,0,1,0,6,2026-02-07,Economy(Basic),2026-01-30
07:55,10:20,0,YYZ,YVR,139,F8,1,,0,0,0,7,2026-02-08,Economy(Basic),2026-01-30
21:00,23:25,0,YYZ,YVR,200,F8,1,,0,0,0,7,2026-02-08,Economy(Basic),2026-01-30
07:15,09:42,0,YYZ,YVR,204,WS,1,,0,0,0,7,2026-02-08,Economy(Basic),2026-01-30
09:45,12:10,0,YYZ,YVR,221,F8,1,,0,0,0,7,2026-02-08,Economy(Basic),2026-01-30
17:55,20:02,0,YYZ,YVR,237,AC,1,,0,0,0,7,2026-02-08,Economy(Basic),2026-01-30
07:00,09:15,0,YYZ,YVR,237,AC,1,,0,0,0,7,2026-02-08,Economy(Basic),2026-01-30
08:00,10:00,0,YYZ,YVR,237,AC,1,,0,0,0,7,2026-02-08,Economy(Basic),2026-01-30
18:45,20:52,0,YYZ,YVR,237,AC,1,,0,0,0,7,2026-02-08,Economy(Basic),2026-01-30
20:20,22:20,0,YYZ,YVR,237,AC,1,,0,0,0,7,2026-02-08,Economy(Basic),2026-01-30
22:35,00:50,1,YYZ,YVR,237,AC,1,,0,0,0,7,2026-02-08,Economy(Basic),2026-01-30
09:00,11:07,0,YYZ,YVR,265,AC,1,,0,0,0,7,2026-02-08,Economy(Basic),2026-01-30
10:00,12:15,0,YYZ,YVR,265,AC,1,,0,0,0,7,2026-02-08,Economy(Basic),2026-01-30
16:40,18:57,0,YYZ,YVR,265,AC,1,,0,0,0,7,2026-02-08,Economy(Basic),2026-01-30
09:10,11:30,0,YYZ,YVR,305,"PD, TS",2,,0,0,0,7,2026-02-08,Economy(Basic),2026-01-30
12:50,15:10,0,YYZ,YVR,314,"PD, TS",2,,0,0,0,7,2026-02-08,Economy(Basic),2026-01-30
20:15,22:37,0,YYZ,YVR,314,"PD, TS",2,,0,0,0,7,2026-02-08,Economy(Basic),2026-01-30
12:30,20:50,0,YTZ,YVR,416,AC(Jazz),1,YUL,1,1,0,7,2026-02-08,Economy(Basic),2026-01-30
12:30,14:47,0,YYZ,YVR,708,AC,1,,0,1,0,7,2026-02-08,Economy(Basic),2026-01-30
12:30,14:53,0,YYZ,YVR,708,WS,1,,0,1,0,7,2026-02-08,Economy(Basic),2026-01-30
14:10,16:27,0,YYZ,YVR,708,AC,1,,0,1,0,7,2026-02-08,Economy(Basic),2026-01-30
18:45,21:08,0,YYZ,YVR,708,WS,1,,0,1,0,7,2026-02-08,Economy(Basic),2026-01-30
22:15,00:38,1,YYZ,YVR,708,WS,1,,0,1,0,7,2026-02-08,Economy(Basic),2026-01-30
09:10,11:30,0,YYZ,YVR,879,"PD, TS",2,,0,1,1,1,2026-02-02,Economy,2026-01-30
12:50,15:10,0,YYZ,YVR,879,"PD, TS",2,,0,1,1,1,2026-02-02,Economy,2026-01-30
18:45,21:07,0,YYZ,YVR,879,"PD, TS",2,,0,1,1,1,2026-02-02,Economy,2026-01-30
18:45,21:08,0,YYZ,YVR,890,WS,1,,0,1,1,1,2026-02-02,Economy,2026-01-30
22:15,00:38,1,YYZ,YVR,890,WS,1,,0,1,1,1,2026-02-02,Economy,2026-01-30
07:15,09:42,0,YYZ,YVR,1032,WS,1,,0,1,1,1,2026-02-02,Economy,2026-01-30
10:00,14:40,0,YYZ,YVR,1032,WS,1,YYC,1,1,1,1,2026-02-02,Economy,2026-01-30
12:30,14:53,0,YYZ,YVR,1032,WS,1,,0,1,1,1,2026-02-02,Economy,2026-01-30
17:00,20:55,0,YYZ,YVR,1032,WS,1,YYC,1,1,1,1,2026-02-02,Economy,2026-01-30
09:00,11:07,0,YYZ,YVR,1055,AC,1,,0,1,1,1,2026-02-02,Economy,2026-01-30
07:15,09:42,0,YYZ,YVR,341,WS,1,,0,1,1,2,2026-02-03,Economy,2026-01-30
08:00,13:23,0,YYZ,YVR,341,WS,1,YEG,1,1,1,2,2026-02-03,Economy,2026-01-30
09:40,15:53,0,YYZ,YVR,341,WS,1,YWG,1,1,1,2,2026-02-03,Economy,2026-01-30
10:00,16:40,0,YYZ,YVR,341,WS,1,YYC,1,1,1,2,2026-02-03,Economy,2026-01-30
18:30,22:38,0,YYZ,YVR,341,WS,1,YEG,1,1,1,2,2026-02-03,Economy,2026-01-30
22:15,00:38,1,YYZ,YVR,341,WS,1,,0,1,1,2,2026-02-03,Economy,2026-01-30
12:50,15:10,0,YYZ,YVR,433,"PD, TS",2,,0,1,1,2,2026-02-03,Economy,2026-01-30
09:10,11:30,0,YYZ,YVR,433,"PD, TS",2,,0,1,1,2,2026-02-03,Economy,2026-01-30
18:45,21:07,0,YYZ,YVR,433,"PD, TS",2,,0,1,1,2,2026-02-03,Economy,2026-01-30
10:00,12:07,0,YYZ,YVR,438,AC,1,,0,1,1,2,2026-02-03,Economy,2026-01-30
07:00,09:15,0,YYZ,YVR,438,AC,1,,0,1,1,2,2026-02-03,Economy,2026-01-30
18:45,21:08,0,YYZ,YVR,341,WS,1,,0,1,1,3,2026-02-04,Economy,2026-01-30
07:15,09:42,0,YYZ,YVR,341,WS,1,,0,1,1,3,2026-02-04,Economy,2026-01-30
08:00,13:23,0,YYZ,YVR,341,WS,1,YEG,1,1,1,3,2026-02-04,Economy,2026-01-30
22:15,00:38,1,YYZ,YVR,341,WS,1,,0,1,1,3,2026-02-04,Economy,2026-01-30
12:50,15:10,0,YYZ,YVR,433,"PD, TS",2,,0,1,1,3,2026-02-04,Economy,2026-01-30
18:45,21:07,0,YYZ,YVR,433,"PD, TS",2,,0,1,1,3,2026-02-04,Economy,2026-01-30
10:00,12:15,0,YYZ,YVR,438,AC,1,,0,1,1,3,2026-02-04,Economy,2026-01-30
07:00,09:15,0,YYZ,YVR,438,AC,1,,0,1,1,3,2026-02-04,Economy,2026-01-30
08:00,10:00,0,YYZ,YVR,438,AC,1,,0,1,1,3,2026-02-04,Economy,2026-01-30
22:15,00:38,1,YYZ,YVR,341,WS,1,,0,1,1,4,2026-02-05,Economy,2026-01-30
07:15,09:42,0,YYZ,YVR,341,WS,1,,0,1,1,4,2026-02-05,Economy,2026-01-30
18:30,22:38,0,YYZ,YVR,341,WS,1,YEG,1,1,1,4,2026-02-05,Economy,2026-01-30
12:50,15:10,0,YYZ,YVR,433,"PD, TS",2,,0,1,1,4,2026-02-05,Economy,2026-01-30
09:10,11:30,0,YYZ,YVR,433,"PD, TS",2,,0,1,1,4,2026-02-05,Economy,2026-01-30
20:15,22:37,0,YYZ,YVR,433,"PD, TS",2,,0,1,1,4,2026-02-05,Economy,2026-01-30
10:45,16:11,0,YTZ,YVR,454,AC(Jazz),1,YUL,1,1,1,4,2026-02-05,Economy,2026-01-30
14:10,16:27,0,YYZ,YVR,462,AC,1,,0,1,1,4,2026-02-05,Economy,2026-01-30
07:00,09:15,0,YYZ,YVR,462,AC,1,,0,1,1,4,2026-02-05,Economy,2026-01-30
08:00,10:00,0,YYZ,YVR,462,AC,1,,0,1,1,4,2026-02-05,Economy,2026-01-30
12:30,14:53,0,YYZ,YVR,341,WS,1,,0,1,1,5,2026-02-06,Economy,2026-01-30
18:30,22:38,0,YYZ,YVR,341,WS,1,YEG,1,1,1,5,2026-02-06,Economy,2026-01-30
22:15,00:38,1,YYZ,YVR,341,WS,1,,0,1,1,5,2026-02-06,Economy,2026-01-30
12:50,15:10,0,YYZ,YVR,433,"PD, TS",2,,0,1,1,5,2026-02-06,Economy,2026-01-30
09:10,11:30,0,YYZ,YVR,433,"PD, TS",2,,0,1,1,5,2026-02-06,Economy,2026-01-30
18:45,21:07,0,YYZ,YVR,433,"PD, TS",2,,0,1,1,5,2026-02-06,Economy,2026-01-30
09:00,11:07,0,YYZ,YVR,438,AC,1,,0,1,1,5,2026-02-06,Economy,2026-01-30
07:00,09:15,0,YYZ,YVR,438,AC,1,,0,1,1,5,2026-02-06,Economy,2026-01-30
08:00,10:00,0,YYZ,YVR,438,AC,1,,0,1,1,5,2026-02-06,Economy,2026-01-30
16:40,18:57,0,YYZ,YVR,438,AC,1,,0,1,1,5,2026-02-06,Economy,2026-01-30
22:15,00:38,1,YYZ,YVR,320,WS,1,,0,1,1,6,2026-02-07,Economy,2026-01-30
06:30,16:48,0,YYZ,YVR,320,WS(Encore),1,"YYC, YEG",2,1,1,6,2026-02-07,Economy,2026-01-30
18:30,22:38,0,YYZ,YVR,320,WS,1,YEG,1,1,1,6,2026-02-07,Economy,2026-01-30
12:50,15:10,0,YYZ,YVR,323,"PD, TS",2,,0,1,1,6,2026-02-07,Economy,2026-01-30
19:25,21:47,0,YYZ,YVR,323,"PD, TS",2,,0,1,1,6,2026-02-07,Economy,2026-01-30
09:00,11:07,0,YYZ,YVR,361,AC,1,,0,1,1,6,2026-02-07,Economy,2026-01-30
07:00,09:15,0,YYZ,YVR,361,AC,1,,0,1,1,6,2026-02-07,Economy,2026-01-30
08:00,10:00,0,YYZ,YVR,361,AC,1,,0,1,1,6,2026-02-07,Economy,2026-01-30
10:00,14:23,0,YYZ,YVR,361,AC(Jazz),1,YEG,1,1,1,6,2026-02-07,Economy,2026-01-30
12:30,14:47,0,YYZ,YVR,361,AC,1,,0,1,1,6,2026-02-07,Economy,2026-01-30
07:15,09:42,0,YYZ,YVR,320,WS,1,,0,1,1,7,2026-02-08,Economy,2026-01-30
17:55,20:02,0,YYZ,YVR,361,AC,1,,0,1,1,7,2026-02-08,Economy,2026-01-30
18:45,20:52,0,YYZ,YVR,361,AC,1,,0,1,1,7,2026-02-08,Economy,2026-01-30
20:20,22:20,0,YYZ,YVR,361,AC,1,,0,1,1,7,2026-02-08,Economy,2026-01-30
07:00,09:15,0,YYZ,YVR,361,AC,1,,0,1,1,7,2026-02-08,Economy,2026-01-30
08:00,10:00,0,YYZ,YVR,361,AC,1,,0,1,1,7,2026-02-08,Economy,2026-01-30
22:35,00:50,1,YYZ,YVR,361,AC,1,,0,1,1,7,2026-02-08,Economy,2026-01-30
09:00,11:07,0,YYZ,YVR,390,AC,1,,0,1,1,7,2026-02-08,Economy,2026-01-30
12:50,15:10,0,YYZ,YVR,433,"PD, TS",2,,0,1,1,7,2026-02-08,Economy,2026-01-30
09:10,11:30,0,YYZ,YVR,1065,"PD, TS",2,,0,1,2,1,2026-02-02,Economy(Premium),2026-01-30
12:50,15:10,0,YYZ,YVR,1065,"PD, TS",2,,0,1,2,1,2026-02-02,Economy(Premium),2026-01-30
18:45,21:07,0,YYZ,YVR,1065,"PD, TS",2,,0,1,2,1,2026-02-02,Economy(Premium),2026-01-30
08:00,10:00,0,YYZ,YVR,1446,AC,1,,0,1,2,1,2026-02-02,Economy(Premium),2026-01-30
17:55,20:02,0,YYZ,YVR,1446,AC,1,,0,1,2,1,2026-02-02,Economy(Premium),2026-01-30
18:45,20:52,0,YYZ,YVR,1446,AC,1,,0,1,2,1,2026-02-02,Economy(Premium),2026-01-30
20:20,22:20,0,YYZ,YVR,1446,AC,1,,0,1,2,1,2026-02-02,Economy(Premium),2026-01-30
12:30,20:00,0,YTZ,YVR,1484,AC(Jazz),1,YOW,1,1,2,1,2026-02-02,Economy(Premium),2026-01-30
09:00,11:07,0,YYZ,YVR,1710,AC,1,,0,1,2,1,2026-02-02,Economy(Premium),2026-01-30
22:15,00:38,1,YYZ,YVR,1729,WS,1,,0,1,2,1,2026-02-02,Economy(Premium),2026-01-30
18:30,22:40,0,YYZ,YVR,617,WS,1,YYC,1,1,2,2,2026-02-03,Economy(Premium),2026-01-30
22:15,00:38,1,YYZ,YVR,617,WS,1,,0,1,2,2,2026-02-03,Economy(Premium),2026-01-30
09:10,11:30,0,YYZ,YVR,619,"PD, TS",2,,0,1,2,2,2026-02-03,Economy(Premium),2026-01-30
12:50,15:10,0,YYZ,YVR,619,"PD, TS",2,,0,1,2,2,2026-02-03,Economy(Premium),2026-01-30
18:45,21:07,0,YYZ,YVR,619,"PD, TS",2,,0,1,2,2,2026-02-03,Economy(Premium),2026-01-30
08:00,10:00,0,YYZ,YVR,1446,AC,1,,0,1,2,2,2026-02-03,Economy(Premium),2026-01-30
09:00,11:07,0,YYZ,YVR,1446,AC,1,,0,1,2,2,2026-02-03,Economy(Premium),2026-01-30
10:00,12:07,0,YYZ,YVR,1446,AC,1,,0,1,2,2,2026-02-03,Economy(Premium),2026-01-30
17:55,20:02,0,YYZ,YVR,1446,AC,1,,0,1,2,2,2026-02-03,Economy(Premium),2026-01-30
18:45,20:52,0,YYZ,YVR,1446,AC,1,,0,1,2,2,2026-02-03,Economy(Premium),2026-01-30
20:20,22:20,0,YYZ,YVR,1446,AC,1,,0,1,2,2,2026-02-03,Economy(Premium),2026-01-30
12:30,20:00,0,YTZ,YVR,1484,AC(Jazz),1,YOW,1,1,2,2,2026-02-03,Economy(Premium),2026-01-30
18:30,22:40,0,YYZ,YVR,617,WS,1,YYC,1,1,2,3,2026-02-04,Economy(Premium),2026-01-30
22:15,00:38,1,YYZ,YVR,617,WS,1,,0,1,2,3,2026-02-04,Economy(Premium),2026-01-30
18:30,22:38,0,YYZ,YVR,867,WS,1,YEG,1,1,0,3,2026-02-04,Economy(Premium),2026-01-30
12:50,15:10,0,YYZ,YVR,904,"PD, TS",2,,0,1,2,3,2026-02-04,Economy(Premium),2026-01-30
18:45,21:07,0,YYZ,YVR,1264,"PD, TS",2,,0,1,2,3,2026-02-04,Economy(Premium),2026-01-30
16:25,22:31,0,YTZ,YVR,1438,AC(Jazz),1,YUL,1,1,2,3,2026-02-04,Economy(Premium),2026-01-30
08:00,10:00,0,YYZ,YVR,1446,AC,1,,0,1,2,3,2026-02-04,Economy(Premium),2026-01-30
09:00,11:07,0,YYZ,YVR,1446,AC,1,,0,1,2,3,2026-02-04,Economy(Premium),2026-01-30
18:45,20:52,0,YYZ,YVR,1446,AC,1,,0,1,2,3,2026-02-04,Economy(Premium),2026-01-30
19:20,21:27,0,YYZ,YVR,1446,AC,1,,0,1,2,3,2026-02-04,Economy(Premium),2026-01-30
20:20,22:20,0,YYZ,YVR,1446,AC,1,,0,1,2,3,2026-02-04,Economy(Premium),2026-01-30
07:15,09:42,0,YYZ,YVR,617,WS,1,,0,1,2,4,2026-02-05,Economy(Premium),2026-01-30
16:00,22:38,0,YYZ,YVR,617,WS,1,"YYC, YEG",2,1,2,4,2026-02-05,Economy(Premium),2026-01-30
16:00,22:40,0,YYZ,YVR,617,WS,1,YYC,1,1,2,4,2026-02-05,Economy(Premium),2026-01-30
22:15,00:38,1,YYZ,YVR,617,WS,1,,0,1,2,4,2026-02-05,Economy(Premium),2026-01-30
09:10,11:30,0,YYZ,YVR,619,"PD, TS",2,,0,1,2,4,2026-02-05,Economy(Premium),2026-01-30
12:50,15:10,0,YYZ,YVR,619,"PD, TS",2,,0,1,2,4,2026-02-05,Economy(Premium),2026-01-30
20:15,22:37,0,YYZ,YVR,619,"PD, TS",2,,0,1,2,4,2026-02-05,Economy(Premium),2026-01-30
08:00,10:00,0,YYZ,YVR,1446,AC,1,,0,1,2,4,2026-02-05,Economy(Premium),2026-01-30
20:30,10:15,1,YTZ,YVR,1491,AC(Jazz),1,YUL,1,1,2,4,2026-02-05,Economy(Premium),2026-01-30
09:00,11:07,0,YYZ,YVR,1710,AC,1,,0,1,2,4,2026-02-05,Economy(Premium),2026-01-30
17:55,20:02,0,YYZ,YVR,1710,AC,1,,0,1,2,4,2026-02-05,Economy(Premium),2026-01-30
18:45,20:52,0,YYZ,YVR,1710,AC,1,,0,1,2,4,2026-02-05,Economy(Premium),2026-01-30
20:20,22:20,0,YYZ,YVR,1710,AC,1,,0,1,2,4,2026-02-05,Economy(Premium),2026-01-30
22:15,00:38,1,YYZ,YVR,617,WS,1,,0,1,2,5,2026-02-06,Economy(Premium),2026-01-30
17:00,22:38,0,YYZ,YVR,617,WS,1,"YYC, YEG",2,1,2,5,2026-02-06,Economy(Premium),2026-01-30
09:10,11:30,0,YYZ,YVR,619,"PD, TS",2,,0,1,2,5,2026-02-06,Economy(Premium),2026-01-30
12:50,15:10,0,YYZ,YVR,619,"PD, TS",2,,0,1,2,5,2026-02-06,Economy(Premium),2026-01-30
18:45,21:07,0,YYZ,YVR,619,"PD, TS",2,,0,1,2,5,2026-02-06,Economy(Premium),2026-01-30
08:00,10:00,0,YYZ,YVR,1446,AC,1,,0,1,2,5,2026-02-06,Economy(Premium),2026-01-30
09:00,11:07,0,YYZ,YVR,1446,AC,1,,0,1,2,5,2026-02-06,Economy(Premium),2026-01-30
18:40,20:47,0,YYZ,YVR,1446,AC,1,,0,1,2,5,2026-02-06,Economy(Premium),2026-01-30
20:20,22:20,0,YYZ,YVR,1446,AC,1,,0,1,2,5,2026-02-06,Economy(Premium),2026-01-30
12:30,20:00,0,YTZ,YVR,1484,AC(Jazz),1,YOW,1,1,2,5,2026-02-06,Economy(Premium),2026-01-30
17:55,20:02,0,YYZ,YVR,1710,AC,1,,0,1,2,5,2026-02-06,Economy(Premium),2026-01-30
07:15,09:42,0,YYZ,YVR,1729,WS,1,,0,1,2,5,2026-02-06,Economy(Premium),2026-01-30
19:25,21:47,0,YYZ,YVR,397,"PD, TS",2,,0,1,2,6,2026-02-07,Economy(Premium),2026-01-30
09:10,11:30,0,YYZ,YVR,456,"PD, TS",2,,0,1,2,6,2026-02-07,Economy(Premium),2026-01-30
12:50,15:10,0,YYZ,YVR,530,"PD, TS",2,,0,1,2,6,2026-02-07,Economy(Premium),2026-01-30
22:15,00:38,1,YYZ,YVR,602,WS,1,,0,1,2,6,2026-02-07,Economy(Premium),2026-01-30
18:45,21:08,0,YYZ,YVR,1189,WS,1,,0,1,2,6,2026-02-07,Economy(Premium),2026-01-30
08:00,10:00,0,YYZ,YVR,1446,AC,1,,0,1,2,6,2026-02-07,Economy(Premium),2026-01-30
09:00,11:07,0,YYZ,YVR,1446,AC,1,,0,1,2,6,2026-02-07,Economy(Premium),2026-01-30
17:55,20:02,0,YYZ,YVR,1446,AC,1,,0,1,2,6,2026-02-07,Economy(Premium),2026-01-30
18:45,20:52,0,YYZ,YVR,1446,AC,1,,0,1,2,6,2026-02-07,Economy(Premium),2026-01-30
20:20,22:20,0,YYZ,YVR,1446,AC,1,,0,1,2,6,2026-02-07,Economy(Premium),2026-01-30
12:30,20:50,0,YTZ,YVR,1491,AC(Jazz),1,YUL,1,1,2,6,2026-02-07,Economy(Premium),2026-01-30
09:10,11:30,0,YYZ,YVR,497,"PD, TS",2,,0,1,2,7,2026-02-08,Economy(Premium),2026-01-30
12:50,15:10,0,YYZ,YVR,530,"PD, TS",2,,0,1,2,7,2026-02-08,Economy(Premium),2026-01-30
20:15,22:37,0,YYZ,YVR,530,"PD, TS",2,,0,1,2,7,2026-02-08,Economy(Premium),2026-01-30
07:15,09:42,0,YYZ,YVR,602,WS,1,,0,1,2,7,2026-02-08,Economy(Premium),2026-01-30
22:15,00:38,1,YYZ,YVR,1189,WS,1,,0,1,2,7,2026-02-08,Economy(Premium),2026-01-30
08:00,10:00,0,YYZ,YVR,1446,AC,1,,0,1,2,7,2026-02-08,Economy(Premium),2026-01-30
17:55,20:02,0,YYZ,YVR,1446,AC,1,,0,1,2,7,2026-02-08,Economy(Premium),2026-01-30
18:45,20:52,0,YYZ,YVR,1446,AC,1,,0,1,2,7,2026-02-08,Economy(Premium),2026-01-30
20:20,22:20,0,YYZ,YVR,1446,AC,1,,0,1,2,7,2026-02-08,Economy(Premium),2026-01-30
12:30,20:50,0,YTZ,YVR,1491,AC(Jazz),1,YUL,1,1,2,7,2026-02-08,Economy(Premium),2026-01-30
09:00,11:07,0,YYZ,YVR,1710,AC,1,,0,1,2,7,2026-02-08,Economy(Premium),2026-01-30
departure time,arrival time,date change,departure airport,arrival airport,price,airline,distinct airline count,stop airport,stop count,carry on bag,checked bag,day,date,class,scrape_date
17:55,20:02,0,YYZ,YVR,811,AC,1,,0,1,0,1,2026-02-02,Economy(Basic),2026-01-30
18:45,21:07,0,YYZ,YVR,811,"PD, TS",2,,0,1,0,1,2026-02-02,Economy(Basic),2026-01-30
22:15,00:38,1,YYZ,YVR,811,WS,1,,0,1,0,1,2026-02-02,Economy(Basic),2026-01-30
18:45,20:52,0,YYZ,YVR,811,AC,1,,0,1,0,1,2026-02-02,Economy(Basic),2026-01-30
20:20,22:20,0,YYZ,YVR,811,AC,1,,0,1,0,1,2026-02-02,Economy(Basic),2026-01-30
22:35,00:50,1,YYZ,YVR,811,AC,1,,0,1,0,1,2026-02-02,Economy(Basic),2026-01-30
23:10,10:15,1,YYZ,YVR,868,AC,1,YUL,1,1,0,1,2026-02-02,Economy(Basic),2026-01-30
22:50,07:13,1,YYZ,YVR,1082,WS,1,YWG,1,1,1,1,2026-02-02,Economy(Basic),2026-01-30
18:45,09:58,1,YTZ,YVR,1217,AC(Jazz),1,YOW,1,1,0,1,2026-02-02,Economy(Basic),2026-01-30
09:45,12:10,0,YYZ,YVR,563,F8,1,,0,0,0,2,2026-02-03,Economy(Basic),2026-01-30
10:45,16:11,0,YTZ,YVR,803,AC(Jazz),1,YUL,1,1,0,2,2026-02-03,Economy(Basic),2026-01-30
09:00,11:07,0,YYZ,YVR,811,AC,1,,0,1,0,2,2026-02-03,Economy(Basic),2026-01-30
09:10,11:30,0,YYZ,YVR,811,"PD, TS",2,,0,1,0,2,2026-02-03,Economy(Basic),2026-01-30
07:00,09:15,0,YYZ,YVR,811,AC,1,,0,1,0,2,2026-02-03,Economy(Basic),2026-01-30
07:15,09:42,0,YYZ,YVR,811,WS,1,,0,1,0,2,2026-02-03,Economy(Basic),2026-01-30
08:00,10:00,0,YYZ,YVR,811,AC,1,,0,1,0,2,2026-02-03,Economy(Basic),2026-01-30
10:00,12:07,0,YYZ,YVR,811,AC,1,,0,1,0,2,2026-02-03,Economy(Basic),2026-01-30
12:30,14:47,0,YYZ,YVR,811,AC,1,,0,1,0,2,2026-02-03,Economy(Basic),2026-01-30
12:50,15:10,0,YYZ,YVR,811,"PD, TS",2,,0,1,0,2,2026-02-03,Economy(Basic),2026-01-30
14:10,16:27,0,YYZ,YVR,811,AC,1,,0,1,0,2,2026-02-03,Economy(Basic),2026-01-30
16:40,18:57,0,YYZ,YVR,811,AC,1,,0,1,0,2,2026-02-03,Economy(Basic),2026-01-30
17:55,20:02,0,YYZ,YVR,811,AC,1,,0,1,0,2,2026-02-03,Economy(Basic),2026-01-30
18:45,20:52,0,YYZ,YVR,811,AC,1,,0,1,0,2,2026-02-03,Economy(Basic),2026-01-30
18:45,21:07,0,YYZ,YVR,811,"PD, TS",2,,0,1,0,2,2026-02-03,Economy(Basic),2026-01-30
18:45,21:08,0,YYZ,YVR,811,WS,1,,0,1,0,2,2026-02-03,Economy(Basic),2026-01-30
20:20,22:20,0,YYZ,YVR,811,AC,1,,0,1,0,2,2026-02-03,Economy(Basic),2026-01-30
22:15,00:38,1,YYZ,YVR,811,WS,1,,0,1,0,2,2026-02-03,Economy(Basic),2026-01-30
22:35,00:50,1,YYZ,YVR,811,AC,1,,0,1,0,2,2026-02-03,Economy(Basic),2026-01-30
09:45,12:10,0,YYZ,YVR,452,F8,1,,0,0,0,3,2026-02-04,Economy(Basic),2026-01-30
17:30,22:31,0,YTZ,YVR,803,AC(Jazz),1,YUL,1,1,0,3,2026-02-04,Economy(Basic),2026-01-30
09:00,11:07,0,YYZ,YVR,811,AC,1,,0,1,0,3,2026-02-04,Economy(Basic),2026-01-30
12:50,15:10,0,YYZ,YVR,811,"PD, TS",2,,0,1,0,3,2026-02-04,Economy(Basic),2026-01-30
18:45,21:08,0,YYZ,YVR,811,WS,1,,0,1,0,3,2026-02-04,Economy(Basic),2026-01-30
07:00,09:15,0,YYZ,YVR,811,AC,1,,0,1,0,3,2026-02-04,Economy(Basic),2026-01-30
07:15,09:42,0,YYZ,YVR,811,WS,1,,0,1,0,3,2026-02-04,Economy(Basic),2026-01-30
08:00,10:00,0,YYZ,YVR,811,AC,1,,0,1,0,3,2026-02-04,Economy(Basic),2026-01-30
10:00,12:15,0,YYZ,YVR,811,AC,1,,0,1,0,3,2026-02-04,Economy(Basic),2026-01-30
12:40,14:55,0,YYZ,YVR,811,AC,1,,0,1,0,3,2026-02-04,Economy(Basic),2026-01-30
14:10,16:27,0,YYZ,YVR,811,AC,1,,0,1,0,3,2026-02-04,Economy(Basic),2026-01-30
16:40,18:57,0,YYZ,YVR,811,AC,1,,0,1,0,3,2026-02-04,Economy(Basic),2026-01-30
18:45,20:52,0,YYZ,YVR,811,AC,1,,0,1,0,3,2026-02-04,Economy(Basic),2026-01-30
18:45,21:07,0,YYZ,YVR,811,"PD, TS",2,,0,1,0,3,2026-02-04,Economy(Basic),2026-01-30
19:20,21:27,0,YYZ,YVR,811,AC,1,,0,1,0,3,2026-02-04,Economy(Basic),2026-01-30
20:20,22:20,0,YYZ,YVR,811,AC,1,,0,1,0,3,2026-02-04,Economy(Basic),2026-01-30
22:15,00:38,1,YYZ,YVR,811,WS,1,,0,1,0,3,2026-02-04,Economy(Basic),2026-01-30
22:35,00:50,1,YYZ,YVR,811,AC,1,,0,1,0,3,2026-02-04,Economy(Basic),2026-01-30
07:15,09:42,0,YYZ,YVR,226,WS,1,,0,0,0,4,2026-02-05,Economy(Basic),2026-01-30
18:30,22:38,0,YYZ,YVR,226,WS,1,YEG,1,0,0,4,2026-02-05,Economy(Basic),2026-01-30
07:55,10:20,0,YYZ,YVR,241,F8,1,,0,0,0,4,2026-02-05,Economy(Basic),2026-01-30
09:00,11:07,0,YYZ,YVR,314,AC,1,,0,0,0,4,2026-02-05,Economy(Basic),2026-01-30
12:50,15:10,0,YYZ,YVR,314,"PD, TS",2,,0,0,0,4,2026-02-05,Economy(Basic),2026-01-30
07:00,09:15,0,YYZ,YVR,314,AC,1,,0,0,0,4,2026-02-05,Economy(Basic),2026-01-30
08:00,10:00,0,YYZ,YVR,314,AC,1,,0,0,0,4,2026-02-05,Economy(Basic),2026-01-30
14:10,16:27,0,YYZ,YVR,314,AC,1,,0,0,0,4,2026-02-05,Economy(Basic),2026-01-30
16:40,18:57,0,YYZ,YVR,314,AC,1,,0,0,0,4,2026-02-05,Economy(Basic),2026-01-30
17:55,20:02,0,YYZ,YVR,314,AC,1,,0,0,0,4,2026-02-05,Economy(Basic),2026-01-30
18:45,20:52,0,YYZ,YVR,314,AC,1,,0,0,0,4,2026-02-05,Economy(Basic),2026-01-30
20:15,22:37,0,YYZ,YVR,314,"PD, TS",2,,0,0,0,4,2026-02-05,Economy(Basic),2026-01-30
22:35,00:50,1,YYZ,YVR,314,AC,1,,0,0,0,4,2026-02-05,Economy(Basic),2026-01-30
10:45,16:11,0,YTZ,YVR,364,AC(Jazz),1,YUL,1,1,0,4,2026-02-05,Economy(Basic),2026-01-30
09:10,11:30,0,YYZ,YVR,446,"PD, TS",2,,0,0,0,4,2026-02-05,Economy(Basic),2026-01-30
10:00,12:15,0,YYZ,YVR,811,AC,1,,0,1,0,4,2026-02-05,Economy(Basic),2026-01-30
12:30,14:47,0,YYZ,YVR,811,AC,1,,0,1,0,4,2026-02-05,Economy(Basic),2026-01-30
12:30,14:53,0,YYZ,YVR,811,WS,1,,0,1,0,4,2026-02-05,Economy(Basic),2026-01-30
18:45,21:08,0,YYZ,YVR,811,WS,1,,0,1,0,4,2026-02-05,Economy(Basic),2026-01-30
20:20,22:20,0,YYZ,YVR,811,AC,1,,0,1,0,4,2026-02-05,Economy(Basic),2026-01-30
22:15,00:38,1,YYZ,YVR,811,WS,1,,0,1,0,4,2026-02-05,Economy(Basic),2026-01-30
09:45,12:10,0,YYZ,YVR,221,F8,1,,0,0,0,5,2026-02-06,Economy(Basic),2026-01-30
07:55,10:20,0,YYZ,YVR,221,F8,1,,0,0,0,5,2026-02-06,Economy(Basic),2026-01-30
22:15,00:38,1,YYZ,YVR,226,WS,1,,0,0,0,5,2026-02-06,Economy(Basic),2026-01-30
18:30,22:38,0,YYZ,YVR,226,WS,1,YEG,1,0,0,5,2026-02-06,Economy(Basic),2026-01-30
09:00,11:07,0,YYZ,YVR,314,AC,1,,0,0,0,5,2026-02-06,Economy(Basic),2026-01-30
09:10,11:30,0,YYZ,YVR,314,"PD, TS",2,,0,0,0,5,2026-02-06,Economy(Basic),2026-01-30
07:00,09:15,0,YYZ,YVR,314,AC,1,,0,0,0,5,2026-02-06,Economy(Basic),2026-01-30
08:00,10:00,0,YYZ,YVR,314,AC,1,,0,0,0,5,2026-02-06,Economy(Basic),2026-01-30
17:55,20:02,0,YYZ,YVR,314,AC,1,,0,0,0,5,2026-02-06,Economy(Basic),2026-01-30
18:40,20:47,0,YYZ,YVR,314,AC,1,,0,0,0,5,2026-02-06,Economy(Basic),2026-01-30
18:45,21:07,0,YYZ,YVR,314,"PD, TS",2,,0,0,0,5,2026-02-06,Economy(Basic),2026-01-30
20:20,22:20,0,YYZ,YVR,314,AC,1,,0,0,0,5,2026-02-06,Economy(Basic),2026-01-30
22:35,00:50,1,YYZ,YVR,314,AC,1,,0,0,0,5,2026-02-06,Economy(Basic),2026-01-30
10:45,16:11,0,YTZ,YVR,364,AC(Jazz),1,YUL,1,1,0,5,2026-02-06,Economy(Basic),2026-01-30
12:50,15:10,0,YYZ,YVR,446,"PD, TS",2,,0,0,0,5,2026-02-06,Economy(Basic),2026-01-30
07:15,09:42,0,YYZ,YVR,811,WS,1,,0,1,0,5,2026-02-06,Economy(Basic),2026-01-30
12:30,14:47,0,YYZ,YVR,811,AC,1,,0,1,0,5,2026-02-06,Economy(Basic),2026-01-30
14:10,16:27,0,YYZ,YVR,811,AC,1,,0,1,0,5,2026-02-06,Economy(Basic),2026-01-30
16:40,18:57,0,YYZ,YVR,811,AC,1,,0,1,0,5,2026-02-06,Economy(Basic),2026-01-30
18:45,21:08,0,YYZ,YVR,811,WS,1,,0,1,0,5,2026-02-06,Economy(Basic),2026-01-30
12:30,14:53,0,YYZ,YVR,1232,WS,1,,0,1,1,5,2026-02-06,Economy(Basic),2026-01-30
10:00,12:15,0,YYZ,YVR,2388,AC,1,,0,1,2,5,2026-02-06,Economy(Basic),2026-01-30
22:15,00:38,1,YYZ,YVR,226,WS,1,,0,0,0,6,2026-02-07,Economy(Basic),2026-01-30
06:30,16:48,0,YYZ,YVR,226,WS(Encore),1,"YYC, YEG",2,0,0,6,2026-02-07,Economy(Basic),2026-01-30
18:30,22:38,0,YYZ,YVR,226,WS,1,YEG,1,0,0,6,2026-02-07,Economy(Basic),2026-01-30
07:55,10:20,0,YYZ,YVR,241,F8,1,,0,0,0,6,2026-02-07,Economy(Basic),2026-01-30
09:00,11:07,0,YYZ,YVR,314,AC,1,,0,0,0,6,2026-02-07,Economy(Basic),2026-01-30
12:50,15:10,0,YYZ,YVR,314,"PD, TS",2,,0,0,0,6,2026-02-07,Economy(Basic),2026-01-30
07:00,09:15,0,YYZ,YVR,314,AC,1,,0,0,0,6,2026-02-07,Economy(Basic),2026-01-30
08:00,10:00,0,YYZ,YVR,314,AC,1,,0,0,0,6,2026-02-07,Economy(Basic),2026-01-30
09:10,11:30,0,YYZ,YVR,314,"PD, TS",2,,0,0,0,6,2026-02-07,Economy(Basic),2026-01-30
10:00,12:15,0,YYZ,YVR,314,AC,1,,0,0,0,6,2026-02-07,Economy(Basic),2026-01-30
12:30,14:47,0,YYZ,YVR,314,AC,1,,0,0,0,6,2026-02-07,Economy(Basic),2026-01-30
14:10,16:27,0,YYZ,YVR,314,AC,1,,0,0,0,6,2026-02-07,Economy(Basic),2026-01-30
16:40,18:57,0,YYZ,YVR,314,AC,1,,0,0,0,6,2026-02-07,Economy(Basic),2026-01-30
17:55,20:02,0,YYZ,YVR,314,AC,1,,0,0,0,6,2026-02-07,Economy(Basic),2026-01-30
18:45,20:52,0,YYZ,YVR,314,AC,1,,0,0,0,6,2026-02-07,Economy(Basic),2026-01-30
19:25,21:47,0,YYZ,YVR,314,"PD, TS",2,,0,0,0,6,2026-02-07,Economy(Basic),2026-01-30
20:20,22:20,0,YYZ,YVR,314,AC,1,,0,0,0,6,2026-02-07,Economy(Basic),2026-01-30
22:35,00:50,1,YYZ,YVR,314,AC,1,,0,0,0,6,2026-02-07,Economy(Basic),2026-01-30
12:30,20:00,0,YTZ,YVR,409,AC(Jazz),1,YOW,1,1,0,6,2026-02-07,Economy(Basic),2026-01-30
12:30,14:53,0,YYZ,YVR,811,WS,1,,0,1,0,6,2026-02-07,Economy(Basic),2026-01-30
18:45,21:08,0,YYZ,YVR,811,WS,1,,0,1,0,6,2026-02-07,Economy(Basic),2026-01-30
07:55,10:20,0,YYZ,YVR,180,F8,1,,0,0,0,7,2026-02-08,Economy(Basic),2026-01-30
21:00,23:25,0,YYZ,YVR,180,F8,1,,0,0,0,7,2026-02-08,Economy(Basic),2026-01-30
09:45,12:10,0,YYZ,YVR,221,F8,1,,0,0,0,7,2026-02-08,Economy(Basic),2026-01-30
22:15,00:38,1,YYZ,YVR,226,WS,1,,0,0,0,7,2026-02-08,Economy(Basic),2026-01-30
16:40,18:57,0,YYZ,YVR,314,AC,1,,0,0,0,7,2026-02-08,Economy(Basic),2026-01-30
07:00,09:15,0,YYZ,YVR,314,AC,1,,0,0,0,7,2026-02-08,Economy(Basic),2026-01-30
08:00,10:00,0,YYZ,YVR,314,AC,1,,0,0,0,7,2026-02-08,Economy(Basic),2026-01-30
09:00,11:07,0,YYZ,YVR,314,AC,1,,0,0,0,7,2026-02-08,Economy(Basic),2026-01-30
10:00,12:15,0,YYZ,YVR,314,AC,1,,0,0,0,7,2026-02-08,Economy(Basic),2026-01-30
17:55,20:02,0,YYZ,YVR,314,AC,1,,0,0,0,7,2026-02-08,Economy(Basic),2026-01-30
18:45,20:52,0,YYZ,YVR,314,AC,1,,0,0,0,7,2026-02-08,Economy(Basic),2026-01-30
20:20,22:20,0,YYZ,YVR,314,AC,1,,0,0,0,7,2026-02-08,Economy(Basic),2026-01-30
22:35,00:50,1,YYZ,YVR,314,AC,1,,0,0,0,7,2026-02-08,Economy(Basic),2026-01-30
12:30,20:50,0,YTZ,YVR,416,AC(Jazz),1,YUL,1,1,0,7,2026-02-08,Economy(Basic),2026-01-30
09:10,11:30,0,YYZ,YVR,446,"PD, TS",2,,0,0,0,7,2026-02-08,Economy(Basic),2026-01-30
20:15,22:37,0,YYZ,YVR,446,"PD, TS",2,,0,0,0,7,2026-02-08,Economy(Basic),2026-01-30
12:50,15:10,0,YYZ,YVR,525,"PD, TS",2,,0,1,0,7,2026-02-08,Economy(Basic),2026-01-30
07:15,09:42,0,YYZ,YVR,811,WS,1,,0,1,0,7,2026-02-08,Economy(Basic),2026-01-30
12:30,14:47,0,YYZ,YVR,811,AC,1,,0,1,0,7,2026-02-08,Economy(Basic),2026-01-30
12:30,14:53,0,YYZ,YVR,811,WS,1,,0,1,0,7,2026-02-08,Economy(Basic),2026-01-30
14:10,16:27,0,YYZ,YVR,811,AC,1,,0,1,0,7,2026-02-08,Economy(Basic),2026-01-30
18:45,21:08,0,YYZ,YVR,811,WS,1,,0,1,0,7,2026-02-08,Economy(Basic),2026-01-30
18:45,21:07,0,YYZ,YVR,879,"PD, TS",2,,0,1,1,1,2026-02-02,Economy,2026-01-30
22:15,00:38,1,YYZ,YVR,890,WS,1,,0,1,1,1,2026-02-02,Economy,2026-01-30
17:55,20:02,0,YYZ,YVR,902,AC,1,,0,1,1,1,2026-02-02,Economy,2026-01-30
18:45,20:52,0,YYZ,YVR,902,AC,1,,0,1,1,1,2026-02-02,Economy,2026-01-30
09:10,11:30,0,YYZ,YVR,879,"PD, TS",2,,0,1,1,2,2026-02-03,Economy,2026-01-30
12:50,15:10,0,YYZ,YVR,879,"PD, TS",2,,0,1,1,2,2026-02-03,Economy,2026-01-30
18:45,21:07,0,YYZ,YVR,879,"PD, TS",2,,0,1,1,2,2026-02-03,Economy,2026-01-30
07:15,09:42,0,YYZ,YVR,890,WS,1,,0,1,1,2,2026-02-03,Economy,2026-01-30
18:45,21:08,0,YYZ,YVR,890,WS,1,,0,1,1,2,2026-02-03,Economy,2026-01-30
22:15,00:38,1,YYZ,YVR,890,WS,1,,0,1,1,2,2026-02-03,Economy,2026-01-30
10:45,16:11,0,YTZ,YVR,894,AC(Jazz),1,YUL,1,1,1,2,2026-02-03,Economy,2026-01-30
09:00,11:07,0,YYZ,YVR,902,AC,1,,0,1,1,2,2026-02-03,Economy,2026-01-30
07:00,09:15,0,YYZ,YVR,902,AC,1,,0,1,1,2,2026-02-03,Economy,2026-01-30
12:50,15:10,0,YYZ,YVR,879,"PD, TS",2,,0,1,1,3,2026-02-04,Economy,2026-01-30
18:45,21:07,0,YYZ,YVR,879,"PD, TS",2,,0,1,1,3,2026-02-04,Economy,2026-01-30
18:45,21:08,0,YYZ,YVR,890,WS,1,,0,1,1,3,2026-02-04,Economy,2026-01-30
07:15,09:42,0,YYZ,YVR,890,WS,1,,0,1,1,3,2026-02-04,Economy,2026-01-30
22:15,00:38,1,YYZ,YVR,890,WS,1,,0,1,1,3,2026-02-04,Economy,2026-01-30
17:30,22:31,0,YTZ,YVR,894,AC(Jazz),1,YUL,1,1,1,3,2026-02-04,Economy,2026-01-30
10:00,12:15,0,YYZ,YVR,902,AC,1,,0,1,1,3,2026-02-04,Economy,2026-01-30
07:00,09:15,0,YYZ,YVR,902,AC,1,,0,1,1,3,2026-02-04,Economy,2026-01-30
07:15,09:42,0,YYZ,YVR,341,WS,1,,0,1,1,4,2026-02-05,Economy,2026-01-30
22:15,00:38,1,YYZ,YVR,341,WS,1,,0,1,1,4,2026-02-05,Economy,2026-01-30
18:30,22:38,0,YYZ,YVR,341,WS,1,YEG,1,1,1,4,2026-02-05,Economy,2026-01-30
12:50,15:10,0,YYZ,YVR,433,"PD, TS",2,,0,1,1,4,2026-02-05,Economy,2026-01-30
20:15,22:37,0,YYZ,YVR,433,"PD, TS",2,,0,1,1,4,2026-02-05,Economy,2026-01-30
17:55,20:02,0,YYZ,YVR,438,AC,1,,0,1,1,4,2026-02-05,Economy,2026-01-30
07:00,09:15,0,YYZ,YVR,438,AC,1,,0,1,1,4,2026-02-05,Economy,2026-01-30
08:00,10:00,0,YYZ,YVR,438,AC,1,,0,1,1,4,2026-02-05,Economy,2026-01-30
09:00,11:07,0,YYZ,YVR,438,AC,1,,0,1,1,4,2026-02-05,Economy,2026-01-30
14:10,16:27,0,YYZ,YVR,438,AC,1,,0,1,1,4,2026-02-05,Economy,2026-01-30
22:15,00:38,1,YYZ,YVR,341,WS,1,,0,1,1,5,2026-02-06,Economy,2026-01-30
06:30,10:43,0,YYZ,YVR,341,WS,1,YYC,1,1,1,5,2026-02-06,Economy,2026-01-30
18:30,22:38,0,YYZ,YVR,341,WS,1,YEG,1,1,1,5,2026-02-06,Economy,2026-01-30
09:10,11:30,0,YYZ,YVR,433,"PD, TS",2,,0,1,1,5,2026-02-06,Economy,2026-01-30
18:45,21:07,0,YYZ,YVR,433,"PD, TS",2,,0,1,1,5,2026-02-06,Economy,2026-01-30
09:00,11:07,0,YYZ,YVR,438,AC,1,,0,1,1,5,2026-02-06,Economy,2026-01-30
07:00,09:15,0,YYZ,YVR,438,AC,1,,0,1,1,5,2026-02-06,Economy,2026-01-30
08:00,10:00,0,YYZ,YVR,438,AC,1,,0,1,1,5,2026-02-06,Economy,2026-01-30
17:55,20:02,0,YYZ,YVR,438,AC,1,,0,1,1,5,2026-02-06,Economy,2026-01-30
18:40,20:47,0,YYZ,YVR,438,AC,1,,0,1,1,5,2026-02-06,Economy,2026-01-30
20:20,22:20,0,YYZ,YVR,438,AC,1,,0,1,1,5,2026-02-06,Economy,2026-01-30
22:15,00:38,1,YYZ,YVR,341,WS,1,,0,1,1,6,2026-02-07,Economy,2026-01-30
06:30,16:48,0,YYZ,YVR,341,WS(Encore),1,"YYC, YEG",2,1,1,6,2026-02-07,Economy,2026-01-30
18:30,22:38,0,YYZ,YVR,341,WS,1,YEG,1,1,1,6,2026-02-07,Economy,2026-01-30
12:50,15:10,0,YYZ,YVR,433,"PD, TS",2,,0,1,1,6,2026-02-07,Economy,2026-01-30
09:10,11:30,0,YYZ,YVR,433,"PD, TS",2,,0,1,1,6,2026-02-07,Economy,2026-01-30
19:25,21:47,0,YYZ,YVR,433,"PD, TS",2,,0,1,1,6,2026-02-07,Economy,2026-01-30
10:00,12:15,0,YYZ,YVR,438,AC,1,,0,1,1,6,2026-02-07,Economy,2026-01-30
07:00,09:15,0,YYZ,YVR,438,AC,1,,0,1,1,6,2026-02-07,Economy,2026-01-30
08:00,10:00,0,YYZ,YVR,438,AC,1,,0,1,1,6,2026-02-07,Economy,2026-01-30
09:00,11:07,0,YYZ,YVR,438,AC,1,,0,1,1,6,2026-02-07,Economy,2026-01-30
22:15,00:38,1,YYZ,YVR,341,WS,1,,0,1,1,7,2026-02-08,Economy,2026-01-30
07:45,16:48,0,YYZ,YVR,341,WS(Encore),1,"YYC, YEG",2,1,1,7,2026-02-08,Economy,2026-01-30
16:40,18:57,0,YYZ,YVR,438,AC,1,,0,1,1,7,2026-02-08,Economy,2026-01-30
17:55,20:02,0,YYZ,YVR,438,AC,1,,0,1,1,7,2026-02-08,Economy,2026-01-30
07:00,09:15,0,YYZ,YVR,438,AC,1,,0,1,1,7,2026-02-08,Economy,2026-01-30
08:00,10:00,0,YYZ,YVR,438,AC,1,,0,1,1,7,2026-02-08,Economy,2026-01-30
09:00,11:07,0,YYZ,YVR,438,AC,1,,0,1,1,7,2026-02-08,Economy,2026-01-30
10:00,12:15,0,YYZ,YVR,438,AC,1,,0,1,1,7,2026-02-08,Economy,2026-01-30
18:45,20:52,0,YYZ,YVR,438,AC,1,,0,1,1,7,2026-02-08,Economy,2026-01-30
20:20,22:20,0,YYZ,YVR,438,AC,1,,0,1,1,7,2026-02-08,Economy,2026-01-30
18:45,21:07,0,YYZ,YVR,1065,"PD, TS",2,,0,1,2,1,2026-02-02,Economy(Premium),2026-01-30
20:20,22:20,0,YYZ,YVR,1446,AC,1,,0,1,2,1,2026-02-02,Economy(Premium),2026-01-30
22:00,09:58,1,YYZ,YVR,1497,AC,1,YOW,1,1,2,1,2026-02-02,Economy(Premium),2026-01-30
23:10,10:15,1,YYZ,YVR,1503,AC,1,YUL,1,1,2,1,2026-02-02,Economy(Premium),2026-01-30
18:45,20:52,0,YYZ,YVR,1710,AC,1,,0,1,2,1,2026-02-02,Economy(Premium),2026-01-30
22:15,00:38,1,YYZ,YVR,1729,WS,1,,0,1,2,1,2026-02-02,Economy(Premium),2026-01-30
22:50,07:13,1,YYZ,YVR,1816,WS,1,YWG,1,1,0,1,2026-02-02,Economy(Premium),2026-01-30
18:45,09:58,1,YTZ,YVR,1886,AC(Jazz),1,YOW,1,1,1,1,2026-02-02,Economy(Premium),2026-01-30
09:10,11:30,0,YYZ,YVR,1065,"PD, TS",2,,0,1,2,2,2026-02-03,Economy(Premium),2026-01-30
12:50,15:10,0,YYZ,YVR,1065,"PD, TS",2,,0,1,2,2,2026-02-03,Economy(Premium),2026-01-30
18:45,21:07,0,YYZ,YVR,1065,"PD, TS",2,,0,1,2,2,2026-02-03,Economy(Premium),2026-01-30
10:00,12:07,0,YYZ,YVR,1446,AC,1,,0,1,2,2,2026-02-03,Economy(Premium),2026-01-30
08:00,10:00,0,YYZ,YVR,1446,AC,1,,0,1,2,2,2026-02-03,Economy(Premium),2026-01-30
09:00,11:07,0,YYZ,YVR,1446,AC,1,,0,1,2,2,2026-02-03,Economy(Premium),2026-01-30
17:55,20:02,0,YYZ,YVR,1446,AC,1,,0,1,2,2,2026-02-03,Economy(Premium),2026-01-30
18:45,20:52,0,YYZ,YVR,1446,AC,1,,0,1,2,2,2026-02-03,Economy(Premium),2026-01-30
20:20,22:20,0,YYZ,YVR,1446,AC,1,,0,1,2,2,2026-02-03,Economy(Premium),2026-01-30
12:30,20:00,0,YTZ,YVR,1484,AC(Jazz),1,YOW,1,1,2,2,2026-02-03,Economy(Premium),2026-01-30
22:15,00:38,1,YYZ,YVR,1729,WS,1,,0,1,2,2,2026-02-03,Economy(Premium),2026-01-30
12:50,15:10,0,YYZ,YVR,1065,"PD, TS",2,,0,1,2,3,2026-02-04,Economy(Premium),2026-01-30
18:45,21:07,0,YYZ,YVR,1065,"PD, TS",2,,0,1,2,3,2026-02-04,Economy(Premium),2026-01-30
17:30,22:31,0,YTZ,YVR,1438,AC(Jazz),1,YUL,1,1,2,3,2026-02-04,Economy(Premium),2026-01-30
09:00,11:07,0,YYZ,YVR,1446,AC,1,,0,1,2,3,2026-02-04,Economy(Premium),2026-01-30
08:00,10:00,0,YYZ,YVR,1446,AC,1,,0,1,2,3,2026-02-04,Economy(Premium),2026-01-30
18:45,20:52,0,YYZ,YVR,1446,AC,1,,0,1,2,3,2026-02-04,Economy(Premium),2026-01-30
19:20,21:27,0,YYZ,YVR,1446,AC,1,,0,1,2,3,2026-02-04,Economy(Premium),2026-01-30
20:20,22:20,0,YYZ,YVR,1446,AC,1,,0,1,2,3,2026-02-04,Economy(Premium),2026-01-30
22:15,00:38,1,YYZ,YVR,1729,WS,1,,0,1,2,3,2026-02-04,Economy(Premium),2026-01-30
07:15,09:42,0,YYZ,YVR,617,WS,1,,0,1,2,4,2026-02-05,Economy(Premium),2026-01-30
12:50,15:10,0,YYZ,YVR,619,"PD, TS",2,,0,1,2,4,2026-02-05,Economy(Premium),2026-01-30
20:15,22:37,0,YYZ,YVR,619,"PD, TS",2,,0,1,2,4,2026-02-05,Economy(Premium),2026-01-30
09:10,11:30,0,YYZ,YVR,751,"PD, TS",2,,0,1,2,4,2026-02-05,Economy(Premium),2026-01-30
08:00,10:00,0,YYZ,YVR,1446,AC,1,,0,1,2,4,2026-02-05,Economy(Premium),2026-01-30
20:30,10:15,1,YTZ,YVR,1491,AC(Jazz),1,YUL,1,1,2,4,2026-02-05,Economy(Premium),2026-01-30
09:00,11:07,0,YYZ,YVR,1710,AC,1,,0,1,2,4,2026-02-05,Economy(Premium),2026-01-30
14:15,20:00,0,YYZ,YVR,1710,AC,1,YOW,1,1,2,4,2026-02-05,Economy(Premium),2026-01-30
17:55,20:02,0,YYZ,YVR,1710,AC,1,,0,1,2,4,2026-02-05,Economy(Premium),2026-01-30
22:15,00:38,1,YYZ,YVR,617,WS,1,,0,1,2,5,2026-02-06,Economy(Premium),2026-01-30
17:00,22:38,0,YYZ,YVR,617,WS,1,"YYC, YEG",2,1,2,5,2026-02-06,Economy(Premium),2026-01-30
09:10,11:30,0,YYZ,YVR,619,"PD, TS",2,,0,1,2,5,2026-02-06,Economy(Premium),2026-01-30
18:45,21:07,0,YYZ,YVR,619,"PD, TS",2,,0,1,2,5,2026-02-06,Economy(Premium),2026-01-30
12:50,15:10,0,YYZ,YVR,751,"PD, TS",2,,0,1,2,5,2026-02-06,Economy(Premium),2026-01-30
18:40,20:47,0,YYZ,YVR,1446,AC,1,,0,1,2,5,2026-02-06,Economy(Premium),2026-01-30
20:20,22:20,0,YYZ,YVR,1446,AC,1,,0,1,2,5,2026-02-06,Economy(Premium),2026-01-30
20:30,10:15,1,YTZ,YVR,1491,AC(Jazz),1,YUL,1,1,2,5,2026-02-06,Economy(Premium),2026-01-30
08:00,10:00,0,YYZ,YVR,1710,AC,1,,0,1,2,5,2026-02-06,Economy(Premium),2026-01-30
09:00,11:07,0,YYZ,YVR,1710,AC,1,,0,1,2,5,2026-02-06,Economy(Premium),2026-01-30
17:55,20:02,0,YYZ,YVR,1710,AC,1,,0,1,2,5,2026-02-06,Economy(Premium),2026-01-30
22:15,00:38,1,YYZ,YVR,617,WS,1,,0,1,2,6,2026-02-07,Economy(Premium),2026-01-30
09:10,11:30,0,YYZ,YVR,619,"PD, TS",2,,0,1,2,6,2026-02-07,Economy(Premium),2026-01-30
12:50,15:10,0,YYZ,YVR,619,"PD, TS",2,,0,1,2,6,2026-02-07,Economy(Premium),2026-01-30
19:25,21:47,0,YYZ,YVR,619,"PD, TS",2,,0,1,2,6,2026-02-07,Economy(Premium),2026-01-30
08:00,10:00,0,YYZ,YVR,1446,AC,1,,0,1,2,6,2026-02-07,Economy(Premium),2026-01-30
17:55,20:02,0,YYZ,YVR,1446,AC,1,,0,1,2,6,2026-02-07,Economy(Premium),2026-01-30
18:45,20:52,0,YYZ,YVR,1446,AC,1,,0,1,2,6,2026-02-07,Economy(Premium),2026-01-30
20:20,22:20,0,YYZ,YVR,1446,AC,1,,0,1,2,6,2026-02-07,Economy(Premium),2026-01-30
12:30,20:50,0,YTZ,YVR,1491,AC(Jazz),1,YUL,1,1,2,6,2026-02-07,Economy(Premium),2026-01-30
09:00,11:07,0,YYZ,YVR,1710,AC,1,,0,1,2,6,2026-02-07,Economy(Premium),2026-01-30
12:30,14:53,0,YYZ,YVR,1729,WS,1,,0,1,2,6,2026-02-07,Economy(Premium),2026-01-30
18:45,21:08,0,YYZ,YVR,1729,WS,1,,0,1,2,6,2026-02-07,Economy(Premium),2026-01-30
22:15,00:38,1,YYZ,YVR,617,WS,1,,0,1,2,7,2026-02-08,Economy(Premium),2026-01-30
09:10,11:30,0,YYZ,YVR,751,"PD, TS",2,,0,1,2,7,2026-02-08,Economy(Premium),2026-01-30
20:15,22:37,0,YYZ,YVR,751,"PD, TS",2,,0,1,2,7,2026-02-08,Economy(Premium),2026-01-30
12:50,15:10,0,YYZ,YVR,780,"PD, TS",2,,0,1,2,7,2026-02-08,Economy(Premium),2026-01-30
17:55,20:02,0,YYZ,YVR,1446,AC,1,,0,1,2,7,2026-02-08,Economy(Premium),2026-01-30
08:00,10:00,0,YYZ,YVR,1446,AC,1,,0,1,2,7,2026-02-08,Economy(Premium),2026-01-30
18:45,20:52,0,YYZ,YVR,1446,AC,1,,0,1,2,7,2026-02-08,Economy(Premium),2026-01-30
20:20,22:20,0,YYZ,YVR,1446,AC,1,,0,1,2,7,2026-02-08,Economy(Premium),2026-01-30
12:30,20:50,0,YTZ,YVR,1491,AC(Jazz),1,YUL,1,1,2,7,2026-02-08,Economy(Premium),2026-01-30
09:00,11:07,0,YYZ,YVR,1710,AC,1,,0,1,2,7,2026-02-08,Economy(Premium),2026-01-30
07:15,09:42,0,YYZ,YVR,1729,WS,1,,0,1,2,7,2026-02-08,Economy(Premium),2026-01-30
